brand,model_year,milage,fuel_type,transmission,accident,clean_title,price,horsepower,engine_capacity,layout,model,engine
Ford,2013,"51,000 mi.",E85 Flex Fuel,6-Speed A/T,At least 1 accident or damage reported,Yes,"$10,300",300.0,3.7,V6,Utility Police Interceptor Base,300.0HP 3.7L V6 Cylinder Engine Flex Fuel Capability
Hyundai,2021,"34,742 mi.",Gasoline,8-Speed Automatic,At least 1 accident or damage reported,Yes,"$38,005",290.0,3.8,V6,Palisade SEL,3.8L V6 24V GDI DOHC
Lexus,2022,"22,372 mi.",Gasoline,Automatic,None reported,No,"$54,598",301.0,3.5,V6,RX 350 RX 350,3.5 Liter DOHC
INFINITI,2015,"88,900 mi.",Hybrid,7-Speed A/T,None reported,Yes,"$15,500",354.0,3.5,V6,Q50 Hybrid Sport,354.0HP 3.5L V6 Cylinder Engine Gas/Electric Hybrid
Audi,2021,"9,835 mi.",Gasoline,8-Speed Automatic,None reported,No,"$34,999",333.0,2.0,I4,Q3 45 S line Premium Plus,2.0L I4 16V GDI DOHC Turbo
Acura,2016,"136,397 mi.",Gasoline,F,None reported,No,"$14,798",279.5,2.4,V6,ILX 2.4L,2.4 Liter
Audi,2017,"84,000 mi.",Gasoline,6-Speed A/T,None reported,Yes,"$31,000",292.0,2.0,4 CYLINDER,S3 2.0T Premium Plus,292.0HP 2.0L 4 Cylinder Engine Gasoline Fuel
BMW,2001,"242,000 mi.",Gasoline,A/T,None reported,Yes,"$7,300",282.0,4.4,8 CYLINDER,740 iL,282.0HP 4.4L 8 Cylinder Engine Gasoline Fuel
Lexus,2021,"23,436 mi.",Gasoline,6-Speed A/T,None reported,Yes,"$41,927",311.0,3.5,V6,RC 350 F Sport,311.0HP 3.5L V6 Cylinder Engine Gasoline Fuel
Tesla,2020,"34,000 mi.",electric,A/T,None reported,Yes,"$69,950",534.0,3.5,V6,Model X Long Range Plus,534.0HP Electric Motor Electric Fuel System
Land,2021,"27,608 mi.",Gasoline,Automatic,None reported,No,"$73,897",380.0,3.5,V6,Rover Range Rover Sport 3.0 Supercharged HST,V6
Aston,2019,"22,770 mi.",Gasoline,8-Speed A/T,None reported,Yes,"$184,606",715.0,5.2,12 CYLINDER,Martin DBS Superleggera,715.0HP 5.2L 12 Cylinder Engine Gasoline Fuel
Toyota,2021,"12,500 mi.",Gasoline,A/T,None reported,Yes,"$53,500",382.0,3.0,6 CYLINDER,Supra 3.0 Premium,382.0HP 3.0L Straight 6 Cylinder Engine Gasoline Fuel
Lincoln,2022,"18,196 mi.",Gasoline,Transmission w/Dual Shift Mode,None reported,Yes,"$62,000",400.0,3.0,V6,Aviator Reserve AWD,400.0HP 3.0L V6 Cylinder Engine Gasoline Fuel
Jaguar,2020,"15,903 mi.",Gasoline,Automatic,None reported,No,"$47,998",340.0,2.0,V6,F-TYPE,2.0 Liter Supercharged
Land,2013,"79,800 mi.",Gasoline,A/T,None reported,Yes,"$29,990",375.0,5.0,8 CYLINDER,Rover LR4 HSE,375.0HP 5.0L 8 Cylinder Engine Gasoline Fuel
Mercedes-Benz,2021,"1,685 mi.",Gasoline,9-Speed Automatic,None reported,Yes,"$250,000",362.0,2.0,I4,Metris Base,2.0L I4 16V GDI DOHC Turbo
Dodge,2013,"61,074 mi.",Gasoline,A/T,None reported,Yes,"$16,800",305.0,3.6,V6,Challenger SXT,305.0HP 3.6L V6 Cylinder Engine Gasoline Fuel
Nissan,2003,"74,000 mi.",Gasoline,6-Speed M/T,None reported,Yes,"$11,000",287.0,3.5,V6,350Z Enthusiast,287.0HP 3.5L V6 Cylinder Engine Gasoline Fuel
Jaguar,2018,"35,250 mi.",Gasoline,8-Speed A/T,None reported,Yes,"$68,750",550.0,5.0,8 CYLINDER,F-TYPE R,550.0HP 5.0L 8 Cylinder Engine Gasoline Fuel
Genesis,2023,"5,400 mi.",Gasoline,8-Speed A/T,None reported,No,"$60,000",375.0,3.5,V6,GV70 3.5T Sport,375.0HP 3.5L V6 Cylinder Engine Gasoline Fuel
Chevrolet,2000,"133,510 mi.",E85 Flex Fuel,A/T,None reported,Yes,"$4,500",120.0,2.2,4 CYLINDER,S-10 LS,120.0HP 2.2L 4 Cylinder Engine Flex Fuel Capability
BMW,2020,"25,990 mi.",Gasoline,Automatic,None reported,No,"$38,598",335.0,3.0,V6,440 Gran Coupe 440i xDrive,3.0 Liter Turbo
Ford,2023,"2,823 mi.",Gasoline,Automatic,None reported,Yes,"$58,504",350.0,3.5,V6,F-150 XLT,3.5L V6 24V PDI DOHC Twin Turbo
Chevrolet,2021,"52,000 mi.",Gasoline,10-Speed A/T,None reported,Yes,"$61,000",355.0,5.3,8 CYLINDER,Suburban RST,355.0HP 5.3L 8 Cylinder Engine Gasoline Fuel
Hyundai,2022,"11,650 mi.",Gasoline,Transmission w/Dual Shift Mode,None reported,Yes,"$32,300",276.0,2.0,4 CYLINDER,Elantra N Base,276.0HP 2.0L 4 Cylinder Engine Gasoline Fuel
Nissan,2016,"96,541 mi.",Gasoline,Automatic,None reported,No,"$13,998",284.0,1.8,V6,Sentra SR,1.8 Liter
Mercedes-Benz,2021,"17,500 mi.",Gasoline,A/T,None reported,Yes,"$59,995",382.0,2.0,4 CYLINDER,AMG CLA 45 Base 4MATIC,382.0HP 2.0L 4 Cylinder Engine Gasoline Fuel
BMW,2015,"69,000 mi.",Gasoline,8-Speed A/T,None reported,Yes,"$25,700",445.0,4.4,8 CYLINDER,650 Gran Coupe i xDrive,445.0HP 4.4L 8 Cylinder Engine Gasoline Fuel
Audi,2017,"81,880 mi.",E85 Flex Fuel,8-Speed Automatic,None reported,Yes,"$21,375",333.0,2.0,I4,Q5 2.0T Premium Plus,2.0L I4 16V GDI DOHC Turbo Flexible Fuel
Mercedes-Benz,2018,"28,800 mi.",Gasoline,9-Speed A/T,None reported,Yes,"$48,000",362.0,3.0,V6,AMG C 43 Base 4MATIC,362.0HP 3.0L V6 Cylinder Engine Gasoline Fuel
Dodge,2006,"300,183 mi.",Gasoline,A/T,At least 1 accident or damage reported,Yes,"$10,900",395.0,5.7,8 CYLINDER,Ram 1500 Laramie Mega Cab,345.0HP 5.7L 8 Cylinder Engine Gasoline Fuel
Kia,2011,"171,000 mi.",Gasoline,A/T,None reported,Yes,"$5,999",276.0,3.5,V6,i3 120Ah w/Range Extender,120 AH
Lexus,2016,"118,700 mi.",Gasoline,8-Speed A/T,None reported,Yes,"$46,900",383.0,5.7,8 CYLINDER,Sorento SX,276.0HP 3.5L V6 Cylinder Engine Gasoline Fuel
Jeep,2017,"119,000 mi.",Gasoline,A/T,None reported,Yes,"$15,900",180.0,2.4,4 CYLINDER,LX 570 Base,383.0HP 5.7L 8 Cylinder Engine Gasoline Fuel
BMW,2018,"44,261 mi.",Gasoline,Automatic,None reported,No,"$33,598",335.0,3.0,V6,New Compass Trailhawk,180.0HP 2.4L 4 Cylinder Engine Gasoline Fuel
Audi,2012,"125,575 mi.",Gasoline,8-Speed A/T,None reported,Yes,"$8,999",211.0,2.0,4 CYLINDER,340 i,3.0 Liter Turbo
Hyundai,2007,"16,200 mi.",Gasoline,A/T,None reported,Yes,"$8,200",173.0,2.7,V6,A4 2.0T Premium Plus quattro,211.0HP 2.0L 4 Cylinder Engine Gasoline Fuel
BMW,2014,"70,000 mi.",Gasoline,A/T,At least 1 accident or damage reported,Yes,"$20,000",240.0,2.0,4 CYLINDER,Tucson SE,173.0HP 2.7L V6 Cylinder Engine Gasoline Fuel
Bentley,2011,"20,200 mi.",E85 Flex Fuel,6-Speed A/T,None reported,Yes,"$79,950",552.0,6.0,12 CYLINDER,Z4 sDrive28i,240.0HP 2.0L 4 Cylinder Engine Gasoline Fuel
Honda,2023,"2,978 mi.",Gasoline,Automatic,None reported,No,"$45,498",205.0,3.5,V6,Continental GTC Base,552.0HP 6.0L 12 Cylinder Engine Flex Fuel Capability
Dodge,2007,"189,719 mi.",Diesel,5-Speed A/T,At least 1 accident or damage reported,Yes,"$14,000",357.5,3.0,V6,Passport Elite,3.5 Liter SOHC
BMW,2019,"9,949 mi.",Gasoline,Automatic,None reported,No,"$75,798",335.0,4.4,V6,Sprinter 2500,3.0L V6 Cylinder Engine Diesel Fuel
Lucid,2022,"3,552 mi.",electric,1-Speed A/T,None reported,Yes,"$119,999",536.0,3.5,V6,M850 i xDrive,4.4 Liter DOHC Twin Turbo
Audi,2012,"54,000 mi.",Gasoline,8-Speed A/T,At least 1 accident or damage reported,Yes,"$36,880",310.0,3.0,V6,Air Grand Touring,536.0HP Electric Motor Electric Fuel System
Chevrolet,2021,"51,351 mi.",Gasoline,Automatic,None reported,Yes,"$43,147",355.0,5.3,V8,A7 Premium,310.0HP 3.0L V6 Cylinder Engine Gasoline Fuel
MINI,2017,"24,280 mi.",Gasoline,6-Speed A/T,At least 1 accident or damage reported,Yes,"$29,000",228.0,2.0,4 CYLINDER,Silverado 1500 Custom Trail Boss,5.3L V8 16V GDI OHV
Toyota,2016,"89,148 mi.",Gasoline,A/T,None reported,Yes,"$17,500",268.0,3.5,V6,Convertible John Cooper Works,228.0HP 2.0L 4 Cylinder Engine Gasoline Fuel
Porsche,2017,"73,043 mi.",Gasoline,8-Speed A/T,None reported,Yes,"$30,990",300.0,3.6,V6,Avalon Touring,268.0HP 3.5L V6 Cylinder Engine Gasoline Fuel
Mercedes-Benz,2017,"60,000 mi.",Gasoline,Transmission w/Dual Shift Mode,At least 1 accident or damage reported,Yes,"$52,500",503.0,4.0,8 CYLINDER,Cayenne Platinum Edition,300.0HP 3.6L V6 Cylinder Engine Gasoline Fuel
Honda,2016,"73,549 mi.",Gasoline,Automatic CVT,At least 1 accident or damage reported,No,"$20,848",205.0,2.4,I4,AMG C 63 S,503.0HP 4.0L 8 Cylinder Engine Gasoline Fuel
Hummer,2005,"110,900 mi.",Gasoline,A/T,None reported,Yes,"$19,500",325.0,6.0,8 CYLINDER,CR-V EX-L,2.4L I4 16V GDI DOHC
Porsche,2013,"39,000 mi.",Gasoline,7-Speed A/T,None reported,Yes,"$73,000",400.0,3.8,6 CYLINDER,H2 Base,325.0HP 6.0L 8 Cylinder Engine Gasoline Fuel
Mercedes-Benz,2016,"120,000 mi.",Gasoline,Transmission w/Dual Shift Mode,None reported,Yes,"$19,800",208.0,2.0,4 CYLINDER,911 Carrera S,400.0HP 3.8L Flat 6 Cylinder Engine Gasoline Fuel
Chrysler,2009,"134,602 mi.",Gasoline,Transmission w/Dual Shift Mode,None reported,Yes,"$7,500",250.0,3.5,V6,CLA-Class CLA 250,208.0HP 2.0L 4 Cylinder Engine Gasoline Fuel
Nissan,2023,"1,094 mi.",Gasoline,Automatic CVT,None reported,No,"$30,999",284.0,1.5,I3,300 Touring,250.0HP 3.5L V6 Cylinder Engine Gasoline Fuel
Audi,2010,"83,500 mi.",Gasoline,Transmission w/Dual Shift Mode,None reported,Yes,"$6,500",200.0,2.0,4 CYLINDER,Rogue SV,1.5L I3 12V GDI DOHC Turbo
Ford,2014,"37,060 mi.",Gasoline,6-Speed M/T,None reported,Yes,"$28,500",420.0,5.0,8 CYLINDER,A3 2.0T,200.0HP 2.0L 4 Cylinder Engine Gasoline Fuel
Acura,2010,"97,700 mi.",Gasoline,Transmission w/Dual Shift Mode,None reported,Yes,"$10,995",300.0,3.7,V6,Mustang GT Premium,420.0HP 5.0L 8 Cylinder Engine Gasoline Fuel
Volvo,2018,"40,000 mi.",Plug-In Hybrid,Transmission w/Dual Shift Mode,None reported,Yes,"$42,000",400.0,2.0,4 CYLINDER,RL Technology,300.0HP 3.7L V6 Cylinder Engine Gasoline Fuel
Audi,2018,"8,940 mi.",Gasoline,7-Speed Automatic with Auto-Shift,None reported,No,"$144,900",333.0,5.2,V6,XC90 Hybrid T8 R-Design,400.0HP 2.0L 4 Cylinder Engine Plug-In Electric/Gas
Mercedes-Benz,2014,"186,000 mi.",Gasoline,A/T,At least 1 accident or damage reported,Yes,"$10,000",302.0,3.5,V6,R8 5.2 V10,5.2L V10 40V PDI DOHC
Toyota,2021,"13,180 mi.",Gasoline,CVT-F,None reported,No,"$23,998",270.0,2.0,V6,GLK-Class GLK 350,302.0HP 3.5L V6 Cylinder Engine Gasoline Fuel
Lexus,2014,"104,000 mi.",Gasoline,8-Speed A/T,None reported,Yes,"$21,000",306.0,3.5,V6,C-HR LE,2.0 Liter
BMW,2023,"8,500 mi.",Hybrid,Transmission w/Dual Shift Mode,None reported,Yes,"$67,900",382.0,3.0,6 CYLINDER,IS 350 Base,306.0HP 3.5L V6 Cylinder Engine Gasoline Fuel
BMW,2019,"19,069 mi.",Gasoline,Automatic,None reported,No,"$69,998",335.0,3.0,V6,X4 M40i,382.0HP 3.0L Straight 6 Cylinder Engine Gasoline/Mild Electric Hybrid
Cadillac,2023,"6,090 mi.",Gasoline,A/T,None reported,Yes,"$46,900",237.0,2.0,4 CYLINDER,M4 CS,3.0 Liter DOHC Turbo
Lucid,2022,"4,900 mi.",electric,1-Speed A/T,None reported,Yes,"$99,000",536.0,3.5,V6,CT5 Premium Luxury,237.0HP 2.0L 4 Cylinder Engine Gasoline Fuel
Audi,2019,"47,523 mi.",Gasoline,Transmission w/Dual Shift Mode,None reported,Yes,"$31,000",248.0,2.0,4 CYLINDER,Air Grand Touring,536.0HP Electric Motor Electric Fuel System
Chrysler,2006,"43,000 mi.",Gasoline,5-Speed A/T,At least 1 accident or damage reported,Yes,"$19,995",425.0,6.1,8 CYLINDER,A5 2.0T Premium Plus,248.0HP 2.0L 4 Cylinder Engine Gasoline Fuel
Bentley,2017,"14,684 mi.",Gasoline,8-Speed A/T,None reported,Yes,"$130,000",582.0,6.0,12 CYLINDER,300C SRT8,425.0HP 6.1L 8 Cylinder Engine Gasoline Fuel
BMW,2019,"57,800 mi.",Gasoline,Transmission w/Dual Shift Mode,None reported,Yes,"$55,999",425.0,3.0,6 CYLINDER,Continental GT W12,582.0HP 6.0L 12 Cylinder Engine Gasoline Fuel
Toyota,2023,952 mi.,Gasoline,6-Speed M/T,None reported,Yes,"$49,950",300.0,1.6,3 CYLINDER,M4 Base,425.0HP 3.0L Straight 6 Cylinder Engine Gasoline Fuel
Audi,2019,"21,240 mi.",Gasoline,8-Speed A/T,At least 1 accident or damage reported,Yes,"$59,950",444.0,2.9,V6,GR Corolla Circuit Edition,300.0HP 1.6L 3 Cylinder Engine Gasoline Fuel
Porsche,2019,"59,338 mi.",Gasoline,Transmission w/Dual Shift Mode,None reported,Yes,"$42,499",335.0,3.0,V6,RS 5 2.9T,444.0HP 2.9L V6 Cylinder Engine Gasoline Fuel
Lamborghini,2023,255 mi.,Gasoline,Automatic,None reported,No,"$359,991",630.0,5.2,V10,Cayenne Base,335.0HP 3.0L V6 Cylinder Engine Gasoline Fuel
Maserati,2019,"23,230 mi.",Gasoline,8-Speed A/T,None reported,Yes,"$44,999",424.0,3.0,V6,Huracan Tecnica Coupe,"5.2L V-10 gasoline direct injection, DOHC, variable valve contro"
Jaguar,2017,"48,000 mi.",Gasoline,A/T,At least 1 accident or damage reported,Yes,"$30,000",340.0,3.0,V6,Quattroporte S,424.0HP 3.0L V6 Cylinder Engine Gasoline Fuel
Lexus,2005,"41,059 mi.",Gasoline,5-Speed A/T,None reported,Yes,"$11,100",225.0,3.3,V6,XF 35t R-Sport,340.0HP 3.0L V6 Cylinder Engine Gasoline Fuel
Land,2020,"21,240 mi.",Gasoline,Automatic,None reported,No,"$37,998",380.0,2.0,V6,ES 330 Base,225.0HP 3.3L V6 Cylinder Engine Gasoline Fuel
Porsche,2015,"11,500 mi.",Gasoline,7-Speed A/T,None reported,Yes,"$72,000",340.0,3.4,6 CYLINDER,Rover Discovery Sport SE R-Dynamic,2.0 Liter
Genesis,2021,"9,950 mi.",Gasoline,8-Speed A/T,None reported,Yes,"$53,950",365.0,3.3,V6,Cayman GTS,340.0HP 3.4L Flat 6 Cylinder Engine Gasoline Fuel
Volkswagen,2023,633 mi.,Gasoline,6-Speed M/T,None reported,Yes,"$47,999",315.0,2.0,4 CYLINDER,G90 3.3T Premium,365.0HP 3.3L V6 Cylinder Engine Gasoline Fuel
Hyundai,2015,"66,000 mi.",Hybrid,A/T,At least 1 accident or damage reported,Yes,"$15,900",395.0,2.4,4 CYLINDER,Golf R 20th Anniversary Edition,315.0HP 2.0L 4 Cylinder Engine Gasoline Fuel
Audi,2014,"59,715 mi.",Gasoline,A/T,At least 1 accident or damage reported,Yes,"$45,000",560.0,4.0,8 CYLINDER,Sonata Hybrid Limited,199.0HP 2.4L 4 Cylinder Engine Gas/Electric Hybrid
BMW,2012,"85,252 mi.",Gasoline,6-Speed A/T,None reported,Yes,"$18,500",326.0,3.0,6 CYLINDER,RS 7 4.0T Prestige,560.0HP 4.0L 8 Cylinder Engine Gasoline Fuel
Mercedes-Benz,2020,"17,900 mi.",Hybrid,9-Speed A/T,At least 1 accident or damage reported,Yes,"$80,000",362.0,3.0,6 CYLINDER,740 Li,326.0HP 3.0L Straight 6 Cylinder Engine Gasoline Fuel
BMW,2016,"25,500 mi.",Gasoline,7-Speed A/T,None reported,Yes,"$55,000",560.0,4.4,8 CYLINDER,GLS 450 Base 4MATIC,362.0HP 3.0L Straight 6 Cylinder Engine Gasoline/Mild Electric Hybrid
Subaru,2004,"210,703 mi.",Gasoline,M/T,None reported,No,"$2,300",165.0,2.5,4 CYLINDER,M6 Base,560.0HP 4.4L 8 Cylinder Engine Gasoline Fuel
Hyundai,2023,"3,800 mi.",Gasoline,6-Speed M/T,None reported,Yes,"$34,000",276.0,2.0,4 CYLINDER,Forester 2.5 X,165.0HP 2.5L 4 Cylinder Engine Gasoline Fuel
Kia,2022,"36,602 mi.",Hybrid,6-Speed Automatic with Auto-Shift,None reported,Yes,"$31,995",244.0,1.6,I4,Elantra N Base,276.0HP 2.0L 4 Cylinder Engine Gasoline Fuel
Rivian,2023,"2,800 mi.",electric,1-Speed A/T,None reported,Yes,"$92,000",835.0,3.5,V6,Niro Plug-In Hybrid EX Premium,1.6L I4 16V GDI DOHC Hybrid
Aston,2021,"2,165 mi.",Gasoline,8-Speed Automatic,None reported,Yes,"$279,950",420.0,5.2,V6,R1S Adventure Package,835.0HP Electric Motor Electric Fuel System
Mercedes-Benz,2018,"33,000 mi.",Gasoline,9-Speed A/T,At least 1 accident or damage reported,Yes,"$29,900",241.0,2.0,4 CYLINDER,Martin DBS Superleggera,5.2L V12 48V GDI DOHC Twin Turbo
BMW,2016,"76,009 mi.",Gasoline,8-Speed A/T,None reported,Yes,"$24,950",300.0,3.0,6 CYLINDER,SLC 300 Base,241.0HP 2.0L 4 Cylinder Engine Gasoline Fuel
Jeep,2020,"31,349 mi.",Gasoline,8-Speed Automatic,None reported,No,"$39,366",285.0,5.7,V8,435 Gran Coupe i,300.0HP 3.0L Straight 6 Cylinder Engine Gasoline Fuel
Lexus,2015,"48,000 mi.",Gasoline,Transmission w/Dual Shift Mode,None reported,Yes,"$32,900",306.0,3.5,V6,Grand Cherokee Summit,5.7L V8 16V MPFI OHV
BMW,2005,"91,420 mi.",Gasoline,6-Speed A/T,None reported,Yes,"$8,900",215.0,2.5,6 CYLINDER,RC 350 Base,306.0HP 3.5L V6 Cylinder Engine Gasoline Fuel
Toyota,2003,"124,756 mi.",Gasoline,M/T,At least 1 accident or damage reported,Yes,"$4,995",130.0,1.8,4 CYLINDER,525 i,215.0HP 2.5L Straight 6 Cylinder Engine Gasoline Fuel
Cadillac,2023,"2,415 mi.",Gasoline,10-Speed Automatic,None reported,No,"$104,900",400.0,6.2,V8,Corolla LE,130.0HP 1.8L 4 Cylinder Engine Gasoline Fuel
GMC,2012,"116,226 mi.",Gasoline,6-Speed A/T,None reported,Yes,"$7,900",288.0,3.6,V6,CT5-V Blackwing,6.2L V8 16V GDI OHV Supercharged
Lexus,2020,"37,869 mi.",Gasoline,10-Speed Automatic,None reported,No,"$75,950",301.0,5.0,V8,Acadia SLT-1,288.0HP 3.6L V6 Cylinder Engine Gasoline Fuel
BMW,2019,"41,500 mi.",Plug-In Hybrid,Transmission w/Dual Shift Mode,None reported,Yes,"$86,000",369.0,1.5,3 CYLINDER,LC 500 Base,5.0L V8 32V PDI DOHC
Lexus,2013,"87,001 mi.",Hybrid,CVT Transmission,None reported,Yes,"$17,995",200.0,2.5,4 CYLINDER,i8 Base,369.0HP 1.5L 3 Cylinder Engine Plug-In Electric/Gas
Cadillac,2022,"4,451 mi.",Gasoline,Automatic,At least 1 accident or damage reported,Yes,"$55,655",400.0,3.0,V6,ES 300h Base,200.0HP 2.5L 4 Cylinder Engine Gas/Electric Hybrid
BMW,2020,"27,158 mi.",Gasoline,Automatic,None reported,No,"$39,998",335.0,2.0,V6,CT5-V V-Series,3.0L V6 24V GDI DOHC Twin Turbo
Chevrolet,2014,"139,804 mi.",Gasoline,A/T,At least 1 accident or damage reported,Yes,"$14,500",195.0,4.3,V6,540 i xDrive,2.0 Liter Turbo
Jeep,2022,"27,300 mi.",Gasoline,A/T,None reported,Yes,"$47,500",285.0,3.6,V6,Express 1500 Work Van,195.0HP 4.3L V6 Cylinder Engine Gasoline Fuel
BMW,2014,"36,812 mi.",Gasoline,Transmission w/Dual Shift Mode,None reported,Yes,"$27,000",240.0,2.0,4 CYLINDER,Gladiator Rubicon,285.0HP 3.6L V6 Cylinder Engine Gasoline Fuel
Land,2016,"144,000 mi.",Gasoline,8-Speed A/T,At least 1 accident or damage reported,Yes,"$18,000",340.0,3.0,V6,Z4 sDrive28i,240.0HP 2.0L 4 Cylinder Engine Gasoline Fuel
Cadillac,2019,"44,500 mi.",Gasoline,9-Speed A/T,None reported,Yes,"$28,900",237.0,2.0,4 CYLINDER,Rover LR4 HSE LUX Landmark Edition,340.0HP 3.0L V6 Cylinder Engine Gasoline Fuel
BMW,2021,"10,917 mi.",Gasoline,Automatic,None reported,No,"$73,998",335.0,4.4,V6,XT4 Sport,237.0HP 2.0L 4 Cylinder Engine Gasoline Fuel
Bentley,2005,"8,332 mi.",Gasoline,4-Speed A/T,None reported,Yes,"$47,350",400.0,6.75,8 CYLINDER,750 750i xDrive,4.4 Liter Twin Turbo
Lincoln,2020,"51,247 mi.",Gasoline,Automatic,None reported,No,"$47,698",304.0,3.0,V6,Arnage R,400.0HP 6.75L 8 Cylinder Engine Gasoline Fuel
Mercedes-Benz,2016,"69,000 mi.",Gasoline,Transmission w/Dual Shift Mode,None reported,Yes,"$36,500",550.0,5.5,8 CYLINDER,Aviator Reserve AWD,3.0 Liter GTDI
RAM,2021,"147,834 mi.",Gasoline,6-Speed Automatic,None reported,Yes,"$32,662",305.0,3.6,V6,AMG GL AMG GL 63 4MATIC,550.0HP 5.5L 8 Cylinder Engine Gasoline Fuel
Ford,2013,"105,000 mi.",E85 Flex Fuel,A/T,At least 1 accident or damage reported,Yes,"$6,600",300.0,3.7,V6,ProMaster 3500 High Roof,3.6L V6 24V MPFI DOHC
Audi,2011,"92,203 mi.",Gasoline,Transmission w/Dual Shift Mode,None reported,Yes,"$9,995",211.0,2.0,4 CYLINDER,Utility Police Interceptor Base,300.0HP 3.7L V6 Cylinder Engine Flex Fuel Capability
Nissan,2010,"15,600 mi.",Gasoline,Transmission w/Dual Shift Mode,None reported,Yes,"$69,500",485.0,3.8,V6,A5 2.0T Premium,211.0HP 2.0L 4 Cylinder Engine Gasoline Fuel
Land,2018,"104,700 mi.",Gasoline,Automatic,At least 1 accident or damage reported,No,"$30,775",380.0,3.5,V6,GT-R Premium,485.0HP 3.8L V6 Cylinder Engine Gasoline Fuel
Toyota,2010,"72,348 mi.",Gasoline,A/T,At least 1 accident or damage reported,Yes,"$9,995",132.0,1.8,4 CYLINDER,Rover Range Rover Sport 3.0L Supercharged HSE,V6
Rivian,2023,"2,500 mi.",electric,A/T,None reported,Yes,"$94,000",835.0,3.5,V6,Corolla LE,132.0HP 1.8L 4 Cylinder Engine Gasoline Fuel
Mercedes-Benz,2022,"13,177 mi.",Gasoline,Automatic,None reported,No,"$44,798",362.0,2.0,V6,R1S Adventure Package,835.0HP Electric Motor Electric Fuel System
Porsche,2016,"96,000 mi.",Plug-In Hybrid,Transmission w/Dual Shift Mode,At least 1 accident or damage reported,Yes,"$23,000",416.0,3.0,V6,C-Class C300 4MATIC,2.0 Liter Turbo
Chevrolet,2011,"93,009 mi.",E85 Flex Fuel,4-Speed Automatic,None reported,Yes,"$22,495",355.0,5.3,V8,Cayenne E-Hybrid S,416.0HP 3.0L V6 Cylinder Engine Plug-In Electric/Gas
INFINITI,2016,"52,750 mi.",Hybrid,7-Speed A/T,At least 1 accident or damage reported,Yes,"$28,998",360.0,3.5,V6,Express 1500 Work Van,5.3L V8 16V MPFI OHV Flexible Fuel
Audi,2020,"25,361 mi.",Hybrid,Automatic,None reported,No,"$49,998",333.0,3.0,V6,Q70h Base,360.0HP 3.5L V6 Cylinder Engine Gas/Electric Hybrid
Audi,2015,"98,527 mi.",Gasoline,8-Speed A/T,None reported,No,"$9,995",280.0,3.0,V6,A7 Premium Plus,3.0 Liter Turbo
Lucid,2023,"1,300 mi.",electric,A/T,None reported,No,"$86,900",620.0,3.5,V6,Q7 3.0T Premium Plus,280.0HP 3.0L V6 Cylinder Engine Gasoline Fuel
Audi,2012,"72,922 mi.",Gasoline,6-Speed A/T,None reported,No,"$25,999",265.0,2.0,4 CYLINDER,Air Pure,620.0HP Electric Motor Electric Fuel System
BMW,2015,"41,000 mi.",Gasoline,8-Speed A/T,None reported,Yes,"$30,000",445.0,4.4,8 CYLINDER,Pacifica Touring,–
Subaru,2021,"42,125 mi.",Gasoline,Automatic CVT,None reported,Yes,"$27,899",265.0,2.5,V6,TTS 2.0T Premium Plus,265.0HP 2.0L 4 Cylinder Engine Gasoline Fuel
Mercedes-Benz,2016,"62,000 mi.",Gasoline,Transmission w/Dual Shift Mode,None reported,Yes,"$40,000",469.0,4.0,8 CYLINDER,650 Gran Coupe i xDrive,445.0HP 4.4L 8 Cylinder Engine Gasoline Fuel
Land,2006,"153,843 mi.",Gasoline,6-Speed A/T,At least 1 accident or damage reported,Yes,"$9,950",300.0,4.4,8 CYLINDER,Forester Premium,2.5L H4 16V GDI DOHC
BMW,2019,"35,248 mi.",Gasoline,Automatic,None reported,No,"$53,998",335.0,3.0,V6,AMG C AMG C 63,469.0HP 4.0L 8 Cylinder Engine Gasoline Fuel
Ford,2015,"194,454 mi.",Gasoline,6-Speed A/T,None reported,Yes,"$9,888",169.0,2.5,4 CYLINDER,Rover LR3 HSE,300.0HP 4.4L 8 Cylinder Engine Gasoline Fuel
Lexus,2021,"21,000 mi.",Gasoline,Transmission w/Dual Shift Mode,None reported,Yes,"$89,999",383.0,5.7,8 CYLINDER,X7 xDrive40i,3.0 Liter Twin Turbo
Porsche,2013,"18,494 mi.",Gasoline,7-Speed M/T,None reported,No,"$86,900",400.0,3.8,6 CYLINDER,Transit Connect XLT,169.0HP 2.5L 4 Cylinder Engine Gasoline Fuel
Dodge,2006,"218,000 mi.",Gasoline,4-Speed A/T,None reported,Yes,"$12,990",395.0,5.7,8 CYLINDER,LX 570 Three-Row,383.0HP 5.7L 8 Cylinder Engine Gasoline Fuel
Nissan,2021,"67,800 mi.",Gasoline,7-Speed A/T,At least 1 accident or damage reported,Yes,"$36,500",400.0,5.6,8 CYLINDER,911 Carrera S,400.0HP 3.8L Flat 6 Cylinder Engine Gasoline Fuel
Porsche,2014,"79,000 mi.",Gasoline,Transmission w/Dual Shift Mode,At least 1 accident or damage reported,Yes,"$42,999",275.0,2.7,6 CYLINDER,Ram 2500 Laramie Quad Cab,330.0HP 5.7L 8 Cylinder Engine Gasoline Fuel
Mercedes-Benz,2022,"24,906 mi.",Hybrid,Automatic,None reported,No,"$63,998",362.0,3.0,V6,Armada SL,400.0HP 5.6L 8 Cylinder Engine Gasoline Fuel
Chevrolet,2006,"66,840 mi.",Gasoline,A/T,At least 1 accident or damage reported,Yes,"$12,000",303.0,5.3,8 CYLINDER,Cayman Base,275.0HP 2.7L Flat 6 Cylinder Engine Gasoline Fuel
BMW,2013,"86,000 mi.",Gasoline,Transmission w/Dual Shift Mode,None reported,Yes,"$32,000",560.0,4.4,8 CYLINDER,GLE 450 GLE 450,3.0 Liter Turbo
Hyundai,2023,654 mi.,Gasoline,8-Speed Automatic with Auto-Shift,None reported,Yes,"$34,599",290.0,2.0,I4,Monte Carlo SS,303.0HP 5.3L 8 Cylinder Engine Gasoline Fuel
Chevrolet,2005,"75,000 mi.",Gasoline,A/T,None reported,Yes,"$12,500",240.0,3.8,V6,M5 Base,560.0HP 4.4L 8 Cylinder Engine Gasoline Fuel
Land,2015,"84,000 mi.",Gasoline,9-Speed A/T,At least 1 accident or damage reported,Yes,"$22,800",240.0,2.0,4 CYLINDER,Kona N Base,2.0L I4 16V GDI DOHC Turbo
Audi,2017,"52,500 mi.",Gasoline,Transmission w/Dual Shift Mode,None reported,Yes,"$39,999",450.0,4.0,8 CYLINDER,Monte Carlo SS,240.0HP 3.8L V6 Cylinder Engine Gasoline Fuel
GMC,2011,"120,000 mi.",Gasoline,6-Speed A/T,None reported,Yes,"$7,500",288.0,3.6,V6,Rover Range Rover Evoque Pure,240.0HP 2.0L 4 Cylinder Engine Gasoline Fuel
Alfa,2020,"18,665 mi.",Gasoline,8-Speed Automatic,None reported,Yes,"$35,645",240.0,2.0,I4,S7 4.0T Premium Plus,450.0HP 4.0L 8 Cylinder Engine Gasoline Fuel
Ferrari,2016,"19,987 mi.",Gasoline,7-Speed A/T,None reported,Yes,"$149,900",651.0,6.3,12 CYLINDER,Acadia SLT-1,288.0HP 3.6L V6 Cylinder Engine Gasoline Fuel
Kia,2017,"36,486 mi.",Gasoline,8-Speed A/T,At least 1 accident or damage reported,Yes,"$23,950",420.0,5.0,8 CYLINDER,Romeo Stelvio Ti Sport,2.0L I4 16V GDI SOHC Turbo
Ford,2013,"162,100 mi.",E85 Flex Fuel,4-Speed A/T,None reported,Yes,"$12,500",255.0,5.4,8 CYLINDER,FF Base,651.0HP 6.3L 12 Cylinder Engine Gasoline Fuel
Tesla,2022,"13,079 mi.",electric,A/T,None reported,Yes,"$47,000",455.0,3.5,V6,K900 5.0L,420.0HP 5.0L 8 Cylinder Engine Gasoline Fuel
Toyota,2022,"28,377 mi.",Gasoline,5-Speed Automatic,None reported,No,"$36,999",270.0,4.0,V6,E150 XLT,255.0HP 5.4L 8 Cylinder Engine Flex Fuel Capability
Subaru,2020,"32,744 mi.",Gasoline,CVT Transmission,None reported,Yes,"$24,000",182.0,2.5,4 CYLINDER,Model 3 Performance,455.0HP Electric Motor Electric Fuel System
Porsche,2012,"54,000 mi.",Gasoline,A/T,At least 1 accident or damage reported,Yes,"$26,000",300.0,3.6,V6,4Runner SR5,4.0L V6 24V MPFI DOHC
Toyota,2008,"202,055 mi.",Gasoline,A/T,At least 1 accident or damage reported,Yes,"$8,500",236.0,4.0,V6,Forester Base,182.0HP 2.5L 4 Cylinder Engine Gasoline Fuel
RAM,2019,"65,000 mi.",Diesel,6-Speed A/T,None reported,Yes,"$65,000",395.0,6.7,6 CYLINDER,Panamera 2,300.0HP 3.6L V6 Cylinder Engine Gasoline Fuel
Kia,2022,"9,686 mi.",Gasoline,6-Speed Automatic,None reported,Yes,"$30,990",181.0,2.4,I4,Tacoma PreRunner,236.0HP 4.0L V6 Cylinder Engine Gasoline Fuel
Cadillac,2010,"49,620 mi.",Gasoline,A/T,None reported,Yes,"$10,499",275.0,4.6,8 CYLINDER,2500 Laramie,370.0HP 6.7L Straight 6 Cylinder Engine Diesel Fuel
Toyota,1997,"213,000 mi.",Gasoline,4-Speed A/T,None reported,Yes,"$26,500",212.0,4.5,6 CYLINDER,Sportage Nightfall,2.4L I4 16V GDI DOHC
Nissan,2020,"16,010 mi.",Gasoline,A/T,None reported,Yes,"$114,000",565.0,3.8,V6,DTS Base,275.0HP 4.6L 8 Cylinder Engine Gasoline Fuel
Lexus,2023,820 mi.,Gasoline,8-SPEED AT,None reported,No,"$51,998",301.0,2.4,V6,Land Cruiser Base,212.0HP 4.5L Straight 6 Cylinder Engine Gasoline Fuel
Audi,2021,"68,000 mi.",Gasoline,8-Speed A/T,None reported,Yes,"$36,499",248.0,2.0,4 CYLINDER,GT-R Premium,565.0HP 3.8L V6 Cylinder Engine Gasoline Fuel
Lexus,1999,"82,000 mi.",Gasoline,A/T,None reported,Yes,"$25,000",230.0,4.7,8 CYLINDER,NX 350 F SPORT Handling,2.4 Liter
GMC,2022,"27,352 mi.",Gasoline,9-Speed Automatic,None reported,No,"$27,785",355.0,1.5,I4,Q7 45 Premium Plus,248.0HP 2.0L 4 Cylinder Engine Gasoline Fuel
Ford,2012,"129,000 mi.",Gasoline,A/T,At least 1 accident or damage reported,Yes,"$7,000",395.0,2.5,4 CYLINDER,LX 470 Base,230.0HP 4.7L 8 Cylinder Engine Gasoline Fuel
Lexus,2014,"106,731 mi.",Gasoline,8-Speed A/T,At least 1 accident or damage reported,Yes,"$30,000",360.0,4.6,8 CYLINDER,Terrain SLE,1.5L I4 16V GDI DOHC Turbo
Ford,2019,"34,672 mi.",Gasoline,10-Speed A/T,None reported,Yes,"$45,500",400.0,3.5,V6,Escape Limited,171.0HP 2.5L 4 Cylinder Engine Gasoline Fuel
Chevrolet,2010,"55,900 mi.",Gasoline,Transmission w/Dual Shift Mode,None reported,Yes,"$8,950",252.0,3.6,V6,LS 460 L,360.0HP 4.6L 8 Cylinder Engine Gasoline Fuel
Audi,2023,"3,158 mi.",Gasoline,1-Speed Automatic,None reported,No,"$128,900",333.0,4.0,V8,Expedition Platinum,400.0HP 3.5L V6 Cylinder Engine Gasoline Fuel
Audi,2015,"82,000 mi.",Gasoline,8-Speed A/T,None reported,Yes,"$17,000",220.0,2.0,4 CYLINDER,Malibu LTZ,252.0HP 3.6L V6 Cylinder Engine Gasoline Fuel
Genesis,2023,"4,785 mi.",Gasoline,Automatic,None reported,Yes,"$42,850",365.0,2.0,I4,RS 7 4.0T quattro,4.0L V8 32V GDI DOHC Twin Turbo
Chevrolet,2021,"20,497 mi.",Gasoline,9-Speed Automatic,None reported,No,"$22,999",355.0,1.3,I3,A5 2.0T Premium Plus,220.0HP 2.0L 4 Cylinder Engine Gasoline Fuel
Scion,2013,"177,600 mi.",Gasoline,6-Speed A/T,At least 1 accident or damage reported,Yes,"$7,100",180.0,2.5,4 CYLINDER,G70 2.0T,2.0L I4 16V GDI DOHC Turbo
Lincoln,2014,"78,568 mi.",Hybrid,A/T,None reported,Yes,"$15,500",188.0,2.0,4 CYLINDER,Trailblazer LS,1.3L I3 12V GDI DOHC Turbo
Ford,2018,"95,000 mi.",E85 Flex Fuel,A/T,None reported,Yes,"$43,000",275.0,3.7,V6,tC Base,180.0HP 2.5L 4 Cylinder Engine Gasoline Fuel
Porsche,2018,"4,529 mi.",Gasoline,7-Speed Automatic with Auto-Shift,None reported,Yes,"$417,500",365.0,3.8,V6,MKZ Hybrid Base,188.0HP 2.0L 4 Cylinder Engine Gas/Electric Hybrid
Ford,2021,"25,240 mi.",Gasoline,10-Speed Automatic,At least 1 accident or damage reported,No,"$39,951",350.0,2.3,I4,Transit-350 XL,275.0HP 3.7L V6 Cylinder Engine Flex Fuel Capability
Volvo,2011,"88,300 mi.",Gasoline,A/T,At least 1 accident or damage reported,Yes,"$11,500",235.0,3.2,6 CYLINDER,911 GT2 RS,3.8L H6 24V GDI DOHC Twin Turbo
Chevrolet,2013,"98,000 mi.",E85 Flex Fuel,6-Speed A/T,At least 1 accident or damage reported,Yes,"$27,499",320.0,5.3,8 CYLINDER,Explorer Timberline,2.3L I4 16V GDI DOHC Turbo
Audi,2018,"20,675 mi.",Gasoline,Transmission w/Dual Shift Mode,None reported,Yes,"$76,000",400.0,2.5,5 CYLINDER,XC90 3.2,235.0HP 3.2L Straight 6 Cylinder Engine Gasoline Fuel
Lincoln,2008,"95,000 mi.",Gasoline,A/T,None reported,Yes,"$10,900",300.0,5.4,8 CYLINDER,Avalanche LTZ,320.0HP 5.3L 8 Cylinder Engine Flex Fuel Capability
Hyundai,2010,"107,000 mi.",Gasoline,4-Speed A/T,At least 1 accident or damage reported,Yes,"$6,250",138.0,2.0,4 CYLINDER,TT RS 2.5T,400.0HP 2.5L 5 Cylinder Engine Gasoline Fuel
Audi,2016,"60,000 mi.",Gasoline,Transmission w/Dual Shift Mode,At least 1 accident or damage reported,Yes,"$24,700",354.0,3.0,V6,Navigator L,300.0HP 5.4L 8 Cylinder Engine Gasoline Fuel
Mitsubishi,2012,"33,000 mi.",Gasoline,5-Speed M/T,None reported,Yes,"$34,999",291.0,2.0,4 CYLINDER,Elantra GLS,138.0HP 2.0L 4 Cylinder Engine Gasoline Fuel
Tesla,2023,500 mi.,electric,1-Speed A/T,None reported,Yes,"$60,000",455.0,3.5,V6,SQ5 3.0T Premium Plus,354.0HP 3.0L V6 Cylinder Engine Gasoline Fuel
Mercedes-Benz,2016,"108,500 mi.",Gasoline,7-Speed A/T,None reported,Yes,"$63,500",523.0,6.0,12 CYLINDER,Lancer Evolution GSR,291.0HP 2.0L 4 Cylinder Engine Gasoline Fuel
Nissan,2017,"37,800 mi.",Gasoline,Transmission w/Dual Shift Mode,None reported,Yes,"$149,500",565.0,3.8,V6,Model Y Performance,455.0HP Electric Motor Electric Fuel System
Mercedes-Benz,2018,"74,422 mi.",Gasoline,Automatic,None reported,No,"$44,798",362.0,4.7,V6,Maybach S S 600,523.0HP 6.0L 12 Cylinder Engine Gasoline Fuel
Chevrolet,2019,"55,621 mi.",Gasoline,9-Speed Automatic,None reported,No,"$34,562",355.0,3.6,V6,GT-R Premium,565.0HP 3.8L V6 Cylinder Engine Gasoline Fuel
Mazda,2021,"46,707 mi.",Gasoline,6-Speed Automatic,At least 1 accident or damage reported,Yes,"$32,541",253.0,2.5,I4,GLS 550 Base 4MATIC,4.7 Liter Twin Turbo
Ford,2022,"26,500 mi.",Gasoline,A/T,None reported,Yes,"$65,900",395.0,3.5,V6,Blazer Premier,3.6L V6 24V GDI DOHC
Nissan,2020,"10,001 mi.",Gasoline,9-Speed Automatic,None reported,Yes,"$47,214",284.0,5.6,V8,CX-9 Grand Touring,2.5L I4 16V GDI DOHC Turbo
Lexus,2019,"19,050 mi.",Gasoline,8-Speed A/T,None reported,Yes,"$76,900",383.0,5.7,8 CYLINDER,Expedition Max Limited,440.0HP 3.5L V6 Cylinder Engine Gasoline Fuel
Chevrolet,2020,"52,000 mi.",Gasoline,A/T,None reported,Yes,"$35,800",310.0,3.6,V6,Titan XD SV,5.6L V8 32V GDI DOHC
Mercedes-Benz,2014,"65,000 mi.",Diesel,7-Speed A/T,At least 1 accident or damage reported,Yes,"$54,999",188.0,3.0,V6,LX 570 Three-Row,383.0HP 5.7L 8 Cylinder Engine Gasoline Fuel
BMW,2004,"140,000 mi.",Gasoline,Transmission w/Dual Shift Mode,None reported,Yes,"$6,730",225.0,3.0,6 CYLINDER,Traverse Premier,310.0HP 3.6L V6 Cylinder Engine Gasoline Fuel
Ford,2018,"75,600 mi.",Gasoline,A/T,At least 1 accident or damage reported,Yes,"$14,950",181.0,1.5,4 CYLINDER,Sprinter High Roof,188.0HP 3.0L V6 Cylinder Engine Diesel Fuel
Lincoln,2015,"117,292 mi.",Gasoline,A/T,None reported,Yes,"$12,000",240.0,2.0,4 CYLINDER,X5 3.0i,225.0HP 3.0L Straight 6 Cylinder Engine Gasoline Fuel
Ford,2005,"1,897 mi.",Gasoline,Manual,None reported,No,"$429,998",350.0,5.4,V6,Fusion SE,181.0HP 1.5L 4 Cylinder Engine Gasoline Fuel
Genesis,2017,"26,000 mi.",Gasoline,Transmission w/Dual Shift Mode,None reported,Yes,"$33,600",420.0,5.0,8 CYLINDER,MKZ Base,240.0HP 2.0L 4 Cylinder Engine Gasoline Fuel
Lexus,2022,"2,071 mi.",Gasoline,Automatic,None reported,No,"$99,950",301.0,5.0,V8,GT,5.4 Liter SC DOHC
Ford,2014,"15,629 mi.",Gasoline,6-Speed Manual,None reported,No,"$61,900",350.0,5.8,V8,G90 5.0 Ultimate,420.0HP 5.0L 8 Cylinder Engine Gasoline Fuel
Saturn,2008,"15,020 mi.",Gasoline,A/T,None reported,Yes,"$18,500",173.0,2.4,4 CYLINDER,LC 500 Base,5.0L V8 32V PDI DOHC
Audi,2022,"11,322 mi.",Gasoline,8-Speed Automatic,None reported,No,"$119,900",333.0,4.0,V8,Shelby GT500 Base,5.8L V8 32V MPFI DOHC Supercharged
Toyota,2016,"50,361 mi.",Gasoline,Automatic,None reported,No,"$65,998",270.0,5.7,V6,Sky Base,173.0HP 2.4L 4 Cylinder Engine Gasoline Fuel
Mercedes-Benz,2013,"115,000 mi.",Gasoline,Transmission w/Dual Shift Mode,At least 1 accident or damage reported,Yes,"$36,000",429.0,4.6,8 CYLINDER,RS Q8 4.0T quattro,4.0L V8 32V GDI DOHC Twin Turbo
Porsche,2005,"28,500 mi.",Gasoline,6-Speed M/T,None reported,Yes,"$63,500",355.0,3.8,6 CYLINDER,Land Cruiser,5.7 Liter
Mercedes-Benz,2018,"51,700 mi.",Gasoline,Transmission w/Dual Shift Mode,None reported,Yes,"$32,000",375.0,2.0,4 CYLINDER,SL-Class SL 550,429.0HP 4.6L 8 Cylinder Engine Gasoline Fuel
Ford,2008,"148,949 mi.",Gasoline,A/T,None reported,Yes,"$3,900",395.0,3.5,V6,911 Carrera C2S,355.0HP 3.8L Flat 6 Cylinder Engine Gasoline Fuel
BMW,2018,"39,300 mi.",Gasoline,8-Speed A/T,At least 1 accident or damage reported,Yes,"$31,750",320.0,3.0,6 CYLINDER,AMG GLA 45 Base 4MATIC,375.0HP 2.0L 4 Cylinder Engine Gasoline Fuel
Honda,2008,"82,323 mi.",Gasoline,6-Speed M/T,None reported,Yes,"$28,500",237.0,2.2,4 CYLINDER,Taurus X Limited,263.0HP 3.5L V6 Cylinder Engine Gasoline Fuel
Acura,2023,"3,574 mi.",Gasoline,Variable,None reported,No,"$34,998",279.5,1.5,V6,440 Gran Coupe i,320.0HP 3.0L Straight 6 Cylinder Engine Gasoline Fuel
Ford,2001,"109,357 mi.",Gasoline,A/T,None reported,Yes,"$12,749",395.0,6.8,10 CYLINDER,S2000 CR,237.0HP 2.2L 4 Cylinder Engine Gasoline Fuel
Mercedes-Benz,2004,"46,000 mi.",Gasoline,A/T,None reported,Yes,"$18,853",302.0,5.0,8 CYLINDER,Integra w/A-Spec Tech Package,1.5 Liter Turbo
Mercedes-Benz,2007,"123,112 mi.",Gasoline,A/T,At least 1 accident or damage reported,Yes,"$104,999",382.0,5.5,8 CYLINDER,Excursion Limited,310.0HP 6.8L 10 Cylinder Engine Gasoline Fuel
INFINITI,2007,"37,100 mi.",Gasoline,6-Speed M/T,None reported,Yes,"$16,900",306.0,3.5,V6,SL-Class SL500 Roadster,302.0HP 5.0L 8 Cylinder Engine Gasoline Fuel
Volkswagen,2016,"89,000 mi.",Gasoline,6-Speed M/T,None reported,Yes,"$14,500",210.0,2.0,4 CYLINDER,CLS-Class CLS 550,382.0HP 5.5L 8 Cylinder Engine Gasoline Fuel
Dodge,2022,"1,240 mi.",Gasoline,8-Speed Automatic,None reported,No,"$53,900",357.5,6.4,V8,G35 Sport,306.0HP 3.5L V6 Cylinder Engine Gasoline Fuel
Lincoln,2019,"67,073 mi.",Gasoline,10-Speed A/T,At least 1 accident or damage reported,Yes,"$47,999",450.0,3.5,V6,Golf GTI 2.0T S 4-Door,210.0HP 2.0L 4 Cylinder Engine Gasoline Fuel
Maserati,2015,"28,700 mi.",Gasoline,8-Speed A/T,None reported,No,"$24,900",404.0,3.0,V6,Challenger R/T Scat Pack,6.4L V8 16V MPFI OHV
Tesla,2023,"8,200 mi.",electric,A/T,None reported,Yes,"$93,999",670.0,3.5,V6,Navigator L Reserve,450.0HP 3.5L V6 Cylinder Engine Gasoline Fuel
Mercedes-Benz,2018,"41,000 mi.",Gasoline,Transmission w/Dual Shift Mode,None reported,Yes,"$108,900",563.0,5.5,8 CYLINDER,Ghibli S Q4,404.0HP 3.0L V6 Cylinder Engine Gasoline Fuel
Ford,2018,"98,995 mi.",Gasoline,Automatic,None reported,No,"$34,998",395.0,3.5,V6,Model X Base,670.0HP Electric Motor Electric Fuel System
Volkswagen,2012,"123,815 mi.",Gasoline,6-Speed A/T,None reported,Yes,"$5,000",283.0,3.6,V6,AMG G 63 Base,563.0HP 5.5L 8 Cylinder Engine Gasoline Fuel
Bugatti,2011,"6,330 mi.",Gasoline,7-Speed Automatic with Auto-Shift,None reported,Yes,"$1,950,995",1100.0,8.0,W16,Expedition Limited,3.5 Liter GTDI
Toyota,2020,"61,341 mi.",Gasoline,8-Speed Automatic,At least 1 accident or damage reported,No,"$34,084",270.0,3.5,V6,Routan SE,283.0HP 3.6L V6 Cylinder Engine Gasoline Fuel
Honda,2016,"96,473 mi.",Gasoline,Automatic CVT,None reported,No,"$15,599",205.0,2.0,I4,Veyron 16.4 Grand Sport,8.0L W16 64V GDI DOHC Twin Turbo
Jeep,2017,"66,107 mi.",Gasoline,5-Speed Automatic,None reported,No,"$31,331",285.0,3.6,V6,Highlander XLE,3.5L V6 24V PDI DOHC
Land,2008,"114,287 mi.",Gasoline,6-Speed A/T,None reported,Yes,"$9,900",400.0,4.2,8 CYLINDER,Civic LX,2.0L I4 16V MPFI DOHC
Acura,2015,"75,000 mi.",Gasoline,5-Speed A/T,None reported,Yes,"$14,500",150.0,2.0,4 CYLINDER,Wrangler Unlimited Sahara,3.6L V6 24V MPFI DOHC
BMW,2016,"45,800 mi.",Gasoline,7-Speed A/T,None reported,No,"$36,800",560.0,4.4,8 CYLINDER,Rover Range Rover Supercharged,400.0HP 4.2L 8 Cylinder Engine Gasoline Fuel
BMW,2016,"70,582 mi.",Gasoline,8-Speed A/T,At least 1 accident or damage reported,Yes,"$35,000",300.0,3.0,6 CYLINDER,ILX 2.0L w/Premium Package,150.0HP 2.0L 4 Cylinder Engine Gasoline Fuel
Porsche,2014,"33,088 mi.",Gasoline,7-Speed A/T,None reported,Yes,"$49,750",325.0,3.4,6 CYLINDER,M6 Base,560.0HP 4.4L 8 Cylinder Engine Gasoline Fuel
Lincoln,2021,"1,850 mi.",Plug-In Hybrid,CVT Transmission,None reported,Yes,"$49,000",266.0,2.5,4 CYLINDER,2 Launch Edition,Electric
Cadillac,2008,"94,155 mi.",Gasoline,4-Speed A/T,None reported,Yes,"$10,500",275.0,4.6,8 CYLINDER,X6 sDrive35i,300.0HP 3.0L Straight 6 Cylinder Engine Gasoline Fuel
Cadillac,2016,"25,000 mi.",Gasoline,8-Speed A/T,None reported,Yes,"$17,999",335.0,3.6,V6,Cayman S,325.0HP 3.4L Flat 6 Cylinder Engine Gasoline Fuel
GMC,2016,"99,500 mi.",Gasoline,8-Speed A/T,None reported,Yes,"$27,995",355.0,5.3,8 CYLINDER,Corsair Grand Touring,266.0HP 2.5L 4 Cylinder Engine Plug-In Electric/Gas
INFINITI,2009,"158,564 mi.",Gasoline,A/T,None reported,Yes,"$8,750",328.0,3.7,V6,DTS Luxury II,275.0HP 4.6L 8 Cylinder Engine Gasoline Fuel
Ford,2023,"20,000 mi.",Gasoline,10-Speed A/T,None reported,Yes,"$78,499",310.0,3.5,V6,ATS 3.6L Luxury,335.0HP 3.6L V6 Cylinder Engine Gasoline Fuel
Cadillac,2018,"46,711 mi.",Gasoline,6-Speed A/T,At least 1 accident or damage reported,Yes,"$20,850",304.0,3.6,V6,Sierra 1500 SLT,355.0HP 5.3L 8 Cylinder Engine Gasoline Fuel
Nissan,2017,"46,496 mi.",Gasoline,A/T,None reported,Yes,"$41,000",375.0,5.6,8 CYLINDER,G37 x,328.0HP 3.7L V6 Cylinder Engine Gasoline Fuel
Mercedes-Benz,2019,"19,800 mi.",Gasoline,9-Speed A/T,None reported,Yes,"$53,800",362.0,3.0,V6,Transit-350 XLT,310.0HP 3.5L V6 Cylinder Engine Gasoline Fuel
Toyota,2008,"175,000 mi.",Gasoline,6-Speed A/T,At least 1 accident or damage reported,Yes,"$37,900",381.0,5.7,8 CYLINDER,XTS Luxury,304.0HP 3.6L V6 Cylinder Engine Gasoline Fuel
Toyota,2016,"61,500 mi.",Gasoline,8-Speed A/T,None reported,Yes,"$63,500",381.0,5.7,8 CYLINDER,NV Passenger NV3500 HD SL V8,375.0HP 5.6L 8 Cylinder Engine Gasoline Fuel
RAM,2016,"49,750 mi.",Gasoline,6-Speed A/T,None reported,Yes,"$65,000",280.0,3.6,V6,GLS 450 Base 4MATIC,362.0HP 3.0L V6 Cylinder Engine Gasoline Fuel
Lamborghini,2007,"38,800 mi.",Gasoline,Transmission w/Dual Shift Mode,None reported,Yes,"$100,000",493.0,5.0,10 CYLINDER,Land Cruiser Base,381.0HP 5.7L 8 Cylinder Engine Gasoline Fuel
Lincoln,2011,"83,765 mi.",Gasoline,A/T,None reported,Yes,"$8,995",263.0,3.5,V6,Land Cruiser Base,381.0HP 5.7L 8 Cylinder Engine Gasoline Fuel
Mercedes-Benz,2023,"7,388 mi.",electric,1-Speed A/T,None reported,Yes,"$105,500",355.0,3.5,V6,ProMaster 2500 Window Van High Roof,280.0HP 3.6L V6 Cylinder Engine Gasoline Fuel
Lamborghini,2023,278 mi.,Gasoline,Automatic,None reported,No,"$359,991",630.0,5.2,V10,Gallardo Base,493.0HP 5.0L 10 Cylinder Engine Gasoline Fuel
Alfa,2022,"1,966 mi.",Gasoline,8-Speed Automatic,None reported,No,"$75,900",240.0,2.9,V6,MKZ Base,263.0HP 3.5L V6 Cylinder Engine Gasoline Fuel
Chevrolet,2021,"50,648 mi.",Gasoline,Automatic CVT,None reported,No,"$23,995",355.0,1.2,I3,EQS 450 4MATIC,355.0HP Electric Motor Electric Fuel System
Lamborghini,2021,"13,692 mi.",Gasoline,8-Speed A/T,None reported,Yes,"$257,000",641.0,4.0,8 CYLINDER,Huracan Tecnica Coupe,"5.2L V-10 gasoline direct injection, DOHC, variable valve contro"
INFINITI,2013,"60,058 mi.",Gasoline,A/T,At least 1 accident or damage reported,Yes,"$15,000",328.0,3.7,V6,Romeo Giulia Quadrifoglio,2.9L V6 24V GDI DOHC Twin Turbo
Maserati,2017,"54,423 mi.",Gasoline,8-Speed A/T,None reported,Yes,"$33,950",424.0,3.0,V6,Trailblazer LT,1.2L I3 12V GDI DOHC Turbo
Toyota,2022,"24,001 mi.",Gasoline,8-Speed Automatic,None reported,No,"$47,498",395.0,3.5,V6,Land Cruiser Base,–
Nissan,2022,"14,735 mi.",Gasoline,Automatic,None reported,No,"$50,998",284.0,5.6,V6,Urus Base,641.0HP 4.0L 8 Cylinder Engine Gasoline Fuel
Audi,2023,"2,425 mi.",Hybrid,Automatic,None reported,No,"$42,998",333.0,2.0,V6,G37 x,328.0HP 3.7L V6 Cylinder Engine Gasoline Fuel
Ford,2022,"2,050 mi.",Gasoline,Transmission w/Dual Shift Mode,None reported,Yes,"$94,999",760.0,5.2,8 CYLINDER,Levante S,424.0HP 3.0L V6 Cylinder Engine Gasoline Fuel
Lincoln,2019,"64,855 mi.",Gasoline,10-Speed A/T,None reported,Yes,"$46,995",450.0,3.5,V6,Highlander Limited,3.5L V6 24V PDI DOHC
Mercedes-Benz,2022,"16,238 mi.",electric,1-Speed A/T,None reported,Yes,"$62,479",329.0,3.5,V6,Armada SL,5.6 Liter
RAM,2022,"18,051 mi.",Gasoline,Automatic,None reported,Yes,"$47,995",395.0,5.7,V8,Q5 Premium,2.0 Liter TFSI
Lincoln,2004,"36,524 mi.",Gasoline,4-Speed A/T,None reported,Yes,"$14,900",239.0,4.6,8 CYLINDER,Shelby GT500 Base,760.0HP 5.2L 8 Cylinder Engine Gasoline Fuel
Acura,2022,"14,896 mi.",Gasoline,2,None reported,No,"$39,998",279.5,2.0,V6,Navigator L Reserve,450.0HP 3.5L V6 Cylinder Engine Gasoline Fuel
Toyota,2022,"14,048 mi.",Hybrid,Automatic CVT,None reported,No,"$29,999",270.0,2.5,I4,EQS 450+ Base,329.0HP Electric Motor Electric Fuel System
Honda,2003,"224,000 mi.",Gasoline,M/T,None reported,Yes,"$3,900",160.0,2.4,4 CYLINDER,1500 Laramie,5.7L V8 16V MPFI OHV
Mercedes-Benz,2014,"80,581 mi.",Gasoline,Transmission w/Dual Shift Mode,None reported,Yes,"$26,000",402.0,4.7,8 CYLINDER,Town Car Base,239.0HP 4.6L 8 Cylinder Engine Gasoline Fuel
Mazda,2007,"81,400 mi.",Gasoline,6-Speed M/T,At least 1 accident or damage reported,Yes,"$11,000",166.0,2.0,4 CYLINDER,TLX w/A-Spec Package,2.0 Liter DOHC Turbo
Porsche,2019,"6,700 mi.",Gasoline,7-Speed A/T,None reported,Yes,"$63,000",300.0,2.0,4 CYLINDER,Camry Hybrid LE,2.5L I4 16V PDI DOHC Hybrid
Ford,2015,"143,000 mi.",Gasoline,6-Speed A/T,None reported,Yes,"$22,500",275.0,3.7,V6,CR-V EX,160.0HP 2.4L 4 Cylinder Engine Gasoline Fuel
Kia,2017,"87,842 mi.",Gasoline,6-Speed Automatic,None reported,Yes,"$18,688",181.0,2.0,I4,E-Class E 550,402.0HP 4.7L 8 Cylinder Engine Gasoline Fuel
INFINITI,2010,"116,451 mi.",Gasoline,6-Speed M/T,None reported,Yes,"$16,500",328.0,3.7,V6,MX-5 Miata Grand Touring,166.0HP 2.0L 4 Cylinder Engine Gasoline Fuel
Nissan,2019,"53,677 mi.",Gasoline,7-Speed A/T,None reported,Yes,"$27,900",390.0,5.6,8 CYLINDER,718 Boxster Base,300.0HP 2.0L 4 Cylinder Engine Gasoline Fuel
Audi,2021,"12,000 mi.",Hybrid,8-Speed A/T,None reported,Yes,"$77,500",444.0,2.9,V6,Transit-350 XLT,275.0HP 3.7L V6 Cylinder Engine Gasoline Fuel
Land,2019,"20,034 mi.",Gasoline,Automatic,None reported,No,"$43,998",380.0,3.0,V6,Sportage SX Turbo,2.0L I4 16V GDI DOHC Turbo
Ford,2020,"32,000 mi.",Diesel,A/T,None reported,Yes,"$68,000",210.0,2.0,4 CYLINDER,G37 S Sport,328.0HP 3.7L V6 Cylinder Engine Gasoline Fuel
INFINITI,2014,"70,312 mi.",Gasoline,7-Speed A/T,None reported,Yes,"$19,995",330.0,3.7,V6,Titan XD S,390.0HP 5.6L 8 Cylinder Engine Gasoline Fuel
Jeep,2022,"8,794 mi.",Gasoline,A/T,None reported,Yes,"$54,000",285.0,3.6,V6,S7 2.9T Prestige,444.0HP 2.9L V6 Cylinder Engine Gasoline/Mild Electric Hybrid
Lincoln,2010,"156,000 mi.",Gasoline,6-Speed A/T,At least 1 accident or damage reported,Yes,"$5,900",265.0,3.5,V6,Rover Discovery HSE,3.0 Liter
Porsche,2020,"25,568 mi.",Gasoline,7-Speed Manual,None reported,Yes,"$134,999",365.0,3.0,V6,Transit-350 XLT,210.0HP 2.0L 4 Cylinder Engine Diesel Fuel
Mercedes-Benz,2018,"67,100 mi.",Gasoline,Transmission w/Dual Shift Mode,At least 1 accident or damage reported,Yes,"$34,250",362.0,3.0,V6,Q70 3.7,330.0HP 3.7L V6 Cylinder Engine Gasoline Fuel
Porsche,2014,"52,000 mi.",Gasoline,Transmission w/Dual Shift Mode,At least 1 accident or damage reported,Yes,"$37,000",275.0,2.7,6 CYLINDER,Gladiator Rubicon,285.0HP 3.6L V6 Cylinder Engine Gasoline Fuel
Acura,2011,"137,200 mi.",Gasoline,Transmission w/Dual Shift Mode,None reported,Yes,"$12,000",300.0,3.7,V6,MKX Base,265.0HP 3.5L V6 Cylinder Engine Gasoline Fuel
Volkswagen,2018,"36,000 mi.",Gasoline,7-Speed A/T,At least 1 accident or damage reported,Yes,"$32,000",292.0,2.0,4 CYLINDER,911 Carrera 4S,3.0L H6 24V GDI DOHC Twin Turbo
Kia,2023,"15,500 mi.",Gasoline,CVT Transmission,At least 1 accident or damage reported,Yes,"$24,500",147.0,2.0,4 CYLINDER,AMG C 43 Base 4MATIC,362.0HP 3.0L V6 Cylinder Engine Gasoline Fuel
BMW,2020,"10,906 mi.",Gasoline,Automatic,None reported,No,"$96,998",335.0,4.4,V6,Cayman Base,275.0HP 2.7L Flat 6 Cylinder Engine Gasoline Fuel
Lincoln,2019,"49,814 mi.",Gasoline,6-Speed Automatic,None reported,No,"$26,545",304.0,2.0,I4,MDX 3.7L Advance,300.0HP 3.7L V6 Cylinder Engine Gasoline Fuel
BMW,2015,846 mi.,Plug-In Hybrid,A/T,None reported,Yes,"$86,999",357.0,1.5,3 CYLINDER,Golf R 4-Door w/DCC & Navigation,292.0HP 2.0L 4 Cylinder Engine Gasoline Fuel
Toyota,2021,"67,039 mi.",Gasoline,8-Speed Automatic,None reported,No,"$34,645",270.0,3.5,V6,Forte GT-Line,147.0HP 2.0L 4 Cylinder Engine Gasoline Fuel
Mazda,2023,"2,636 mi.",Gasoline,6-Speed Automatic,None reported,No,"$28,535",186.0,2.5,I4,M8 Competition,4.4 Liter Twin Turbo
Porsche,2018,"50,166 mi.",Gasoline,8-Speed Automatic,At least 1 accident or damage reported,Yes,"$43,550",365.0,3.6,V6,MKC Select,2.0L I4 16V GDI DOHC Turbo
Lincoln,2017,"37,375 mi.",Gasoline,6-Speed A/T,None reported,Yes,"$27,500",400.0,3.0,V6,i8 Base,357.0HP 1.5L 3 Cylinder Engine Plug-In Electric/Gas
Tesla,2021,"21,600 mi.",electric,A/T,None reported,Yes,"$31,000",271.0,3.5,V6,Highlander XLE,3.5L V6 24V PDI DOHC
Porsche,2019,"9,500 mi.",Gasoline,7-Speed A/T,At least 1 accident or damage reported,Yes,"$69,000",350.0,2.5,4 CYLINDER,CX-30 Premium Package,2.5L I4 16V
Chevrolet,2005,"143,095 mi.",Gasoline,4-Speed A/T,None reported,Yes,"$16,000",400.0,6.0,8 CYLINDER,Cayenne Platinum Edition,3.6L V6 24V GDI DOHC
Acura,2002,"80,000 mi.",Gasoline,6-Speed M/T,At least 1 accident or damage reported,Yes,"$8,500",200.0,2.0,4 CYLINDER,MKZ Reserve,400.0HP 3.0L V6 Cylinder Engine Gasoline Fuel
Ferrari,2021,"3,000 mi.",Gasoline,8-Speed A/T,None reported,Yes,"$275,000",611.0,3.9,8 CYLINDER,Model 3 Standard Range Plus,271.0HP Electric Motor Electric Fuel System
Porsche,2007,"5,856 mi.",Gasoline,6-Speed M/T,None reported,Yes,"$45,000",295.0,3.4,6 CYLINDER,718 Cayman S,350.0HP 2.5L 4 Cylinder Engine Gasoline Fuel
Rolls-Royce,2013,"2,958 mi.",Gasoline,8-Speed Automatic,None reported,Yes,"$488,880",453.0,6.8,V12,Corvette Base,400.0HP 6.0L 8 Cylinder Engine Gasoline Fuel
Audi,2022,"28,927 mi.",Gasoline,Automatic,None reported,No,"$74,900",333.0,4.0,V8,RSX Type S,200.0HP 2.0L 4 Cylinder Engine Gasoline Fuel
Mercedes-Benz,2022,"4,102 mi.",Hybrid,9-Speed A/T,None reported,Yes,"$144,664",603.0,4.0,8 CYLINDER,Roma Base,611.0HP 3.9L 8 Cylinder Engine Gasoline Fuel
Honda,2021,"14,442 mi.",Gasoline,9-Speed A/T,None reported,Yes,"$38,500",280.0,3.5,V6,Cayman S,295.0HP 3.4L Flat 6 Cylinder Engine Gasoline Fuel
Mercedes-Benz,2005,"64,000 mi.",Gasoline,7-Speed A/T,None reported,Yes,"$12,995",302.0,5.0,8 CYLINDER,Phantom Drophead Coupe Drophead,6.8L V12 48V GDI DOHC
Lexus,2004,"154,000 mi.",Gasoline,A/T,At least 1 accident or damage reported,Yes,"$10,000",235.0,4.7,8 CYLINDER,SQ7 4.0T,4.0L V8 32V GDI DOHC Twin Turbo
Lexus,2015,"54,000 mi.",Gasoline,6-Speed A/T,None reported,Yes,"$27,000",235.0,2.0,4 CYLINDER,AMG GLS 63 4MATIC,603.0HP 4.0L 8 Cylinder Engine Gasoline/Mild Electric Hybrid
Dodge,2007,"232,492 mi.",Gasoline,4-Speed A/T,At least 1 accident or damage reported,Yes,"$6,000",210.0,3.7,V6,Ridgeline RTL-E,280.0HP 3.5L V6 Cylinder Engine Gasoline Fuel
Maserati,2020,"25,721 mi.",Gasoline,8-Speed Automatic,None reported,Yes,"$52,645",405.0,3.0,V6,CLK-Class 500 Cabriolet,302.0HP 5.0L 8 Cylinder Engine Gasoline Fuel
Land,2020,"20,927 mi.",Gasoline,Automatic,None reported,No,"$35,998",380.0,2.0,V6,GX 470 Base,235.0HP 4.7L 8 Cylinder Engine Gasoline Fuel
Aston,2021,"2,353 mi.",Gasoline,9-Speed Automatic,None reported,Yes,"$159,500",420.0,4.0,V8,NX 200t Base,235.0HP 2.0L 4 Cylinder Engine Gasoline Fuel
Audi,2022,"9,325 mi.",Gasoline,8-Speed Automatic,None reported,No,"$33,610",333.0,2.0,I4,Dakota SLT Quad Cab,210.0HP 3.7L V6 Cylinder Engine Gasoline Fuel
Ford,2020,"61,001 mi.",Gasoline,10-Speed Automatic,At least 1 accident or damage reported,Yes,"$28,616",350.0,2.3,I4,Ghibli S Q4 GranSport,3.0L V6 24V GDI DOHC Twin Turbo
Mercedes-Benz,2018,"71,962 mi.",Gasoline,9-Speed A/T,None reported,Yes,"$46,900",469.0,4.0,8 CYLINDER,Rover Discovery Sport SE R-Dynamic,2.0 Liter
Subaru,2023,"5,800 mi.",Gasoline,6-Speed M/T,None reported,Yes,"$29,990",228.0,2.4,4 CYLINDER,Martin DBX Base,4.0L V8 32V GDI DOHC Twin Turbo
BMW,2016,"40,080 mi.",Gasoline,8-Speed A/T,None reported,Yes,"$28,499",315.0,3.0,6 CYLINDER,Q3 45 S line Premium,2.0L I4 16V GDI DOHC Turbo
Kia,2020,"57,000 mi.",Gasoline,A/T,At least 1 accident or damage reported,Yes,"$36,500",365.0,3.3,V6,Explorer XLT,2.3L I4 16V GDI DOHC Turbo
Subaru,2004,"122,000 mi.",Gasoline,5-Speed M/T,At least 1 accident or damage reported,Yes,"$9,999",210.0,2.5,4 CYLINDER,AMG GLC 63 Base 4MATIC,469.0HP 4.0L 8 Cylinder Engine Gasoline Fuel
Kia,2023,459 mi.,Gasoline,8-Speed Automatic,None reported,No,"$36,998",181.0,2.5,I4,BRZ Premium,228.0HP 2.4L 4 Cylinder Engine Gasoline Fuel
BMW,2016,"62,500 mi.",Gasoline,7-Speed A/T,At least 1 accident or damage reported,Yes,"$40,500",425.0,3.0,6 CYLINDER,640 i,315.0HP 3.0L Straight 6 Cylinder Engine Gasoline Fuel
Hyundai,2013,"72,000 mi.",Gasoline,8-Speed A/T,None reported,Yes,"$17,500",429.0,5.0,8 CYLINDER,Stinger GT2,365.0HP 3.3L V6 Cylinder Engine Gasoline Fuel
Mercedes-Benz,2020,"8,375 mi.",Gasoline,"Automatic, 9-Spd 9G-Tronic",None reported,No,"$69,900",362.0,3.0,V6,Bolt EUV Premier,Electric
BMW,2020,"40,000 mi.",Gasoline,Transmission w/Dual Shift Mode,None reported,Yes,"$53,000",523.0,4.4,8 CYLINDER,Forester 2.5 XT,210.0HP 2.5L 4 Cylinder Engine Gasoline Fuel
Subaru,2014,"77,000 mi.",Gasoline,6-Speed M/T,At least 1 accident or damage reported,Yes,"$30,000",305.0,2.5,4 CYLINDER,Sportage X-Pro,2.5L I4 16V PDI DOHC
Mercedes-Benz,2019,"19,593 mi.",Gasoline,Automatic,None reported,No,"$159,998",362.0,4.0,V6,M4 Base,425.0HP 3.0L Straight 6 Cylinder Engine Gasoline Fuel
Mazda,2020,"35,902 mi.",Gasoline,6-Speed Automatic,None reported,No,"$22,966",253.0,2.5,I4,Equus Signature,429.0HP 5.0L 8 Cylinder Engine Gasoline Fuel
Hyundai,2013,800 mi.,Gasoline,Transmission w/Dual Shift Mode,None reported,Yes,"$9,800",132.0,1.6,4 CYLINDER,AMG E 53 4MATIC,"AMG 3L I-6 gasoline direct injection, DOHC, variable valve contr"
Bentley,2023,"2,600 mi.",Gasoline,8-Speed Automatic,None reported,Yes,"$239,995",573.5,4.0,V8,M550 i xDrive,523.0HP 4.4L 8 Cylinder Engine Gasoline Fuel
Land,2023,"6,204 mi.",Hybrid,Automatic,None reported,No,"$79,998",380.0,3.0,V6,Impreza WRX STI,305.0HP 2.5L 4 Cylinder Engine Gasoline Fuel
Kia,2020,"69,185 mi.",Gasoline,8-Speed Automatic,None reported,No,"$37,405",291.0,3.8,V6,AMG G 63 Base,4.0 Liter Twin Turbo
Maserati,2015,"45,000 mi.",Gasoline,6-Speed A/T,None reported,Yes,"$41,900",454.0,4.7,8 CYLINDER,Mazda6 Grand Touring,2.5L I4 16V GDI DOHC Turbo
BMW,2020,"37,426 mi.",Gasoline,Automatic,None reported,No,"$39,998",335.0,2.0,V6,Veloster Base,132.0HP 1.6L 4 Cylinder Engine Gasoline Fuel
INFINITI,2011,"137,000 mi.",Gasoline,Transmission w/Dual Shift Mode,At least 1 accident or damage reported,Yes,"$8,500",420.0,5.6,8 CYLINDER,Bentayga S,4.0L V8 32V GDI DOHC Twin Turbo
Chevrolet,2023,"4,000 mi.",Gasoline,8-Speed A/T,At least 1 accident or damage reported,Yes,"$73,900",490.0,6.2,8 CYLINDER,Rover Defender X-Dynamic SE,3.0 Liter
Audi,2023,"4,648 mi.",Hybrid,Automatic,None reported,No,"$47,598",333.0,2.0,V6,Telluride SX,3.8L V6 24V GDI DOHC
Lexus,2018,"52,100 mi.",Gasoline,6-Speed A/T,None reported,Yes,"$38,000",301.0,4.6,8 CYLINDER,GranTurismo Sport,454.0HP 4.7L 8 Cylinder Engine Gasoline Fuel
BMW,2014,"50,100 mi.",Gasoline,A/T,None reported,Yes,"$10,795",240.0,2.0,4 CYLINDER,540 i xDrive,2.0 Liter Turbo
Alfa,2020,"41,000 mi.",Gasoline,8-Speed A/T,None reported,Yes,"$32,400",280.0,2.0,4 CYLINDER,M56 Base,420.0HP 5.6L 8 Cylinder Engine Gasoline Fuel
RAM,2021,"70,968 mi.",Gasoline,8-Speed A/T,None reported,Yes,"$34,000",350.0,5.7,8 CYLINDER,Mazda3 s Grand Touring,–
BMW,2015,"26,600 mi.",Gasoline,A/T,None reported,Yes,"$53,000",425.0,3.0,6 CYLINDER,Corvette Stingray w/1LT,490.0HP 6.2L 8 Cylinder Engine Gasoline Fuel
Tesla,2022,"15,443 mi.",electric,1-Speed A/T,None reported,Yes,"$84,500",670.0,3.5,V6,Q5 S line Premium Plus,2.0 Liter TFSI
Volvo,2018,"95,000 mi.",Gasoline,8-Speed A/T,None reported,Yes,"$18,000",250.0,2.0,4 CYLINDER,GX 460 Base,301.0HP 4.6L 8 Cylinder Engine Gasoline Fuel
Subaru,2005,"94,000 mi.",Gasoline,6-Speed M/T,None reported,Yes,"$19,500",300.0,2.5,4 CYLINDER,X1 sDrive28i,240.0HP 2.0L 4 Cylinder Engine Gasoline Fuel
BMW,2020,"45,076 mi.",Gasoline,Automatic,None reported,No,"$57,998",335.0,3.0,V6,Romeo Stelvio Ti,280.0HP 2.0L 4 Cylinder Engine Gasoline Fuel
Cadillac,2014,"110,000 mi.",Gasoline,A/T,None reported,Yes,"$11,000",272.0,2.0,4 CYLINDER,1500 Big Horn,395.0HP 5.7L 8 Cylinder Engine Gasoline Fuel
Land,2016,"49,083 mi.",Gasoline,9-Speed Automatic,None reported,No,"$21,590",380.0,2.0,I4,M4 Base,425.0HP 3.0L Straight 6 Cylinder Engine Gasoline Fuel
Genesis,2017,"63,500 mi.",Gasoline,Transmission w/Dual Shift Mode,None reported,Yes,"$27,500",420.0,5.0,8 CYLINDER,Model X Long Range,670.0HP Electric Motor Electric Fuel System
Mercedes-Benz,2009,"21,500 mi.",Gasoline,A/T,At least 1 accident or damage reported,Yes,"$18,000",268.0,3.5,V6,S90 T5 Momentum,250.0HP 2.0L 4 Cylinder Engine Gasoline Fuel
Land,2023,324 mi.,Gasoline,Automatic,None reported,No,"$199,998",380.0,4.4,V6,Impreza WRX Sti,300.0HP 2.5L 4 Cylinder Engine Gasoline Fuel
Kia,2019,"68,166 mi.",Gasoline,Automatic,None reported,No,"$20,818",244.0,1.6,V6,X6 xDrive40i,3.0 Liter Turbo
Toyota,2018,"53,607 mi.",Gasoline,8-Speed Automatic,At least 1 accident or damage reported,No,"$31,853",270.0,3.5,V6,CTS 2.0L Turbo Luxury,272.0HP 2.0L 4 Cylinder Engine Gasoline Fuel
Mercedes-Benz,2019,"16,813 mi.",Diesel,Transmission w/Dual Shift Mode,None reported,No,"$45,900",188.0,3.0,V6,Rover Discovery Sport HSE,2.0L I4 16V GDI DOHC Turbo
BMW,2020,"18,200 mi.",Gasoline,A/T,At least 1 accident or damage reported,Yes,"$29,500",228.0,2.0,4 CYLINDER,G90 5.0 Ultimate,420.0HP 5.0L 8 Cylinder Engine Gasoline Fuel
Audi,2015,"51,000 mi.",Gasoline,Transmission w/Dual Shift Mode,At least 1 accident or damage reported,Yes,"$102,000",550.0,5.2,10 CYLINDER,CLK-Class CLK 350,268.0HP 3.5L V6 Cylinder Engine Gasoline Fuel
Audi,2018,"16,400 mi.",Gasoline,A/T,None reported,Yes,"$42,800",292.0,2.0,4 CYLINDER,Rover Range Rover Autobiography,4.4 Liter
Toyota,2022,"7,000 mi.",Hybrid,10-Speed A/T,None reported,Yes,"$75,500",437.0,3.4,V6,Optima EX,"1.6L I-4 gasoline direct injection, DOHC, variable valve control"
Audi,2022,"8,497 mi.",Gasoline,Automatic,None reported,No,"$52,900",333.0,3.0,V6,Highlander SE,3.5L V6 24V PDI DOHC
Audi,2016,"68,000 mi.",Gasoline,Transmission w/Dual Shift Mode,At least 1 accident or damage reported,Yes,"$20,000",252.0,2.0,4 CYLINDER,Sprinter 4500 High Roof,188.0HP 3.0L V6 Cylinder Engine Diesel Fuel
Lamborghini,2022,"2,523 mi.",Gasoline,7-Speed Manual,None reported,No,"$288,900",631.0,5.2,V10,X1 xDrive28i,228.0HP 2.0L 4 Cylinder Engine Gasoline Fuel
BMW,2007,"83,000 mi.",Gasoline,6-Speed A/T,None reported,Yes,"$8,995",230.0,3.0,6 CYLINDER,R8 5.2,550.0HP 5.2L 10 Cylinder Engine Gasoline Fuel
Audi,2018,"25,000 mi.",Gasoline,8-Speed A/T,None reported,Yes,"$50,000",354.0,3.0,V6,S3 2.0T Tech Premium Plus,292.0HP 2.0L 4 Cylinder Engine Gasoline Fuel
Cadillac,2021,"15,689 mi.",Diesel,10-Speed Automatic,None reported,No,"$97,952",400.0,3.0,I6,Tundra Hybrid TRD Pro,437.0HP 3.4L V6 Cylinder Engine Gas/Electric Hybrid
BMW,2014,"125,450 mi.",Gasoline,6-Speed M/T,None reported,Yes,"$17,200",320.0,3.0,6 CYLINDER,SQ5 3.0T Premium Plus,3.0L V6 24V GDI DOHC Turbo
Kia,2023,"9,822 mi.",Gasoline,8-Speed Automatic,None reported,No,"$50,998",291.0,3.8,V6,A6 2.0T Premium Plus,252.0HP 2.0L 4 Cylinder Engine Gasoline Fuel
Chevrolet,2008,"144,000 mi.",Gasoline,A/T,None reported,Yes,"$22,000",323.0,6.0,8 CYLINDER,Huracan EVO Base,5.2L V10 40V GDI DOHC
GMC,2020,"30,900 mi.",Gasoline,9-Speed Automatic,None reported,Yes,"$27,654",355.0,2.5,I4,328 xi,230.0HP 3.0L Straight 6 Cylinder Engine Gasoline Fuel
BMW,2021,"2,492 mi.",Gasoline,Automatic,None reported,No,"$41,598",335.0,2.0,V6,SQ5 3.0T Prestige,354.0HP 3.0L V6 Cylinder Engine Gasoline Fuel
Audi,2015,"126,760 mi.",Gasoline,A/T,At least 1 accident or damage reported,Yes,"$14,000",211.0,2.0,4 CYLINDER,Escalade Sport Platinum,3.0L I6 24V DDI DOHC Turbo Diesel
Subaru,2017,"100,680 mi.",Gasoline,A/T,None reported,Yes,"$20,500",256.0,3.6,6 CYLINDER,M235 i,320.0HP 3.0L Straight 6 Cylinder Engine Gasoline Fuel
Mitsubishi,2001,"90,400 mi.",Gasoline,A/T,None reported,Yes,"$4,495",140.0,2.4,4 CYLINDER,Telluride SX,3.8L V6 24V GDI DOHC
Hyundai,2022,"26,895 mi.",Gasoline,8-Speed Automatic,None reported,No,"$29,800",290.0,2.5,I4,Express 3500 Base,323.0HP 6.0L 8 Cylinder Engine Gasoline Fuel
BMW,2018,"20,500 mi.",Gasoline,8-Speed A/T,None reported,Yes,"$67,000",600.0,4.4,8 CYLINDER,Acadia SLE,2.5L I4 16V GDI DOHC
Dodge,2011,"134,000 mi.",Gasoline,A/T,At least 1 accident or damage reported,Yes,"$10,500",390.0,5.7,8 CYLINDER,X3 xDrive30i,2.0 Liter Turbo
Ford,2015,"84,352 mi.",Plug-In Hybrid,CVT Transmission,At least 1 accident or damage reported,Yes,"$10,000",188.0,2.0,4 CYLINDER,TT 2.0T,211.0HP 2.0L 4 Cylinder Engine Gasoline Fuel
Toyota,2022,"19,000 mi.",Hybrid,10-Speed A/T,None reported,Yes,"$71,000",437.0,3.4,V6,Outback 3.6R Touring,256.0HP 3.6L Flat 6 Cylinder Engine Gasoline Fuel
Land,2015,"115,550 mi.",Gasoline,9-Speed A/T,None reported,Yes,"$17,500",240.0,2.0,4 CYLINDER,Eclipse Spyder GS,140.0HP 2.4L 4 Cylinder Engine Gasoline Fuel
Lincoln,2009,"191,775 mi.",E85 Flex Fuel,6-Speed A/T,At least 1 accident or damage reported,Yes,"$9,750",310.0,5.4,8 CYLINDER,Santa Fe SEL,2.5L I4 16V PDI DOHC
Mercedes-Benz,2017,"124,630 mi.",Diesel,5-Speed A/T,None reported,Yes,"$75,000",188.0,3.0,V6,M5 Base,600.0HP 4.4L 8 Cylinder Engine Gasoline Fuel
Mercedes-Benz,2019,"17,000 mi.",Gasoline,9-Speed A/T,None reported,Yes,"$95,000",603.0,4.0,8 CYLINDER,Ram 1500 ST,390.0HP 5.7L 8 Cylinder Engine Gasoline Fuel
BMW,2018,"73,500 mi.",Gasoline,A/T,None reported,Yes,"$32,000",320.0,3.0,6 CYLINDER,Fusion Energi Titanium,188.0HP 2.0L 4 Cylinder Engine Plug-In Electric/Gas
Acura,1998,"120,000 mi.",Gasoline,4-Speed A/T,At least 1 accident or damage reported,Yes,"$5,500",140.0,1.8,4 CYLINDER,Tundra Hybrid TRD Pro,437.0HP 3.4L V6 Cylinder Engine Gas/Electric Hybrid
Audi,2019,"73,837 mi.",Gasoline,8-Speed Automatic,None reported,Yes,"$36,340",333.0,3.0,V6,Rover Range Rover Evoque Pure,240.0HP 2.0L 4 Cylinder Engine Gasoline Fuel
BMW,2014,"29,500 mi.",Gasoline,Transmission w/Dual Shift Mode,None reported,Yes,"$40,999",560.0,4.4,8 CYLINDER,Navigator Base,310.0HP 5.4L 8 Cylinder Engine Flex Fuel Capability
Volkswagen,2021,"13,613 mi.",Gasoline,Automatic,None reported,No,"$29,798",200.0,2.0,V6,Mustang Mach-E Select,Standard Range Battery
Lexus,2023,"1,185 mi.",Gasoline,10-Speed A/T,None reported,Yes,"$120,990",409.0,3.4,V6,Sprinter 3500 High Roof,188.0HP 3.0L V6 Cylinder Engine Diesel Fuel
INFINITI,2015,"143,250 mi.",Gasoline,Transmission w/Dual Shift Mode,None reported,Yes,"$11,500",328.0,3.7,V6,AMG E 63 S 4MATIC,603.0HP 4.0L 8 Cylinder Engine Gasoline Fuel
BMW,2006,"46,508 mi.",Gasoline,Transmission w/Dual Shift Mode,At least 1 accident or damage reported,Yes,"$11,500",215.0,3.0,6 CYLINDER,440 i xDrive,320.0HP 3.0L Straight 6 Cylinder Engine Gasoline Fuel
BMW,2015,"18,651 mi.",Gasoline,Transmission w/Dual Shift Mode,None reported,Yes,"$59,549",560.0,4.4,8 CYLINDER,Integra LS,140.0HP 1.8L 4 Cylinder Engine Gasoline Fuel
BMW,2019,"36,438 mi.",Gasoline,Automatic,None reported,No,"$39,998",335.0,3.0,V6,Q7 55 Prestige,3.0L V6 24V GDI DOHC Supercharged
Kia,2014,"46,628 mi.",Gasoline,6-Speed Automatic,None reported,No,"$15,363",244.0,2.4,I4,M6 Base,560.0HP 4.4L 8 Cylinder Engine Gasoline Fuel
Rivian,2023,"5,700 mi.",electric,1-Speed A/T,None reported,Yes,"$95,000",835.0,3.5,V6,Arteon 2.0T SE,2.0 Liter TSI
BMW,2015,"57,550 mi.",Gasoline,6-Speed M/T,None reported,Yes,"$29,995",240.0,2.0,4 CYLINDER,LX 600 F SPORT,409.0HP 3.4L V6 Cylinder Engine Gasoline Fuel
Cadillac,2017,"48,600 mi.",Gasoline,Transmission w/Dual Shift Mode,None reported,Yes,"$60,999",640.0,6.2,8 CYLINDER,Q40 Base,328.0HP 3.7L V6 Cylinder Engine Gasoline Fuel
Ford,2020,"119,000 mi.",Gasoline,A/T,None reported,Yes,"$18,000",169.0,2.5,4 CYLINDER,Z4 3.0i Roadster,215.0HP 3.0L Straight 6 Cylinder Engine Gasoline Fuel
Land,2020,"36,500 mi.",Gasoline,Transmission w/Dual Shift Mode,None reported,Yes,"$72,000",550.0,5.0,8 CYLINDER,M6 Base,560.0HP 4.4L 8 Cylinder Engine Gasoline Fuel
Lexus,2010,"121,250 mi.",Gasoline,6-Speed A/T,At least 1 accident or damage reported,Yes,"$13,250",204.0,2.5,V6,X3 M40i,3.0 Liter Turbo
BMW,2023,"2,437 mi.",Hybrid,Transmission w/Dual Shift Mode,None reported,Yes,"$78,350",375.0,3.0,6 CYLINDER,Sorento LX,2.4L I4 16V GDI DOHC
Volvo,2018,"110,380 mi.",Gasoline,A/T,At least 1 accident or damage reported,Yes,"$22,000",316.0,2.0,4 CYLINDER,R1S Adventure Package,835.0HP Electric Motor Electric Fuel System
Hyundai,2008,"149,000 mi.",Gasoline,4-Speed A/T,None reported,Yes,"$3,850",395.0,2.7,V6,Z4 sDrive28i,240.0HP 2.0L 4 Cylinder Engine Gasoline Fuel
Dodge,2021,"14,684 mi.",Gasoline,8-Speed Automatic,None reported,No,"$37,995",357.5,3.6,V6,CTS-V Base,640.0HP 6.2L 8 Cylinder Engine Gasoline Fuel
Mercedes-Benz,2017,"39,000 mi.",Gasoline,9-Speed A/T,At least 1 accident or damage reported,Yes,"$39,000",362.0,3.0,V6,Transit Connect XL,169.0HP 2.5L 4 Cylinder Engine Gasoline Fuel
GMC,2019,"65,212 mi.",Gasoline,Automatic,None reported,Yes,"$42,995",355.0,5.3,V8,Rover Range Rover Velar SVAutobiography Dynamic Edition,550.0HP 5.0L 8 Cylinder Engine Gasoline Fuel
Audi,2020,"41,856 mi.",Gasoline,Transmission w/Dual Shift Mode,None reported,Yes,"$91,500",591.0,4.0,8 CYLINDER,IS 250 Base,204.0HP 2.5L V6 Cylinder Engine Gasoline Fuel
Rivian,2023,655 mi.,electric,1-Speed A/T,None reported,Yes,"$94,500",835.0,3.5,V6,X7 xDrive40i,375.0HP 3.0L Straight 6 Cylinder Engine Gasoline/Mild Electric Hybrid
Toyota,2019,"54,000 mi.",Hybrid,CVT Transmission,None reported,Yes,"$33,000",219.0,2.5,4 CYLINDER,XC90 T6 Momentum,316.0HP 2.0L 4 Cylinder Engine Gasoline Fuel
Alfa,2019,"26,500 mi.",Gasoline,8-Speed A/T,None reported,Yes,"$53,900",240.0,2.9,V6,Tucson Limited,173.0HP 2.7L V6 Cylinder Engine Gasoline Fuel
Land,2020,"38,356 mi.",Gasoline,Automatic,None reported,No,"$36,598",380.0,2.0,V6,Durango GT,3.6L V6 24V MPFI DOHC
Alfa,2020,"21,487 mi.",Gasoline,8-Speed Automatic,None reported,Yes,"$35,345",240.0,2.0,I4,AMG C 43 Base 4MATIC,362.0HP 3.0L V6 Cylinder Engine Gasoline Fuel
Cadillac,2007,"99,000 mi.",Gasoline,6-Speed A/T,None reported,Yes,"$22,999",403.0,6.2,8 CYLINDER,Yukon XL SLT,5.3L V8 16V GDI OHV
Ford,2019,"35,597 mi.",E85 Flex Fuel,6-Speed Automatic,None reported,No,"$47,756",350.0,6.2,V8,RS Q8 4.0T,591.0HP 4.0L 8 Cylinder Engine Gasoline Fuel
Nissan,2005,"130,307 mi.",Gasoline,5-Speed A/T,None reported,Yes,"$9,950",287.0,3.5,V6,R1S Adventure Package,835.0HP Electric Motor Electric Fuel System
Subaru,2010,"178,000 mi.",Gasoline,A/T,None reported,Yes,"$7,600",170.0,2.5,4 CYLINDER,RAV4 Hybrid XLE,219.0HP 2.5L 4 Cylinder Engine Gas/Electric Hybrid
Honda,2003,"160,265 mi.",Gasoline,A/T,At least 1 accident or damage reported,Yes,"$3,000",115.0,1.7,4 CYLINDER,Romeo Stelvio Quadrifoglio,505.0HP 2.9L V6 Cylinder Engine Gasoline Fuel
McLaren,2020,"8,700 mi.",Gasoline,Transmission w/Dual Shift Mode,None reported,Yes,"$185,000",562.0,3.8,8 CYLINDER,Rover Range Rover Evoque SE,2.0 Liter
Maserati,2016,"1,000 mi.",Gasoline,Transmission w/Dual Shift Mode,None reported,Yes,"$36,000",404.0,3.0,V6,Romeo Stelvio Ti Sport,2.0L I4 16V GDI SOHC Turbo
Jeep,2022,"29,800 mi.",Gasoline,"Automatic, 8-Spd",None reported,No,"$58,900",285.0,5.7,V8,Escalade EXT Base,403.0HP 6.2L 8 Cylinder Engine Gasoline Fuel
Maserati,2017,"49,750 mi.",Gasoline,Transmission w/Dual Shift Mode,None reported,Yes,"$27,995",404.0,3.0,V6,F-250 Lariat,6.2L V8 16V MPFI SOHC Flexible Fuel
Lexus,2002,"121,000 mi.",Gasoline,A/T,None reported,Yes,"$6,348",220.0,3.0,V6,350Z Enthusiast,287.0HP 3.5L V6 Cylinder Engine Gasoline Fuel
Lincoln,2005,"140,000 mi.",Gasoline,A/T,None reported,Yes,"$2,000",302.0,4.6,8 CYLINDER,Legacy 2.5 i Premium,170.0HP 2.5L 4 Cylinder Engine Gasoline Fuel
Ford,2018,"66,770 mi.",E85 Flex Fuel,6-Speed A/T,None reported,No,"$21,500",169.0,2.5,4 CYLINDER,Civic LX,115.0HP 1.7L 4 Cylinder Engine Gasoline Fuel
Cadillac,2016,"61,549 mi.",Gasoline,Automatic,At least 1 accident or damage reported,No,"$19,998",400.0,3.6,V6,570S Spider,562.0HP 3.8L 8 Cylinder Engine Gasoline Fuel
Lincoln,2016,"38,100 mi.",Gasoline,A/T,None reported,Yes,"$21,000",365.0,3.5,V6,Ghibli S Q4,404.0HP 3.0L V6 Cylinder Engine Gasoline Fuel
Toyota,2010,"138,071 mi.",Gasoline,5-Speed M/T,None reported,Yes,"$5,000",106.0,1.5,4 CYLINDER,Wagoneer Series II 4x4,"HEMI 5.7L V-8 variable valve control, regular unleaded, engine w"
Mercedes-Benz,2019,"40,000 mi.",Gasoline,Transmission w/Dual Shift Mode,At least 1 accident or damage reported,Yes,"$72,000",603.0,4.0,8 CYLINDER,Ghibli S Q4,404.0HP 3.0L V6 Cylinder Engine Gasoline Fuel
Mercedes-Benz,2022,"41,545 mi.",Hybrid,Automatic,None reported,No,"$71,998",362.0,3.0,V6,RX 300 Base,220.0HP 3.0L V6 Cylinder Engine Gasoline Fuel
Mercedes-Benz,2019,"47,850 mi.",Gasoline,A/T,At least 1 accident or damage reported,Yes,"$127,899",416.0,4.0,8 CYLINDER,Aviator Luxury,302.0HP 4.6L 8 Cylinder Engine Gasoline Fuel
Hyundai,2014,"128,000 mi.",Gasoline,6-Speed M/T,None reported,Yes,"$11,000",201.0,1.6,4 CYLINDER,Transit Connect XL,169.0HP 2.5L 4 Cylinder Engine Flex Fuel Capability
Toyota,2019,"48,156 mi.",Gasoline,5-Speed Automatic,None reported,No,"$40,368",395.0,4.0,V6,SRX Luxury Collection,3.6 Liter SIDI DOHC
Mercedes-Benz,2021,"4,700 mi.",Hybrid,9-Speed A/T,None reported,Yes,"$99,900",496.0,4.0,8 CYLINDER,MKS EcoBoost,365.0HP 3.5L V6 Cylinder Engine Gasoline Fuel
Audi,2017,"39,071 mi.",Gasoline,8-Speed Automatic,None reported,No,"$67,900",333.0,4.0,V8,Yaris Base,106.0HP 1.5L 4 Cylinder Engine Gasoline Fuel
Mazda,1999,"96,680 mi.",Gasoline,5-Speed M/T,At least 1 accident or damage reported,Yes,"$12,900",140.0,1.8,4 CYLINDER,AMG E 63 S 4MATIC,603.0HP 4.0L 8 Cylinder Engine Gasoline Fuel
Mercedes-Benz,2017,"53,500 mi.",Gasoline,9-Speed A/T,At least 1 accident or damage reported,Yes,"$33,999",362.0,3.0,V6,GLS 450 Base,3.0 Liter DOHC Twin Turbo
Chevrolet,2007,"11,025 mi.",Gasoline,6-Speed M/T,None reported,Yes,"$47,500",505.0,7.0,8 CYLINDER,G-Class G 550 4MATIC,416.0HP 4.0L 8 Cylinder Engine Gasoline Fuel
Ford,2021,"44,000 mi.",Diesel,10-Speed A/T,At least 1 accident or damage reported,Yes,"$73,000",475.0,6.7,8 CYLINDER,Veloster Turbo R-Spec,201.0HP 1.6L 4 Cylinder Engine Gasoline Fuel
Volkswagen,2022,"11,000 mi.",Gasoline,A/T,None reported,Yes,"$27,900",184.0,2.0,4 CYLINDER,4Runner Limited,4.0L V6 24V MPFI DOHC
BMW,2012,"103,000 mi.",Gasoline,6-Speed A/T,None reported,Yes,"$16,000",407.0,4.4,8 CYLINDER,S-Class S 580 4MATIC,496.0HP 4.0L 8 Cylinder Engine Gasoline/Mild Electric Hybrid
BMW,2024,456 mi.,Gasoline,Transmission w/Dual Shift Mode,None reported,Yes,"$128,995",543.0,3.0,6 CYLINDER,RS 7 4.0T Performance Prestige,4.0L V8 32V GDI DOHC Twin Turbo
Lexus,2018,"64,000 mi.",Gasoline,6-Speed A/T,None reported,Yes,"$37,300",301.0,4.6,8 CYLINDER,MX-5 Miata Base,140.0HP 1.8L 4 Cylinder Engine Gasoline Fuel
Audi,2017,"108,000 mi.",Gasoline,8-Speed A/T,None reported,Yes,"$25,999",333.0,3.0,V6,AMG C 43 Base,362.0HP 3.0L V6 Cylinder Engine Gasoline Fuel
Alfa,2018,"37,045 mi.",Gasoline,Transmission w/Dual Shift Mode,At least 1 accident or damage reported,Yes,"$26,600",280.0,2.0,I4,Corvette Z06,505.0HP 7.0L 8 Cylinder Engine Gasoline Fuel
Land,2023,"5,433 mi.",Hybrid,Automatic,None reported,No,"$95,998",380.0,3.0,V6,F-250 King Ranch,475.0HP 6.7L 8 Cylinder Engine Diesel Fuel
BMW,2019,"28,744 mi.",Gasoline,Automatic,None reported,No,"$50,998",335.0,4.4,V6,Tiguan 2.0T SE,184.0HP 2.0L 4 Cylinder Engine Gasoline Fuel
BMW,2015,"65,800 mi.",Gasoline,Transmission w/Dual Shift Mode,None reported,Yes,"$44,950",425.0,3.0,6 CYLINDER,750 Li xDrive,407.0HP 4.4L 8 Cylinder Engine Gasoline Fuel
Rolls-Royce,2021,850 mi.,Gasoline,A/T,None reported,Yes,"$314,900",563.0,6.7,12 CYLINDER,M3 CS,543.0HP 3.0L Straight 6 Cylinder Engine Gasoline Fuel
Audi,2019,"33,012 mi.",electric,1-Speed A/T,None reported,Yes,"$38,000",355.0,3.5,V6,GX 460 Base,301.0HP 4.6L 8 Cylinder Engine Gasoline Fuel
Lexus,2011,"107,818 mi.",Gasoline,6-Speed A/T,At least 1 accident or damage reported,Yes,"$11,400",204.0,2.5,V6,Q7 3.0T Premium,333.0HP 3.0L V6 Cylinder Engine Gasoline Fuel
Land,2016,"79,500 mi.",Gasoline,9-Speed A/T,None reported,Yes,"$19,000",240.0,2.0,4 CYLINDER,Romeo Stelvio Ti Sport,280.0HP 2.0L 4 Cylinder Engine Gasoline Fuel
Ferrari,2015,"20,000 mi.",Gasoline,7-Speed A/T,At least 1 accident or damage reported,Yes,"$124,990",553.0,3.9,8 CYLINDER,Rover Defender X,3.0 Liter
Lexus,2018,"37,000 mi.",Gasoline,10-Speed A/T,None reported,Yes,"$63,997",471.0,5.0,8 CYLINDER,750 i xDrive,4.4 Liter DOHC Twin Turbo
GMC,2005,"131,800 mi.",Gasoline,4-Speed A/T,At least 1 accident or damage reported,Yes,"$5,800",295.0,5.3,8 CYLINDER,M3 Base,425.0HP 3.0L Straight 6 Cylinder Engine Gasoline Fuel
Lexus,2008,"146,000 mi.",Gasoline,A/T,None reported,Yes,"$8,995",272.0,3.5,V6,Ghost Base,563.0HP 6.7L 12 Cylinder Engine Gasoline Fuel
Nissan,2010,"29,000 mi.",Gasoline,M/T,None reported,Yes,"$29,000",350.0,3.7,V6,e-tron Prestige,355.0HP Electric Motor Electric Fuel System
Dodge,2004,"141,209 mi.",Gasoline,A/T,None reported,Yes,"$5,700",395.0,5.7,8 CYLINDER,IS 250 Base,204.0HP 2.5L V6 Cylinder Engine Gasoline Fuel
Ford,2016,"85,253 mi.",Gasoline,A/T,None reported,Yes,"$19,995",395.0,3.5,V6,Rover Range Rover Evoque SE Premium,240.0HP 2.0L 4 Cylinder Engine Gasoline Fuel
INFINITI,2015,"87,009 mi.",Gasoline,A/T,None reported,Yes,"$17,800",325.0,3.7,V6,California T,553.0HP 3.9L 8 Cylinder Engine Gasoline Fuel
BMW,2023,"4,348 mi.",Gasoline,8-Speed Automatic,None reported,No,"$105,900",335.0,4.4,V8,LC 500 Base,471.0HP 5.0L 8 Cylinder Engine Gasoline Fuel
Lincoln,2016,"158,000 mi.",Gasoline,Transmission w/Dual Shift Mode,None reported,Yes,"$19,780",380.0,3.5,V6,EV6 Wind,111.2Ah / FR 70kW / RR 160kW (697V)
Volvo,2020,"10,500 mi.",Gasoline,8-Speed A/T,None reported,Yes,"$36,000",250.0,2.0,4 CYLINDER,Sierra 1500 SLE Crew Cab,295.0HP 5.3L 8 Cylinder Engine Gasoline Fuel
Audi,2018,"45,843 mi.",Gasoline,A/T,None reported,Yes,"$37,000",340.0,3.0,V6,ES 350 Base,272.0HP 3.5L V6 Cylinder Engine Gasoline Fuel
Ford,2021,"15,198 mi.",Gasoline,8-Speed Automatic,None reported,Yes,"$31,621",350.0,1.5,I3,370Z NISMO,350.0HP 3.7L V6 Cylinder Engine Gasoline Fuel
Volkswagen,2001,"220,000 mi.",Gasoline,A/T,None reported,Yes,"$5,500",140.0,2.8,V6,Ram 1500 Laramie,345.0HP 5.7L 8 Cylinder Engine Gasoline Fuel
Jaguar,2017,"58,000 mi.",Gasoline,A/T,None reported,Yes,"$51,500",550.0,5.0,8 CYLINDER,Expedition Limited,365.0HP 3.5L V6 Cylinder Engine Gasoline Fuel
Land,2020,"30,424 mi.",Hybrid,Automatic,None reported,No,"$44,998",380.0,2.0,V6,QX70 Base,325.0HP 3.7L V6 Cylinder Engine Gasoline Fuel
RAM,2021,"38,012 mi.",Gasoline,8-Speed Automatic,None reported,Yes,"$45,277",395.0,5.7,V8,X5 M Base,4.4L V8 32V GDI DOHC Twin Turbo
Rivian,2023,"2,500 mi.",electric,A/T,None reported,Yes,"$91,000",835.0,3.5,V6,Navigator Select,380.0HP 3.5L V6 Cylinder Engine Gasoline Fuel
BMW,2021,"11,078 mi.",Gasoline,"Automatic, 8-Spd Sport w/Sport & Manual Modes",None reported,No,"$91,900",335.0,6.6,V12,V60 Cross Country T5,250.0HP 2.0L 4 Cylinder Engine Gasoline Fuel
Lexus,2018,"50,000 mi.",Gasoline,A/T,None reported,Yes,"$65,000",383.0,5.7,8 CYLINDER,A7 3.0T Premium Plus,340.0HP 3.0L V6 Cylinder Engine Gasoline Fuel
Land,2019,"58,000 mi.",Gasoline,A/T,None reported,Yes,"$38,000",247.0,2.0,4 CYLINDER,Bronco Sport Outer Banks,1.5L I3 12V PDI DOHC Turbo
Acura,2023,"3,415 mi.",Gasoline,F,None reported,No,"$54,998",279.5,3.5,V6,Eurovan MV,140.0HP 2.8L V6 Cylinder Engine Gasoline Fuel
Lexus,2018,"61,000 mi.",Gasoline,Transmission w/Dual Shift Mode,None reported,Yes,"$65,000",471.0,5.0,8 CYLINDER,F-TYPE R,550.0HP 5.0L 8 Cylinder Engine Gasoline Fuel
Audi,2019,"48,500 mi.",Gasoline,Transmission w/Dual Shift Mode,At least 1 accident or damage reported,Yes,"$43,500",349.0,3.0,V6,Rover Range Rover Evoque R-Dynamic HSE,2.0 Liter
Land,2018,"65,680 mi.",Gasoline,A/T,At least 1 accident or damage reported,Yes,"$34,900",247.0,2.0,4 CYLINDER,1500 Laramie,5.7L V8 16V MPFI OHV
RAM,2020,"44,362 mi.",Gasoline,8-Speed Automatic,None reported,Yes,"$50,658",395.0,5.7,V8,R1S Adventure Package,835.0HP Electric Motor Electric Fuel System
Audi,2019,"18,603 mi.",Gasoline,8-Speed Automatic,None reported,No,"$42,900",333.0,3.0,V6,M760 i xDrive,"6.6L V-12 gasoline direct injection, DOHC, variable valve contro"
Audi,2020,"35,999 mi.",Hybrid,Automatic,None reported,No,"$59,598",333.0,4.0,V6,LX 570 Three-Row,383.0HP 5.7L 8 Cylinder Engine Gasoline Fuel
Cadillac,2021,"8,044 mi.",Gasoline,Transmission w/Dual Shift Mode,None reported,Yes,"$93,000",420.0,6.2,8 CYLINDER,Rover Range Rover Velar P250 SE R-Dynamic,247.0HP 2.0L 4 Cylinder Engine Gasoline Fuel
Mercedes-Benz,2016,"9,738 mi.",Gasoline,7-Speed A/T,None reported,Yes,"$85,500",503.0,4.0,8 CYLINDER,MDX w/Technology Package,3.5 Liter SOHC
BMW,2009,"112,000 mi.",Gasoline,Transmission w/Dual Shift Mode,At least 1 accident or damage reported,Yes,"$28,000",420.0,4.0,8 CYLINDER,LC 500 Base,471.0HP 5.0L 8 Cylinder Engine Gasoline Fuel
Honda,2009,"167,300 mi.",Gasoline,5-Speed A/T,None reported,Yes,"$6,250",190.0,2.4,4 CYLINDER,SQ5 3.0T Prestige,349.0HP 3.0L V6 Cylinder Engine Gasoline Fuel
Rolls-Royce,2022,115 mi.,Gasoline,8-Speed Automatic,None reported,Yes,"$449,995",563.0,6.7,V12,Rover Range Rover Velar P250 SE R-Dynamic,247.0HP 2.0L 4 Cylinder Engine Gasoline Fuel
Cadillac,2015,"71,000 mi.",Gasoline,6-Speed A/T,At least 1 accident or damage reported,Yes,"$35,999",420.0,6.2,8 CYLINDER,1500 Limited,5.7L V8 16V MPFI OHV
Acura,2020,"31,015 mi.",Gasoline,10-Speed Automatic,None reported,Yes,"$36,570",279.5,2.0,I4,S4 3.0T Premium,3.0L V6 24V GDI DOHC Turbo
BMW,2022,"33,000 mi.",Gasoline,Transmission w/Dual Shift Mode,None reported,Yes,"$29,999",228.0,2.0,4 CYLINDER,A8 4.0,4.0 Liter Turbo
Buick,2013,"68,325 mi.",E85 Flex Fuel,Transmission w/Dual Shift Mode,None reported,Yes,"$11,995",180.0,2.4,4 CYLINDER,Escalade ESV Sport,420.0HP 6.2L 8 Cylinder Engine Gasoline Fuel
Mercedes-Benz,2020,"20,937 mi.",Gasoline,9-Speed Automatic,None reported,No,"$104,900",362.0,4.0,V8,AMG GT AMG GT S,503.0HP 4.0L 8 Cylinder Engine Gasoline Fuel
RAM,2021,"34,365 mi.",Gasoline,8-Speed A/T,At least 1 accident or damage reported,Yes,"$48,000",410.0,6.4,8 CYLINDER,M3 Base,420.0HP 4.0L 8 Cylinder Engine Gasoline Fuel
Mercedes-Benz,2018,"32,000 mi.",Gasoline,Transmission w/Dual Shift Mode,None reported,Yes,"$44,900",208.0,2.0,4 CYLINDER,Accord EX-L,190.0HP 2.4L 4 Cylinder Engine Gasoline Fuel
Land,2020,"40,237 mi.",Gasoline,Automatic,None reported,No,"$36,998",380.0,2.0,V6,Cullinan,6.7L V12 48V GDI DOHC Twin Turbo
Volvo,2020,"22,500 mi.",Gasoline,A/T,None reported,Yes,"$50,000",316.0,2.0,4 CYLINDER,Escalade Premium,420.0HP 6.2L 8 Cylinder Engine Gasoline Fuel
Ford,2020,"58,700 mi.",Gasoline,10-Speed A/T,At least 1 accident or damage reported,Yes,"$48,999",375.0,3.5,V6,RDX Technology Package,2.0L I4 16V GDI DOHC Turbo
Toyota,2006,"264,893 mi.",Hybrid,A/T,At least 1 accident or damage reported,Yes,"$5,000",395.0,3.3,V6,X2 xDrive28i,228.0HP 2.0L 4 Cylinder Engine Gasoline Fuel
Toyota,2005,"209,500 mi.",Gasoline,5-Speed A/T,None reported,Yes,"$8,500",282.0,4.7,8 CYLINDER,Pacifica Touring,–
Ford,2023,195 mi.,Gasoline,10-Speed A/T,None reported,Yes,"$87,500",310.0,3.5,V6,Verano Convenience,180.0HP 2.4L 4 Cylinder Engine Flex Fuel Capability
Chevrolet,2016,"120,000 mi.",Diesel,6-Speed A/T,None reported,Yes,"$19,500",260.0,6.6,8 CYLINDER,AMG S 63 Base 4MATIC,4.0L V8 32V GDI DOHC Twin Turbo
Chevrolet,2022,"14,676 mi.",electric,A/T,None reported,Yes,"$33,000",200.0,3.5,V6,2500 Tradesman,410.0HP 6.4L 8 Cylinder Engine Gasoline Fuel
Jeep,2021,"33,704 mi.",Hybrid,8-Speed Automatic,None reported,No,"$42,998",285.0,2.0,I4,Metris Base,208.0HP 2.0L 4 Cylinder Engine Gasoline Fuel
BMW,2023,"2,950 mi.",Hybrid,8-Speed A/T,None reported,Yes,"$87,000",375.0,3.0,6 CYLINDER,Rover Range Rover Evoque S,2.0 Liter
Mercedes-Benz,2021,"17,994 mi.",Gasoline,9-Speed Automatic,None reported,Yes,"$87,500",362.0,3.0,I6,XC90 T6 Inscription,316.0HP 2.0L 4 Cylinder Engine Gasoline Fuel
Toyota,2020,"44,101 mi.",Gasoline,6-Speed Automatic,None reported,Yes,"$45,423",395.0,5.7,V8,Expedition King Ranch,375.0HP 3.5L V6 Cylinder Engine Gasoline Fuel
BMW,2021,"25,918 mi.",Gasoline,Transmission w/Dual Shift Mode,None reported,Yes,"$32,000",228.0,2.0,4 CYLINDER,Highlander Hybrid Limited,208.0HP 3.3L V6 Cylinder Engine Gas/Electric Hybrid
BMW,2008,"87,000 mi.",Gasoline,A/T,None reported,Yes,"$15,300",300.0,3.0,6 CYLINDER,Tundra SR5 Access Cab,282.0HP 4.7L 8 Cylinder Engine Gasoline Fuel
Mazda,2018,"28,333 mi.",Gasoline,Transmission w/Dual Shift Mode,None reported,Yes,"$20,500",184.0,2.5,4 CYLINDER,Transit-350 Base,310.0HP 3.5L V6 Cylinder Engine Gasoline Fuel
Audi,2018,"29,294 mi.",Gasoline,A/T,None reported,Yes,"$39,999",340.0,3.0,V6,Express 3500 LT,260.0HP 6.6L 8 Cylinder Engine Diesel Fuel
Saturn,2008,"37,000 mi.",Gasoline,A/T,None reported,Yes,"$14,995",260.0,2.0,4 CYLINDER,Bolt EUV Premier,200.0HP Electric Motor Electric Fuel System
BMW,2005,"138,000 mi.",Gasoline,5-Speed A/T,None reported,Yes,"$9,950",184.0,2.5,6 CYLINDER,Wrangler Unlimited 4xe Sahara,2.0L I4 16V GDI DOHC Turbo Hybrid
Volvo,2020,"44,487 mi.",Plug-In Hybrid,8-Speed A/T,None reported,Yes,"$65,000",400.0,2.0,4 CYLINDER,X7 xDrive40i,375.0HP 3.0L Straight 6 Cylinder Engine Gasoline/Mild Electric Hybrid
Acura,2021,"16,878 mi.",Gasoline,10-Speed Automatic,None reported,Yes,"$38,781",279.5,2.0,I4,AMG GT 53 Base,3.0L I6 24V GDI DOHC Turbo
Acura,2022,"30,177 mi.",Gasoline,2,None reported,No,"$46,598",279.5,3.5,V6,Tundra Limited,5.7L V8 32V MPFI DOHC
Chevrolet,2021,"53,000 mi.",Gasoline,10-Speed A/T,At least 1 accident or damage reported,Yes,"$67,100",420.0,6.2,8 CYLINDER,X1 xDrive28i,228.0HP 2.0L 4 Cylinder Engine Gasoline Fuel
Tesla,2021,"61,308 mi.",electric,A/T,None reported,Yes,"$42,000",425.0,3.5,V6,135 i,300.0HP 3.0L Straight 6 Cylinder Engine Gasoline Fuel
Mercedes-Benz,2013,"99,200 mi.",Gasoline,A/T,None reported,No,"$11,495",302.0,3.5,V6,Mazda3 Touring,184.0HP 2.5L 4 Cylinder Engine Gasoline Fuel
Chevrolet,2022,"32,117 mi.",Gasoline,Automatic,None reported,No,"$33,299",355.0,3.6,V6,A7 3.0T Premium Plus,340.0HP 3.0L V6 Cylinder Engine Gasoline Fuel
BMW,2013,"79,341 mi.",Gasoline,A/T,None reported,Yes,"$16,800",445.0,4.4,8 CYLINDER,Sky Red Line,260.0HP 2.0L 4 Cylinder Engine Gasoline Fuel
Land,2007,"220,000 mi.",Gasoline,A/T,None reported,Yes,"$5,750",300.0,4.4,8 CYLINDER,Z4 2.5i Roadster,184.0HP 2.5L Straight 6 Cylinder Engine Gasoline Fuel
BMW,2021,"16,900 mi.",Gasoline,8-Speed A/T,None reported,Yes,"$43,000",255.0,2.0,4 CYLINDER,XC90 Hybrid T8 Inscription,400.0HP 2.0L 4 Cylinder Engine Plug-In Electric/Gas
Porsche,2007,"75,137 mi.",Gasoline,M/T,At least 1 accident or damage reported,Yes,"$24,999",245.0,2.7,6 CYLINDER,TLX A-Spec,2.0L I4 16V GDI DOHC Turbo
Ford,2021,"37,594 mi.",Gasoline,10-Speed Automatic,None reported,Yes,"$62,595",350.0,3.5,V6,MDX w/Technology Package,3.5L 24V SOHC I-VTEC V6
Rivian,2023,250 mi.,electric,A/T,None reported,No,"$94,000",835.0,3.5,V6,Tahoe High Country,420.0HP 6.2L 8 Cylinder Engine Gasoline Fuel
Mercedes-Benz,2021,"12,771 mi.",Gasoline,Automatic,None reported,No,"$42,598",362.0,2.0,V6,Model Y Long Range,425.0HP Electric Motor Electric Fuel System
Ford,2012,"6,400 mi.",Gasoline,6-Speed M/T,None reported,Yes,"$48,000",550.0,5.4,8 CYLINDER,GLK-Class GLK 350,302.0HP 3.5L V6 Cylinder Engine Gasoline Fuel
Tesla,2021,"69,548 mi.",electric,1-Speed A/T,At least 1 accident or damage reported,Yes,"$36,300",425.0,3.5,V6,Traverse LS,3.6L V6 24V GDI DOHC
Nissan,2009,"79,893 mi.",Gasoline,7-Speed A/T,None reported,Yes,"$15,900",332.0,3.7,V6,550 Gran Turismo i,445.0HP 4.4L 8 Cylinder Engine Gasoline Fuel
Toyota,2014,"124,838 mi.",Gasoline,A/T,None reported,Yes,"$33,000",381.0,5.7,8 CYLINDER,Rover Range Rover Sport HSE,300.0HP 4.4L 8 Cylinder Engine Gasoline Fuel
Nissan,2020,"14,353 mi.",Gasoline,A/T,None reported,Yes,"$63,900",375.0,5.6,8 CYLINDER,430 i xDrive,255.0HP 2.0L 4 Cylinder Engine Gasoline Fuel
Ford,2022,"22,985 mi.",Gasoline,A/T,None reported,Yes,"$33,500",169.0,2.5,4 CYLINDER,Cayman Base,245.0HP 2.7L Flat 6 Cylinder Engine Gasoline Fuel
INFINITI,2014,"161,894 mi.",Gasoline,7-Speed A/T,None reported,Yes,"$18,900",400.0,5.6,8 CYLINDER,Expedition Max King Ranch,3.5L V6 24V PDI DOHC Twin Turbo
Aston,2008,"25,025 mi.",Gasoline,6-Speed A/T,At least 1 accident or damage reported,Yes,"$39,000",380.0,4.3,8 CYLINDER,R1S Adventure Package,835.0HP Electric Motor Electric Fuel System
Porsche,2017,"16,701 mi.",Gasoline,–,None reported,No,"$107,998",365.0,3.0,V6,GLC 300 GLC 300,2.0 Liter Turbo
Lotus,2017,"19,650 mi.",Gasoline,6-Speed M/T,None reported,Yes,"$69,250",400.0,3.5,V6,Mustang Shelby GT500,550.0HP 5.4L 8 Cylinder Engine Gasoline Fuel
Land,2020,"29,500 mi.",Gasoline,A/T,None reported,Yes,"$45,000",247.0,2.0,4 CYLINDER,Model Y Long Range,425.0HP Electric Motor Electric Fuel System
Nissan,2007,"132,272 mi.",Gasoline,M/T,At least 1 accident or damage reported,Yes,"$6,700",261.0,4.0,V6,370Z Base,332.0HP 3.7L V6 Cylinder Engine Gasoline Fuel
Dodge,2012,"122,000 mi.",Gasoline,5-Speed A/T,At least 1 accident or damage reported,Yes,"$13,500",370.0,5.7,8 CYLINDER,Sequoia Platinum,381.0HP 5.7L 8 Cylinder Engine Gasoline Fuel
Buick,2022,"18,185 mi.",Gasoline,Automatic CVT,None reported,No,"$31,755",155.0,1.3,I3,NV Passenger NV3500 HD SL V8,375.0HP 5.6L 8 Cylinder Engine Gasoline Fuel
Nissan,2018,"56,450 mi.",electric,A/T,At least 1 accident or damage reported,Yes,"$13,999",147.0,3.5,V6,Transit Connect XL w/Rear Symmetrical Doors,169.0HP 2.5L 4 Cylinder Engine Gasoline Fuel
Nissan,2012,"102,000 mi.",electric,1-Speed A/T,None reported,Yes,"$4,200",107.0,3.5,V6,QX80 Base,400.0HP 5.6L 8 Cylinder Engine Gasoline Fuel
Jeep,2022,"18,428 mi.",Gasoline,Automatic,None reported,No,"$83,998",285.0,6.4,V6,Martin V8 Vantage Base,380.0HP 4.3L 8 Cylinder Engine Gasoline Fuel
Nissan,2023,535 mi.,Gasoline,6-Speed M/T,None reported,Yes,"$65,990",400.0,3.0,V6,911 Carrera S,3.0 Liter
Land,2013,"81,648 mi.",Gasoline,"Auto, 6-Spd w/CmdShft",None reported,No,"$15,900",380.0,5.0,V8,Evora 400 Base,400.0HP 3.5L V6 Cylinder Engine Gasoline Fuel
Porsche,2003,"138,202 mi.",Gasoline,6-Speed Manual,At least 1 accident or damage reported,Yes,"$22,550",365.0,3.2,V6,Rover Range Rover Velar P250 S R-Dynamic,247.0HP 2.0L 4 Cylinder Engine Gasoline Fuel
Bentley,2004,"69,600 mi.",Gasoline,A/T,None reported,Yes,"$37,900",550.0,6.0,12 CYLINDER,Xterra S,261.0HP 4.0L V6 Cylinder Engine Gasoline Fuel
Jaguar,2018,"39,900 mi.",Gasoline,8-Speed A/T,None reported,Yes,"$53,600",550.0,5.0,8 CYLINDER,Charger R/T,370.0HP 5.7L 8 Cylinder Engine Gasoline Fuel
Cadillac,2021,"36,500 mi.",Gasoline,Transmission w/Dual Shift Mode,None reported,Yes,"$85,000",420.0,6.2,8 CYLINDER,Encore GX Essence,1.3L I3 12V GDI DOHC Turbo
Audi,2018,"42,650 mi.",Gasoline,Transmission w/Dual Shift Mode,None reported,Yes,"$31,990",220.0,2.0,4 CYLINDER,Leaf S,147.0HP Electric Motor Electric Fuel System
Jeep,2020,"68,816 mi.",Gasoline,8-Speed Automatic,None reported,Yes,"$35,297",285.0,2.0,I4,Leaf SL,107.0HP Electric Motor Electric Fuel System
Audi,2016,"91,188 mi.",Gasoline,7-Speed A/T,None reported,Yes,"$29,995",450.0,4.0,8 CYLINDER,Grand Wagoneer Series III,6.4 Liter
GMC,2015,"116,210 mi.",E85 Flex Fuel,Transmission Overdrive Switch,None reported,Yes,"$31,900",360.0,6.0,8 CYLINDER,Z Proto Spec,400.0HP 3.0L V6 Cylinder Engine Gasoline Fuel
Mazda,2024,"3,880 mi.",Gasoline,8-Speed Automatic,None reported,Yes,"$52,991",186.0,2.5,V6,Rover Range Rover Sport HSE,"5L V-8 gasoline direct injection, DOHC, variable valve control,"
Ford,2017,"67,482 mi.",Plug-In Hybrid,CVT Transmission,At least 1 accident or damage reported,Yes,"$11,499",188.0,2.0,4 CYLINDER,Boxster S,3.2L H6 24V MPFI DOHC
Cadillac,2018,"67,726 mi.",Gasoline,10-Speed A/T,None reported,Yes,"$52,000",420.0,6.2,8 CYLINDER,Continental GT Base,550.0HP 6.0L 12 Cylinder Engine Gasoline Fuel
Audi,2008,"207,000 mi.",Gasoline,6-Speed M/T,At least 1 accident or damage reported,Yes,"$10,500",250.0,3.2,V6,F-TYPE R,550.0HP 5.0L 8 Cylinder Engine Gasoline Fuel
Hyundai,2021,"35,550 mi.",Gasoline,8-Speed Automatic,At least 1 accident or damage reported,Yes,"$25,987",290.0,2.5,I4,Escalade ESV Sport,420.0HP 6.2L 8 Cylinder Engine Gasoline Fuel
Mercedes-Benz,2016,"44,000 mi.",Gasoline,7-Speed A/T,None reported,Yes,"$46,599",577.0,5.5,8 CYLINDER,TT 2.0T,220.0HP 2.0L 4 Cylinder Engine Gasoline Fuel
Mercedes-Benz,2015,"11,249 mi.",Gasoline,7-Speed A/T,None reported,Yes,"$54,500",429.0,4.7,8 CYLINDER,Wrangler Unlimited Sahara,2.0L I4 16V GDI DOHC Turbo
Acura,2014,"111,650 mi.",Gasoline,6-Speed A/T,At least 1 accident or damage reported,Yes,"$17,500",290.0,3.5,V6,S6 4.0T,450.0HP 4.0L 8 Cylinder Engine Gasoline Fuel
RAM,2019,"18,526 mi.",Diesel,6-Speed Automatic,None reported,No,"$67,999",395.0,6.7,I6,Sierra 2500 SLE,360.0HP 6.0L 8 Cylinder Engine Flex Fuel Capability
Audi,2012,"103,272 mi.",Gasoline,8-Speed A/T,None reported,Yes,"$15,500",310.0,3.0,V6,Model 3 Long Range,Dual Motor - Standard
BMW,2023,"1,160 mi.",Gasoline,6-Speed M/T,None reported,Yes,"$73,600",453.0,3.0,6 CYLINDER,CX-90 Premium,2.5L
RAM,2019,"107,714 mi.",Gasoline,8-Speed Automatic,None reported,Yes,"$34,918",395.0,5.7,V8,C-Max Energi SE,188.0HP 2.0L 4 Cylinder Engine Plug-In Electric/Gas
Audi,2013,"111,773 mi.",Gasoline,8-Speed A/T,None reported,Yes,"$17,000",211.0,2.0,4 CYLINDER,Escalade ESV Platinum,420.0HP 6.2L 8 Cylinder Engine Gasoline Fuel
Cadillac,2019,"54,002 mi.",Gasoline,A/T,At least 1 accident or damage reported,Yes,"$22,500",304.0,3.6,V6,TT 3.2 Cabriolet quattro,250.0HP 3.2L V6 Cylinder Engine Gasoline Fuel
Volkswagen,2016,"87,000 mi.",Gasoline,Transmission w/Dual Shift Mode,At least 1 accident or damage reported,Yes,"$13,000",150.0,1.4,4 CYLINDER,Santa Fe SE,2.5L I4 16V PDI DOHC
Ford,2016,"49,700 mi.",Gasoline,6-Speed M/T,None reported,Yes,"$31,700",350.0,2.3,4 CYLINDER,AMG GLE AMG GLE 63 S-Model 4MATIC,577.0HP 5.5L 8 Cylinder Engine Gasoline Fuel
Mercedes-Benz,2017,"34,500 mi.",Gasoline,7-Speed A/T,None reported,Yes,"$64,600",503.0,4.0,8 CYLINDER,SL-Class SL 550,429.0HP 4.7L 8 Cylinder Engine Gasoline Fuel
Ford,2021,"31,729 mi.",Gasoline,8-Speed Automatic,At least 1 accident or damage reported,Yes,"$29,614",350.0,1.5,I3,MDX 3.5L Technology Package,290.0HP 3.5L V6 Cylinder Engine Gasoline Fuel
Jeep,2021,"7,388 mi.",Gasoline,8-Speed Automatic,None reported,Yes,"$43,663",285.0,3.6,V6,2500 Laramie,6.7L I6 24V DDI OHV Turbo Diesel
BMW,2017,"41,550 mi.",Plug-In Hybrid,Transmission w/Dual Shift Mode,None reported,Yes,"$20,995",247.0,2.0,4 CYLINDER,A7 Premium,310.0HP 3.0L V6 Cylinder Engine Gasoline Fuel
Mercedes-Benz,2018,"44,486 mi.",Gasoline,9-Speed Automatic,None reported,No,"$25,625",362.0,2.0,I4,M2 Base,453.0HP 3.0L Straight 6 Cylinder Engine Gasoline Fuel
Acura,2013,"20,750 mi.",Gasoline,6-Speed A/T,None reported,Yes,"$33,000",300.0,3.7,V6,1500 Laramie,5.7L V8 16V MPFI OHV
Genesis,2022,"12,000 mi.",Gasoline,8-Speed A/T,None reported,Yes,"$41,000",365.0,3.3,V6,Q5 2.0T Premium Plus,211.0HP 2.0L 4 Cylinder Engine Gasoline Fuel
Lexus,2021,"14,206 mi.",Gasoline,A/T,None reported,Yes,"$98,000",383.0,5.7,8 CYLINDER,XTS Luxury,304.0HP 3.6L V6 Cylinder Engine Gasoline Fuel
Jeep,2022,"31,700 mi.",Gasoline,A/T,None reported,Yes,"$43,500",395.0,3.6,V6,Jetta 1.4T SE,150.0HP 1.4L 4 Cylinder Engine Gasoline Fuel
Hyundai,2022,"13,044 mi.",Plug-In Hybrid,A/T,At least 1 accident or damage reported,Yes,"$24,999",139.0,1.6,4 CYLINDER,Focus RS Base,350.0HP 2.3L 4 Cylinder Engine Gasoline Fuel
Kia,2009,"100,730 mi.",Gasoline,A/T,None reported,Yes,"$6,975",181.0,2.7,V6,AMG C 63 S,503.0HP 4.0L 8 Cylinder Engine Gasoline Fuel
BMW,2023,"5,338 mi.",Plug-In Hybrid,8-Speed A/T,None reported,Yes,"$76,500",389.0,3.0,6 CYLINDER,Bronco Sport Big Bend,1.5L I3 12V PDI DOHC Turbo
Ford,2014,"85,149 mi.",Gasoline,Automatic,None reported,No,"$23,598",350.0,5.4,V6,Gladiator Overland,3.6L V6 24V MPFI DOHC
BMW,2018,"48,291 mi.",Gasoline,Transmission w/Dual Shift Mode,None reported,Yes,"$67,250",567.0,4.4,8 CYLINDER,330e iPerformance,247.0HP 2.0L 4 Cylinder Engine Plug-In Electric/Gas
Volkswagen,2001,"111,887 mi.",Gasoline,A/T,None reported,Yes,"$14,000",140.0,2.8,V6,GLC 300 Base 4MATIC,2.0L I4 16V GDI DOHC Turbo
Rolls-Royce,2010,"79,000 mi.",Gasoline,8-Speed A/T,None reported,Yes,"$69,000",563.0,6.6,12 CYLINDER,MDX 3.7L Advance,300.0HP 3.7L V6 Cylinder Engine Gasoline Fuel
Lincoln,2016,"125,000 mi.",Gasoline,Transmission w/Dual Shift Mode,None reported,Yes,"$26,500",380.0,3.5,V6,G70 3.3T,365.0HP 3.3L V6 Cylinder Engine Gasoline Fuel
Mercedes-Benz,2022,"13,777 mi.",Gasoline,8-Speed A/T,At least 1 accident or damage reported,Yes,"$39,777",221.0,2.0,4 CYLINDER,LX 570 Three-Row,383.0HP 5.7L 8 Cylinder Engine Gasoline Fuel
RAM,2022,"14,920 mi.",Gasoline,Automatic,None reported,Yes,"$41,741",350.0,3.6,V6,Grand Cherokee L Limited,293.0HP 3.6L V6 Cylinder Engine Gasoline Fuel
Jeep,2022,"14,627 mi.",Gasoline,Automatic,None reported,No,"$56,740",285.0,3.6,V6,IONIQ Plug-In Hybrid SEL,139.0HP 1.6L 4 Cylinder Engine Plug-In Electric/Gas
Volvo,2010,"90,050 mi.",Gasoline,A/T,None reported,Yes,"$5,800",235.0,3.2,6 CYLINDER,Sportage LX,173.0HP 2.7L V6 Cylinder Engine Gasoline Fuel
Subaru,2014,"45,000 mi.",Gasoline,6-Speed M/T,At least 1 accident or damage reported,Yes,"$25,000",200.0,2.0,4 CYLINDER,X5 PHEV xDrive45e,389.0HP 3.0L Straight 6 Cylinder Engine Plug-In Electric/Gas
Chevrolet,1998,"7,666 mi.",Gasoline,4-Speed A/T,None reported,Yes,"$39,500",340.0,5.7,8 CYLINDER,Expedition EL XLT,5.4 Liter
Hummer,2006,"89,900 mi.",Gasoline,4-Speed A/T,None reported,Yes,"$29,994",325.0,6.0,8 CYLINDER,X6 M Base,567.0HP 4.4L 8 Cylinder Engine Gasoline Fuel
Audi,2021,"14,724 mi.",Hybrid,Automatic,None reported,No,"$101,998",333.0,4.0,V6,Eurovan MV,140.0HP 2.8L V6 Cylinder Engine Gasoline Fuel
Ford,2011,"132,000 mi.",Gasoline,Transmission w/Dual Shift Mode,At least 1 accident or damage reported,Yes,"$10,999",305.0,3.7,V6,Ghost Base,563.0HP 6.6L 12 Cylinder Engine Gasoline Fuel
GMC,2010,"32,652 mi.",Gasoline,6-Speed A/T,None reported,Yes,"$6,500",182.0,2.4,4 CYLINDER,Navigator Reserve,380.0HP 3.5L V6 Cylinder Engine Gasoline Fuel
Land,2018,"36,632 mi.",Gasoline,8-Speed A/T,None reported,No,"$72,567",518.0,5.0,8 CYLINDER,GLA 250 Base 4MATIC,221.0HP 2.0L 4 Cylinder Engine Gasoline Fuel
Jeep,2022,"11,164 mi.",Gasoline,8-Speed A/T,None reported,Yes,"$37,500",293.0,3.6,V6,1500 Big Horn,3.6L V6 24V MPFI DOHC
BMW,2020,"22,655 mi.",Gasoline,7-Speed A/T,None reported,Yes,"$63,999",425.0,3.0,6 CYLINDER,Grand Cherokee L Summit,3.6L V6 24V MPFI DOHC
Mercedes-Benz,2019,"9,500 mi.",Gasoline,Transmission w/Dual Shift Mode,None reported,Yes,"$135,000",630.0,4.0,8 CYLINDER,S80 3.2,235.0HP 3.2L Straight 6 Cylinder Engine Gasoline Fuel
Chevrolet,2021,"10,300 mi.",Gasoline,M/T,None reported,Yes,"$29,900",335.0,3.6,V6,BRZ Premium,200.0HP 2.0L 4 Cylinder Engine Gasoline Fuel
BMW,2018,"48,000 mi.",Gasoline,8-Speed A/T,None reported,Yes,"$54,000",567.0,4.4,8 CYLINDER,Corvette Base,340.0HP 5.7L 8 Cylinder Engine Gasoline Fuel
Mercedes-Benz,2007,"138,000 mi.",Gasoline,7-Speed A/T,At least 1 accident or damage reported,Yes,"$10,000",382.0,5.5,8 CYLINDER,H2 SUT,325.0HP 6.0L 8 Cylinder Engine Gasoline Fuel
RAM,2022,"24,058 mi.",Gasoline,"Automatic, 8-Spd",None reported,No,"$81,900",720.0,6.2,V8,RS 7 4.0T,4.0 Liter TFSI
Audi,2016,"31,500 mi.",Gasoline,8-Speed A/T,None reported,Yes,"$67,000",560.0,4.0,8 CYLINDER,Edge Sport,305.0HP 3.7L V6 Cylinder Engine Gasoline Fuel
Porsche,2020,"19,701 mi.",Gasoline,Automatic,None reported,No,"$55,998",365.0,3.0,V6,Terrain SLT,182.0HP 2.4L 4 Cylinder Engine Gasoline Fuel
Genesis,2022,"10,200 mi.",Gasoline,A/T,None reported,Yes,"$50,500",375.0,3.5,V6,Rover Range Rover 5.0L Supercharged Autobiography LWB,518.0HP 5.0L 8 Cylinder Engine Gasoline Fuel
Aston,2008,"62,378 mi.",Gasoline,M/T,At least 1 accident or damage reported,Yes,"$33,995",380.0,4.3,8 CYLINDER,Grand Cherokee WK Laredo X,293.0HP 3.6L V6 Cylinder Engine Gasoline Fuel
Nissan,2006,"84,200 mi.",Gasoline,6-Speed M/T,None reported,Yes,"$10,200",300.0,3.5,V6,M4 Base,425.0HP 3.0L Straight 6 Cylinder Engine Gasoline Fuel
Toyota,2013,"138,700 mi.",E85 Flex Fuel,A/T,At least 1 accident or damage reported,Yes,"$18,800",381.0,5.7,8 CYLINDER,AMG GT 63 S 4-Door,630.0HP 4.0L 8 Cylinder Engine Gasoline Fuel
Chevrolet,2021,"41,050 mi.",Gasoline,10-Speed A/T,None reported,Yes,"$62,900",355.0,5.3,8 CYLINDER,Camaro 1LT,335.0HP 3.6L V6 Cylinder Engine Gasoline Fuel
Jeep,2020,"39,192 mi.",Gasoline,9-Speed Automatic,None reported,No,"$24,590",395.0,2.4,I4,X6 M Base,567.0HP 4.4L 8 Cylinder Engine Gasoline Fuel
BMW,2022,"7,758 mi.",Gasoline,Automatic,None reported,No,"$47,998",335.0,2.0,V6,CLK-Class 550,382.0HP 5.5L 8 Cylinder Engine Gasoline Fuel
Ford,2021,"31,654 mi.",Gasoline,8-Speed Automatic,None reported,No,"$33,410",350.0,1.5,I3,1500 TRX,"HEMI 6.2L V-8 intercooled supercharger, premium unleaded, engine"
Mercedes-Benz,2017,"63,000 mi.",Gasoline,A/T,At least 1 accident or damage reported,Yes,"$42,000",469.0,4.0,8 CYLINDER,RS 7 4.0T Prestige,560.0HP 4.0L 8 Cylinder Engine Gasoline Fuel
Volvo,2005,"257,700 mi.",Gasoline,6-Speed M/T,None reported,Yes,"$3,550",218.0,2.5,5 CYLINDER,Macan S,3.0 Liter
Mercedes-Benz,2017,"57,000 mi.",Gasoline,7-Speed A/T,At least 1 accident or damage reported,Yes,"$29,500",302.0,3.5,V6,GV70 3.5T Sport,375.0HP 3.5L V6 Cylinder Engine Gasoline Fuel
Chevrolet,2017,"89,000 mi.",Gasoline,6-Speed A/T,None reported,Yes,"$29,999",355.0,5.3,8 CYLINDER,Martin V8 Vantage Base,380.0HP 4.3L 8 Cylinder Engine Gasoline Fuel
Chevrolet,2015,"134,500 mi.",Gasoline,A/T,None reported,Yes,"$28,000",355.0,5.3,8 CYLINDER,350Z Touring,300.0HP 3.5L V6 Cylinder Engine Gasoline Fuel
Acura,2022,"15,895 mi.",Gasoline,10-Speed Automatic,None reported,No,"$47,950",279.5,3.5,V6,Sequoia SR5,381.0HP 5.7L 8 Cylinder Engine Flex Fuel Capability
Bentley,2020,"15,109 mi.",Gasoline,8-Speed Automatic,None reported,No,"$162,950",573.5,6.0,W12,Tahoe Premier,355.0HP 5.3L 8 Cylinder Engine Gasoline Fuel
Rolls-Royce,2022,398 mi.,Gasoline,8-Speed Automatic,None reported,Yes,"$695,000",563.0,6.7,V12,Compass Limited,2.4L I4 16V MPFI SOHC
Genesis,2022,"20,319 mi.",Gasoline,Transmission w/Dual Shift Mode,None reported,Yes,"$44,249",300.0,2.5,4 CYLINDER,430 430i,2.0 Liter Turbo
Pontiac,1999,"158,000 mi.",Gasoline,4-Speed A/T,At least 1 accident or damage reported,Yes,"$2,500",200.0,3.8,V6,Bronco Sport Outer Banks,1.5L I3 12V PDI DOHC Turbo
Lexus,2021,"40,906 mi.",Gasoline,Automatic,None reported,No,"$51,998",301.0,4.6,V6,AMG C 63 Base,469.0HP 4.0L 8 Cylinder Engine Gasoline Fuel
BMW,2020,"33,749 mi.",Gasoline,Automatic,None reported,No,"$85,998",335.0,4.4,V6,S40 T5,218.0HP 2.5L 5 Cylinder Engine Gasoline Fuel
BMW,2023,"1,120 mi.",Gasoline,8-Speed A/T,None reported,Yes,"$92,900",503.0,3.0,6 CYLINDER,GLE 350 Base 4MATIC,302.0HP 3.5L V6 Cylinder Engine Gasoline Fuel
Jeep,2021,"26,088 mi.",Gasoline,8-Speed Automatic,None reported,No,"$38,383",395.0,3.6,V6,Silverado 1500 1LT,355.0HP 5.3L 8 Cylinder Engine Gasoline Fuel
Kia,2022,"14,950 mi.",Gasoline,A/T,At least 1 accident or damage reported,Yes,"$24,000",147.0,2.0,4 CYLINDER,Tahoe LTZ,355.0HP 5.3L 8 Cylinder Engine Gasoline Fuel
Kia,2018,"47,466 mi.",Gasoline,Automatic,None reported,No,"$14,699",147.0,2.0,V6,MDX Technology,3.5L V6 24V GDI SOHC
BMW,2022,"10,376 mi.",Gasoline,8-Speed Automatic,None reported,No,"$98,900",335.0,4.4,V8,Bentayga Speed,6.0L W12 48V PDI DOHC Twin Turbo
RAM,2021,"18,500 mi.",Gasoline,A/T,None reported,Yes,"$41,950",305.0,3.6,V6,Cullinan,6.7L V12 48V GDI DOHC Twin Turbo
Volkswagen,2021,"24,596 mi.",Gasoline,8-Speed Automatic,None reported,No,"$38,322",200.0,3.6,V6,GV70 2.5T,300.0HP 2.5L 4 Cylinder Engine Gasoline Fuel
Hyundai,2021,"2,905 mi.",Gasoline,8-Speed Automatic,None reported,No,"$27,599",290.0,2.5,I4,Firebird Base,200.0HP 3.8L V6 Cylinder Engine Gasoline Fuel
Jaguar,2015,"71,290 mi.",Gasoline,A/T,At least 1 accident or damage reported,Yes,"$21,000",340.0,3.0,V6,GX 460 Base,4.6 Liter
Audi,2022,"15,000 mi.",Hybrid,A/T,None reported,Yes,"$63,000",335.0,3.0,V6,ALPINA B7 ALPINA B7 xDrive,4.4 Liter Twin Turbo
INFINITI,2017,"37,900 mi.",Gasoline,7-Speed A/T,None reported,Yes,"$22,000",208.0,2.0,4 CYLINDER,M4 Competition xDrive,503.0HP 3.0L Straight 6 Cylinder Engine Gasoline Fuel
Mercedes-Benz,2022,"2,000 mi.",Gasoline,Transmission w/Dual Shift Mode,None reported,No,"$244,896",577.0,4.0,8 CYLINDER,Grand Cherokee L Limited,3.6L V6 24V MPFI DOHC
Mercedes-Benz,2019,"32,500 mi.",Gasoline,9-Speed A/T,None reported,Yes,"$43,500",385.0,3.0,V6,Forte GT-Line,147.0HP 2.0L 4 Cylinder Engine Gasoline Fuel
Mitsubishi,2003,"61,491 mi.",Gasoline,5-Speed M/T,At least 1 accident or damage reported,Yes,"$28,000",271.0,2.0,4 CYLINDER,Forte LX,"2L I-4 DOHC, D-CVVT variable valve control, engine with 147HP"
Jeep,2013,"77,634 mi.",Gasoline,5-Speed Automatic,None reported,No,"$24,590",285.0,3.6,V6,X6 M Base,4.4L V8 32V GDI DOHC Twin Turbo
Audi,2015,"83,000 mi.",Diesel,6-Speed A/T,At least 1 accident or damage reported,Yes,"$18,999",150.0,2.0,4 CYLINDER,ProMaster 3500 High Roof,280.0HP 3.6L V6 Cylinder Engine Gasoline Fuel
Volkswagen,2002,"121,800 mi.",Gasoline,5-Speed M/T,None reported,Yes,"$4,300",174.0,2.8,V6,Atlas Cross Sport 3.6L V6 SEL Premium,3.6L V6 24V GDI DOHC
BMW,2020,"65,852 mi.",Gasoline,Automatic,None reported,No,"$68,998",335.0,4.4,V6,Santa Fe SEL,2.5L I4 16V PDI DOHC
Bentley,2023,"1,335 mi.",Gasoline,8-Speed Automatic,None reported,Yes,"$272,950",573.5,4.0,V8,XF 3.0 Portfolio,340.0HP 3.0L V6 Cylinder Engine Gasoline Fuel
Mercedes-Benz,2014,"83,315 mi.",Gasoline,A/T,None reported,Yes,"$15,000",208.0,2.0,4 CYLINDER,A7 55 Premium Plus,335.0HP 3.0L V6 Cylinder Engine Gasoline/Mild Electric Hybrid
BMW,2019,"18,421 mi.",Plug-In Hybrid,6-Speed A/T,None reported,No,"$85,000",369.0,1.5,3 CYLINDER,QX30 Premium,208.0HP 2.0L 4 Cylinder Engine Gasoline Fuel
Lexus,2015,"101,000 mi.",Hybrid,A/T,At least 1 accident or damage reported,Yes,"$16,500",134.0,1.8,4 CYLINDER,AMG G 63 4MATIC,577.0HP 4.0L 8 Cylinder Engine Gasoline Fuel
Toyota,2022,"29,322 mi.",Gasoline,10-Speed Automatic,None reported,No,"$44,999",270.0,3.4,V6,AMG C 43 AMG C 43 4MATIC,385.0HP 3.0L V6 Cylinder Engine Gasoline Fuel
Mercedes-Benz,2019,"23,900 mi.",Gasoline,9-Speed A/T,None reported,Yes,"$35,999",241.0,2.0,4 CYLINDER,Lancer Evolution Base,271.0HP 2.0L 4 Cylinder Engine Gasoline Fuel
Mercedes-Benz,2016,"40,515 mi.",Gasoline,7-Speed Automatic,At least 1 accident or damage reported,No,"$47,999",362.0,4.0,V8,Wrangler Unlimited Sport,3.6L V6 24V MPFI DOHC
Ford,2020,"67,516 mi.",Gasoline,Automatic,None reported,Yes,"$36,994",350.0,3.5,V6,A3 2.0 TDI Premium Plus,150.0HP 2.0L 4 Cylinder Engine Diesel Fuel
Mazda,2010,"155,000 mi.",Gasoline,6-Speed A/T,None reported,Yes,"$8,300",273.0,3.7,V6,Jetta GLX VR6,174.0HP 2.8L V6 Cylinder Engine Gasoline Fuel
Honda,2019,"26,998 mi.",Gasoline,6-Speed Automatic,None reported,No,"$35,557",205.0,3.5,V6,ALPINA B7 ALPINA B7 xDrive,4.4 Liter Twin Turbo
Bentley,2018,"18,500 mi.",Gasoline,8-Speed A/T,None reported,Yes,"$115,000",600.0,6.0,12 CYLINDER,Bentayga Azure First Edition,4.0L V8 32V GDI DOHC Twin Turbo
MINI,2009,"137,600 mi.",Gasoline,6-Speed M/T,None reported,Yes,"$6,880",172.0,1.6,4 CYLINDER,CLA-Class CLA 250,208.0HP 2.0L 4 Cylinder Engine Gasoline Fuel
Nissan,2005,"125,500 mi.",Gasoline,CVT Transmission,None reported,Yes,"$3,950",245.0,3.5,V6,i8 Base,369.0HP 1.5L 3 Cylinder Engine Plug-In Electric/Gas
Bentley,2019,"22,039 mi.",Gasoline,8-Speed A/T,None reported,Yes,"$113,990",542.0,4.0,8 CYLINDER,CT 200h Premium,134.0HP 1.8L 4 Cylinder Engine Gas/Electric Hybrid
Nissan,2011,"137,483 mi.",Gasoline,CVT Transmission,None reported,Yes,"$3,200",188.0,1.6,4 CYLINDER,Tundra SR5,3.4L V6 24V PDI DOHC Twin Turbo
Ford,2019,"67,500 mi.",Gasoline,10-Speed A/T,None reported,Yes,"$40,500",395.0,3.5,V6,SLC 300 Base,241.0HP 2.0L 4 Cylinder Engine Gasoline Fuel
Ford,2020,"52,000 mi.",Gasoline,10-Speed A/T,At least 1 accident or damage reported,Yes,"$53,722",375.0,3.5,V6,AMG C AMG C 63 S,4.0L V8 32V GDI DOHC Twin Turbo
Lamborghini,2006,"10,000 mi.",Gasoline,A/T,None reported,Yes,"$259,000",571.0,6.2,12 CYLINDER,F-150 XLT,3.5L V6 24V PDI DOHC Twin Turbo
Chevrolet,2017,"195,361 mi.",Gasoline,Transmission Overdrive Switch,At least 1 accident or damage reported,Yes,"$26,000",355.0,5.3,8 CYLINDER,CX-9 Grand Touring,273.0HP 3.7L V6 Cylinder Engine Gasoline Fuel
Bentley,2018,"32,500 mi.",Gasoline,A/T,At least 1 accident or damage reported,Yes,"$103,000",600.0,6.0,12 CYLINDER,Ridgeline RTL-E,3.5L V6 24V GDI SOHC
BMW,2019,"14,806 mi.",Gasoline,Transmission w/Dual Shift Mode,At least 1 accident or damage reported,Yes,"$81,330",601.0,6.6,12 CYLINDER,Bentayga Onyx Edition,600.0HP 6.0L 12 Cylinder Engine Gasoline Fuel
Genesis,2022,"11,000 mi.",Gasoline,A/T,At least 1 accident or damage reported,Yes,"$48,950",300.0,2.5,4 CYLINDER,Cooper S Clubman Base,172.0HP 1.6L 4 Cylinder Engine Gasoline Fuel
Chevrolet,2011,"92,530 mi.",E85 Flex Fuel,A/T,At least 1 accident or damage reported,Yes,"$18,500",320.0,5.3,8 CYLINDER,Murano SL,245.0HP 3.5L V6 Cylinder Engine Gasoline Fuel
Dodge,2017,"34,845 mi.",Gasoline,A/T,At least 1 accident or damage reported,Yes,"$30,000",295.0,3.6,V6,Bentayga V8,542.0HP 4.0L 8 Cylinder Engine Gasoline Fuel
Porsche,2018,"16,280 mi.",Gasoline,Transmission w/Dual Shift Mode,None reported,Yes,"$85,500",365.0,2.5,4 CYLINDER,Juke SV,188.0HP 1.6L 4 Cylinder Engine Gasoline Fuel
Porsche,2011,"77,000 mi.",Gasoline,A/T,None reported,Yes,"$32,000",265.0,2.9,6 CYLINDER,Expedition Max Limited,375.0HP 3.5L V6 Cylinder Engine Gasoline Fuel
Porsche,2010,"63,000 mi.",Gasoline,7-Speed A/T,At least 1 accident or damage reported,Yes,"$38,500",500.0,4.8,8 CYLINDER,Expedition Max King Ranch,375.0HP 3.5L V6 Cylinder Engine Gasoline Fuel
Lexus,2016,"39,700 mi.",Gasoline,6-Speed A/T,None reported,Yes,"$25,500",268.0,3.5,V6,Murcielago Base,571.0HP 6.2L 12 Cylinder Engine Gasoline Fuel
Kia,2013,"103,111 mi.",Hybrid,A/T,At least 1 accident or damage reported,Yes,"$9,200",199.0,2.4,4 CYLINDER,Suburban LT,355.0HP 5.3L 8 Cylinder Engine Gasoline Fuel
Land,2019,"75,897 mi.",Gasoline,Automatic,None reported,No,"$35,998",380.0,2.0,V6,Bentayga Onyx Edition,600.0HP 6.0L 12 Cylinder Engine Gasoline Fuel
Jaguar,2017,"55,000 mi.",Gasoline,Transmission w/Dual Shift Mode,None reported,Yes,"$34,000",380.0,3.0,V6,M760 i xDrive,601.0HP 6.6L 12 Cylinder Engine Gasoline Fuel
Lexus,2005,"114,000 mi.",Gasoline,A/T,At least 1 accident or damage reported,Yes,"$13,450",270.0,4.7,8 CYLINDER,GV70 2.5T,300.0HP 2.5L 4 Cylinder Engine Gasoline Fuel
Mercedes-Benz,2011,"80,124 mi.",Gasoline,7-Speed A/T,None reported,Yes,"$17,500",382.0,5.5,8 CYLINDER,Tahoe LT,320.0HP 5.3L 8 Cylinder Engine Flex Fuel Capability
BMW,2023,"7,000 mi.",Gasoline,Transmission w/Dual Shift Mode,None reported,Yes,"$144,900",600.0,4.4,8 CYLINDER,Durango GT,295.0HP 3.6L V6 Cylinder Engine Gasoline Fuel
RAM,2023,"4,285 mi.",Gasoline,Automatic,None reported,Yes,"$65,688",395.0,5.7,V8,718 Cayman GTS,365.0HP 2.5L 4 Cylinder Engine Gasoline Fuel
Lamborghini,2019,"17,175 mi.",Gasoline,7-Speed Automatic with Auto-Shift,None reported,No,"$234,900",571.0,5.2,V10,Cayman Base,265.0HP 2.9L Flat 6 Cylinder Engine Gasoline Fuel
Toyota,2017,"34,049 mi.",Hybrid,Automatic CVT,None reported,No,"$37,999",395.0,3.5,V6,Panamera Turbo,500.0HP 4.8L 8 Cylinder Engine Gasoline Fuel
Audi,2019,"16,000 mi.",electric,A/T,At least 1 accident or damage reported,Yes,"$39,990",355.0,3.5,V6,ES 350 Base,268.0HP 3.5L V6 Cylinder Engine Gasoline Fuel
GMC,1996,"95,000 mi.",Gasoline,4-Speed A/T,None reported,Yes,"$25,000",290.0,7.4,8 CYLINDER,Optima Hybrid LX,199.0HP 2.4L 4 Cylinder Engine Gas/Electric Hybrid
Land,2020,"59,355 mi.",Gasoline,Automatic,None reported,Yes,"$72,995",380.0,3.5,V8,Rover Range Rover Velar R-Dynamic SE,2.0 Liter
Chevrolet,2022,"31,000 mi.",electric,1-Speed A/T,None reported,Yes,"$36,000",200.0,3.5,V6,XF S,380.0HP 3.0L V6 Cylinder Engine Gasoline Fuel
BMW,2019,"19,300 mi.",Gasoline,8-Speed A/T,None reported,Yes,"$36,000",335.0,3.0,6 CYLINDER,GX 470 Base,270.0HP 4.7L 8 Cylinder Engine Gasoline Fuel
Cadillac,2009,"155,000 mi.",E85 Flex Fuel,6-Speed A/T,At least 1 accident or damage reported,Yes,"$16,900",403.0,6.2,8 CYLINDER,GL-Class GL 550,382.0HP 5.5L 8 Cylinder Engine Gasoline Fuel
Scion,2010,"120,010 mi.",Gasoline,4-Speed A/T,At least 1 accident or damage reported,Yes,"$6,500",161.0,2.4,4 CYLINDER,X6 M Base,600.0HP 4.4L 8 Cylinder Engine Gasoline Fuel
Kia,2012,"152,520 mi.",Gasoline,6-Speed A/T,None reported,Yes,"$10,900",200.0,2.4,4 CYLINDER,1500 Longhorn,5.7L V8 16V MPFI OHV
Maserati,2005,"32,000 mi.",Gasoline,Transmission w/Dual Shift Mode,At least 1 accident or damage reported,Yes,"$2,954,083",394.0,4.2,8 CYLINDER,Huracan LP580-2S,5.2L V10 40V GDI DOHC
Porsche,2015,"47,000 mi.",Gasoline,Transmission w/Dual Shift Mode,None reported,Yes,"$50,000",520.0,4.8,8 CYLINDER,Highlander Hybrid Limited Platinum,3.5L V6 24V PDI DOHC Hybrid
Genesis,2023,"2,046 mi.",Gasoline,8-Speed A/T,None reported,Yes,"$43,499",252.0,2.0,4 CYLINDER,e-tron Prestige,355.0HP Electric Motor Electric Fuel System
Chevrolet,2021,"24,965 mi.",Gasoline,Automatic CVT,At least 1 accident or damage reported,Yes,"$22,995",355.0,1.2,I3,Suburban 2500,290.0HP 7.4L 8 Cylinder Engine Gasoline Fuel
Toyota,2005,"108,000 mi.",Gasoline,5-Speed A/T,None reported,Yes,"$7,850",160.0,2.4,4 CYLINDER,Rover Range Rover Velar SVAutobiography Dynamic Edition,V8
Toyota,2015,"76,000 mi.",Gasoline,A/T,None reported,Yes,"$18,300",266.0,3.5,V6,Bolt EUV Premier,200.0HP Electric Motor Electric Fuel System
Porsche,2014,"30,000 mi.",Gasoline,7-Speed A/T,None reported,Yes,"$78,500",400.0,3.8,6 CYLINDER,M240 i,335.0HP 3.0L Straight 6 Cylinder Engine Gasoline Fuel
Volvo,2015,"59,271 mi.",Gasoline,6-Speed A/T,None reported,Yes,"$29,900",325.0,3.0,6 CYLINDER,Escalade EXT Base,403.0HP 6.2L 8 Cylinder Engine Flex Fuel Capability
Lexus,2023,"1,500 mi.",Gasoline,10-Speed A/T,None reported,No,"$119,500",409.0,3.4,V6,tC Release Series 6.0,161.0HP 2.4L 4 Cylinder Engine Gasoline Fuel
BMW,2017,"52,500 mi.",Plug-In Hybrid,Transmission w/Dual Shift Mode,At least 1 accident or damage reported,Yes,"$24,950",247.0,2.0,4 CYLINDER,Optima EX,200.0HP 2.4L 4 Cylinder Engine Gasoline Fuel
Tesla,2020,"23,100 mi.",electric,A/T,None reported,Yes,"$36,495",425.0,3.5,V6,Civic EX,–
FIAT,2017,"45,000 mi.",Gasoline,6-Speed M/T,At least 1 accident or damage reported,Yes,"$22,500",164.0,1.4,4 CYLINDER,Quattroporte Base,394.0HP 4.2L 8 Cylinder Engine Gasoline Fuel
Dodge,2002,"179,000 mi.",Gasoline,A/T,At least 1 accident or damage reported,Yes,"$6,500",245.0,5.9,8 CYLINDER,Panamera Turbo,520.0HP 4.8L 8 Cylinder Engine Gasoline Fuel
Toyota,2023,"1,500 mi.",Gasoline,6-Speed M/T,None reported,Yes,"$84,900",382.0,3.0,6 CYLINDER,G70 2.0T,252.0HP 2.0L 4 Cylinder Engine Gasoline Fuel
BMW,2022,"38,671 mi.",Hybrid,Automatic,None reported,No,"$66,998",335.0,3.0,V6,Trailblazer LS,1.2L I3 12V GDI DOHC Turbo
Jeep,2007,"135,465 mi.",Gasoline,A/T,None reported,Yes,"$15,750",205.0,3.8,V6,Camry LE,160.0HP 2.4L 4 Cylinder Engine Gasoline Fuel
MINI,2014,"79,000 mi.",Gasoline,Transmission w/Dual Shift Mode,None reported,Yes,"$17,000",181.0,1.6,4 CYLINDER,Sienna LE,266.0HP 3.5L V6 Cylinder Engine Gasoline Fuel
Nissan,2012,"42,259 mi.",Gasoline,CVT Transmission,At least 1 accident or damage reported,Yes,"$17,000",290.0,3.5,V6,911 Carrera S,400.0HP 3.8L Flat 6 Cylinder Engine Gasoline Fuel
Toyota,2006,"159,890 mi.",Gasoline,A/T,At least 1 accident or damage reported,Yes,"$6,500",225.0,3.3,V6,V60 T6 R-Design Platinum,325.0HP 3.0L Straight 6 Cylinder Engine Gasoline Fuel
Maserati,2023,"2,200 mi.",Hybrid,Transmission w/Dual Shift Mode,None reported,Yes,"$75,000",325.0,2.0,4 CYLINDER,LX 600 Premium,409.0HP 3.4L V6 Cylinder Engine Gasoline Fuel
Lexus,2022,"15,833 mi.",Hybrid,CVT Transmission,None reported,Yes,"$52,000",308.0,3.5,V6,330e iPerformance,247.0HP 2.0L 4 Cylinder Engine Plug-In Electric/Gas
BMW,2013,"96,000 mi.",Gasoline,Transmission w/Dual Shift Mode,At least 1 accident or damage reported,Yes,"$13,500",240.0,2.0,4 CYLINDER,Model Y Long Range,425.0HP Electric Motor Electric Fuel System
BMW,2009,"72,900 mi.",Gasoline,6-Speed A/T,None reported,Yes,"$15,500",300.0,3.0,6 CYLINDER,124 Spider Abarth,164.0HP 1.4L 4 Cylinder Engine Gasoline Fuel
BMW,2021,"7,121 mi.",Gasoline,Automatic,None reported,No,"$94,998",335.0,4.4,V6,Ram 1500 Quad Cab,245.0HP 5.9L 8 Cylinder Engine Gasoline Fuel
Hyundai,2023,"3,402 mi.",Hybrid,A/T,None reported,Yes,"$44,000",226.0,1.6,4 CYLINDER,Supra A91-MT Edition,382.0HP 3.0L Straight 6 Cylinder Engine Gasoline Fuel
Volvo,2013,"73,000 mi.",Gasoline,A/T,None reported,Yes,"$13,900",227.0,2.5,5 CYLINDER,X7 xDrive40i,3.0 Liter Turbo
Karma,2018,"21,000 mi.",electric,A/T,None reported,Yes,"$51,000",403.0,2.0,V6,Wrangler Unlimited X,205.0HP 3.8L V6 Cylinder Engine Gasoline Fuel
BMW,2021,"30,309 mi.",Hybrid,Automatic,None reported,No,"$63,598",335.0,3.0,V6,Countryman Cooper S ALL4,181.0HP 1.6L 4 Cylinder Engine Gasoline Fuel
Ford,2021,"24,000 mi.",electric,1-Speed A/T,None reported,Yes,"$38,000",290.0,3.5,V6,Maxima SV,290.0HP 3.5L V6 Cylinder Engine Gasoline Fuel
BMW,2016,"73,000 mi.",Gasoline,Transmission w/Dual Shift Mode,None reported,Yes,"$23,999",320.0,3.0,6 CYLINDER,Camry Solara SLE V6,225.0HP 3.3L V6 Cylinder Engine Gasoline Fuel
Ford,2019,"26,465 mi.",Gasoline,8-Speed Automatic,None reported,No,"$24,998",350.0,2.0,I4,Grecale Modena,325.0HP 2.0L 4 Cylinder Engine Gasoline/Mild Electric Hybrid
Volkswagen,2020,"26,870 mi.",Gasoline,8-Speed Automatic,At least 1 accident or damage reported,Yes,"$34,645",200.0,2.0,I4,RX 450h Base,308.0HP 3.5L V6 Cylinder Engine Gas/Electric Hybrid
Honda,2004,"184,000 mi.",Gasoline,A/T,At least 1 accident or damage reported,Yes,"$10,500",240.0,3.5,V6,328 i xDrive,240.0HP 2.0L 4 Cylinder Engine Gasoline Fuel
BMW,2022,"4,514 mi.",Gasoline,Automatic,None reported,No,"$132,998",335.0,4.4,V6,135 i,300.0HP 3.0L Straight 6 Cylinder Engine Gasoline Fuel
RAM,2022,"1,300 mi.",Gasoline,8-Speed A/T,None reported,Yes,"$48,000",410.0,6.4,8 CYLINDER,X7 M50i,4.4 Liter Twin Turbo
Jeep,2018,"49,924 mi.",Gasoline,8-Speed A/T,None reported,Yes,"$26,500",395.0,3.6,V6,Tucson Hybrid SEL Convenience,226.0HP 1.6L 4 Cylinder Engine Gas/Electric Hybrid
GMC,2019,"36,526 mi.",Gasoline,10-Speed A/T,None reported,Yes,"$57,850",420.0,6.2,8 CYLINDER,C30 T5 Premier Plus,227.0HP 2.5L 5 Cylinder Engine Gasoline Fuel
BMW,2015,"37,000 mi.",Gasoline,Transmission w/Dual Shift Mode,None reported,Yes,"$45,950",560.0,4.4,8 CYLINDER,Revero Base,403.0HP 2.0L Electric Motor Electric Fuel System
Acura,2017,"79,884 mi.",Gasoline,9-Speed Automatic,At least 1 accident or damage reported,No,"$24,840",279.5,3.5,V6,X7 xDrive40i,3.0 Liter Turbo
Volkswagen,2016,"30,000 mi.",Gasoline,Transmission w/Dual Shift Mode,At least 1 accident or damage reported,Yes,"$19,000",170.0,1.8,4 CYLINDER,Mustang Mach-E California Route 1,290.0HP Electric Motor Electric Fuel System
BMW,2021,"11,102 mi.",Gasoline,8-Speed A/T,None reported,Yes,"$101,000",600.0,4.4,8 CYLINDER,740 i,320.0HP 3.0L Straight 6 Cylinder Engine Gasoline Fuel
Ford,2012,"105,500 mi.",Gasoline,6-Speed M/T,None reported,Yes,"$19,000",412.0,5.0,8 CYLINDER,Edge SEL,2.0L I4 16V GDI DOHC Turbo
BMW,2019,"31,157 mi.",Gasoline,Automatic,None reported,No,"$65,998",335.0,4.4,V6,Arteon 2.0T SEL Premium R-Line,2.0L I4 16V GDI DOHC Turbo
Kia,2019,"86,204 mi.",Gasoline,8-Speed Automatic,At least 1 accident or damage reported,No,"$20,708",244.0,3.3,V6,Pilot EX,240.0HP 3.5L V6 Cylinder Engine Gasoline Fuel
BMW,2014,"80,211 mi.",Gasoline,A/T,At least 1 accident or damage reported,Yes,"$17,995",300.0,3.0,6 CYLINDER,X7 ALPINA XB7,4.4 Liter Twin Turbo
Aston,2010,"25,991 mi.",Gasoline,6-Speed A/T,None reported,Yes,"$69,995",420.0,4.7,8 CYLINDER,2500 Tradesman,410.0HP 6.4L 8 Cylinder Engine Gasoline Fuel
Mercedes-Benz,2008,"73,000 mi.",Gasoline,7-Speed A/T,None reported,Yes,"$8,400",268.0,3.5,V6,Grand Cherokee Limited,293.0HP 3.6L V6 Cylinder Engine Gasoline Fuel
BMW,2018,"40,989 mi.",Gasoline,8-Speed A/T,None reported,Yes,"$35,000",320.0,3.0,6 CYLINDER,Yukon Denali,420.0HP 6.2L 8 Cylinder Engine Gasoline Fuel
Dodge,2010,"102,681 mi.",Gasoline,M/T,None reported,Yes,"$6,000",158.0,2.0,4 CYLINDER,M6 Base,560.0HP 4.4L 8 Cylinder Engine Gasoline Fuel
Acura,2010,"123,000 mi.",Gasoline,Transmission w/Dual Shift Mode,At least 1 accident or damage reported,Yes,"$13,888",300.0,3.7,V6,MDX 3.5L w/Advance & Entertainment Pkgs,3.5L V6 24V GDI SOHC
Jeep,2005,"160,900 mi.",Gasoline,4-Speed A/T,At least 1 accident or damage reported,Yes,"$7,200",190.0,4.0,6 CYLINDER,Beetle 1.8T,170.0HP 1.8L 4 Cylinder Engine Gasoline Fuel
BMW,2011,"105,000 mi.",Gasoline,6-Speed M/T,At least 1 accident or damage reported,Yes,"$21,900",414.0,4.0,8 CYLINDER,X6 M Base,600.0HP 4.4L 8 Cylinder Engine Gasoline Fuel
Kia,2023,"1,340 mi.",Plug-In Hybrid,A/T,None reported,Yes,"$41,000",181.0,1.6,4 CYLINDER,Mustang GT Premium,412.0HP 5.0L 8 Cylinder Engine Gasoline Fuel
Ford,2021,"17,850 mi.",electric,A/T,None reported,Yes,"$41,999",266.0,3.5,V6,X7 xDrive50i,4.4 Liter GDI DOHC Twin Turbo
BMW,2011,"72,277 mi.",Gasoline,Transmission w/Dual Shift Mode,None reported,Yes,"$34,950",414.0,4.0,8 CYLINDER,Sorento LX V6,3.3L V6 24V GDI DOHC
Jeep,2023,"7,000 mi.",Hybrid,8-Speed A/T,None reported,Yes,"$46,000",285.0,3.6,V6,435 i,300.0HP 3.0L Straight 6 Cylinder Engine Gasoline Fuel
Porsche,2022,"10,627 mi.",Gasoline,"Automatic, 8-Spd PDK Dual-Clutch",None reported,No,"$99,000",365.0,2.9,V6,Martin V8 Vantage Base,420.0HP 4.7L 8 Cylinder Engine Gasoline Fuel
Ford,2020,"67,015 mi.",Gasoline,10-Speed Automatic,None reported,No,"$28,590",350.0,2.3,I4,CLK-Class CLK 350,268.0HP 3.5L V6 Cylinder Engine Gasoline Fuel
BMW,2018,"19,600 mi.",Gasoline,7-Speed A/T,At least 1 accident or damage reported,Yes,"$62,000",425.0,3.0,6 CYLINDER,740 i,320.0HP 3.0L Straight 6 Cylinder Engine Gasoline Fuel
Ford,2022,"5,800 mi.",electric,1-Speed A/T,None reported,Yes,"$42,500",346.0,3.5,V6,Caliber Express,158.0HP 2.0L 4 Cylinder Engine Gasoline Fuel
FIAT,2017,"33,812 mi.",electric,1-Speed A/T,None reported,Yes,"$14,999",111.0,3.5,V6,ZDX Base,300.0HP 3.7L V6 Cylinder Engine Gasoline Fuel
Cadillac,2015,"99,897 mi.",Gasoline,8-Speed A/T,None reported,Yes,"$26,950",420.0,6.2,8 CYLINDER,Wrangler X,190.0HP 4.0L Straight 6 Cylinder Engine Gasoline Fuel
Mercedes-Benz,2014,"127,500 mi.",Gasoline,Transmission w/Dual Shift Mode,None reported,Yes,"$29,000",429.0,4.7,8 CYLINDER,M3 Base,414.0HP 4.0L 8 Cylinder Engine Gasoline Fuel
Ford,2021,"23,842 mi.",Gasoline,10-Speed Automatic,None reported,Yes,"$59,203",395.0,3.5,V6,Sportage Plug-In Hybrid X-Line,177.0HP 1.6L 4 Cylinder Engine Plug-In Electric/Gas
Rivian,2023,"2,108 mi.",electric,1-Speed A/T,None reported,Yes,"$91,000",835.0,3.5,V6,Mustang Mach-E Premium,266.0HP Electric Motor Electric Fuel System
BMW,2014,"65,550 mi.",Gasoline,Transmission w/Dual Shift Mode,None reported,Yes,"$39,985",560.0,4.4,8 CYLINDER,M3 Base,414.0HP 4.0L 8 Cylinder Engine Gasoline Fuel
Lamborghini,2017,"22,000 mi.",Gasoline,Transmission w/Dual Shift Mode,None reported,Yes,"$210,000",580.0,5.2,V10,Wrangler Rubicon,285.0HP 3.6L V6 Cylinder Engine Gasoline/Mild Electric Hybrid
Ford,2022,"15,600 mi.",Gasoline,Transmission w/Dual Shift Mode,At least 1 accident or damage reported,Yes,"$68,995",315.0,2.7,V6,Panamera 4 Platinum Edition,"2.9L V-6 gasoline direct injection, DOHC, variable valve control"
Lexus,2021,"22,400 mi.",Gasoline,A/T,None reported,Yes,"$81,900",471.0,5.0,8 CYLINDER,Explorer XLT,2.3L I4 16V GDI DOHC Turbo
Lexus,2015,"89,150 mi.",Gasoline,A/T,None reported,Yes,"$31,900",360.0,4.6,8 CYLINDER,M4 Base,425.0HP 3.0L Straight 6 Cylinder Engine Gasoline Fuel
BMW,2023,"15,000 mi.",Gasoline,"Automatic, 8-Spd M STEPTRONIC w/Drivelogic, Sport & Manual Modes",None reported,No,"$81,000",335.0,3.0,V6,Mustang Mach-E Premium,346.0HP Electric Motor Electric Fuel System
Audi,2018,"49,500 mi.",Gasoline,6-Speed A/T,None reported,Yes,"$25,000",220.0,2.0,4 CYLINDER,500e Battery Electric,111.0HP Electric Motor Electric Fuel System
Audi,2003,"126,000 mi.",Gasoline,Transmission w/Dual Shift Mode,None reported,No,"$13,850",360.0,4.2,8 CYLINDER,Escalade Luxury,420.0HP 6.2L 8 Cylinder Engine Gasoline Fuel
Volkswagen,2015,"85,385 mi.",Gasoline,6-Speed M/T,None reported,Yes,"$15,550",210.0,2.0,4 CYLINDER,SL-Class SL 550,429.0HP 4.7L 8 Cylinder Engine Gasoline Fuel
Cadillac,2023,"3,000 mi.",Diesel,A/T,None reported,Yes,"$123,999",277.0,3.0,6 CYLINDER,Expedition Limited,3.5L V6 24V PDI DOHC Twin Turbo
Hyundai,2018,"66,126 mi.",Gasoline,6-Speed Automatic,None reported,No,"$19,190",290.0,2.0,I4,R1S Adventure Package,835.0HP Electric Motor Electric Fuel System
Toyota,2023,"1,075 mi.",Gasoline,6-Speed M/T,None reported,Yes,"$35,000",228.0,2.4,4 CYLINDER,M6 Base,560.0HP 4.4L 8 Cylinder Engine Gasoline Fuel
Ford,2023,"2,489 mi.",Gasoline,10-Speed Automatic,None reported,No,"$98,900",350.0,3.0,V6,Huracan LP580-2,573.0HP 5.2L 10 Cylinder Engine Gasoline Fuel
Hyundai,2021,"25,000 mi.",Gasoline,8-Speed A/T,None reported,Yes,"$28,500",191.0,2.5,4 CYLINDER,Bronco Wildtrak Advanced,315.0HP 2.7L V6 Cylinder Engine Gasoline Fuel
Nissan,2017,"92,000 mi.",Gasoline,7-Speed A/T,None reported,Yes,"$20,900",390.0,5.6,8 CYLINDER,LC 500 Base,471.0HP 5.0L 8 Cylinder Engine Gasoline Fuel
Lexus,2008,"123,500 mi.",Gasoline,A/T,At least 1 accident or damage reported,Yes,"$14,500",263.0,4.7,8 CYLINDER,LS 460 Crafted Line,360.0HP 4.6L 8 Cylinder Engine Gasoline Fuel
Cadillac,2013,"105,000 mi.",Gasoline,6-Speed A/T,At least 1 accident or damage reported,Yes,"$12,000",318.0,3.6,V6,M4 Base,"3L I-6 gasoline direct injection, DOHC, Double VANOS variable va"
Audi,2008,"49,000 mi.",Gasoline,6-Speed M/T,None reported,Yes,"$63,000",420.0,4.2,8 CYLINDER,A3 2.0T Tech Premium,220.0HP 2.0L 4 Cylinder Engine Gasoline Fuel
Jaguar,2020,"28,357 mi.",Gasoline,Automatic,None reported,No,"$47,598",340.0,3.0,V6,S8 4.2 quattro,360.0HP 4.2L 8 Cylinder Engine Gasoline Fuel
Chevrolet,2018,"81,000 mi.",E85 Flex Fuel,A/T,None reported,Yes,"$32,000",285.0,4.3,V6,Golf GTI 2.0T Autobahn 4-Door,210.0HP 2.0L 4 Cylinder Engine Gasoline Fuel
Ford,2021,"45,000 mi.",Gasoline,Transmission w/Dual Shift Mode,None reported,Yes,"$52,000",395.0,3.5,V6,Escalade Sport,277.0HP 3.0L Straight 6 Cylinder Engine Diesel Fuel
Toyota,2011,"173,456 mi.",E85 Flex Fuel,6-Speed A/T,At least 1 accident or damage reported,Yes,"$16,000",381.0,5.7,8 CYLINDER,Tucson SE,2.0L I4 16V GDI DOHC
BMW,2021,"13,700 mi.",Hybrid,8-Speed A/T,None reported,No,"$60,000",382.0,3.0,6 CYLINDER,GR86 Premium,228.0HP 2.4L 4 Cylinder Engine Gasoline Fuel
Audi,2019,"93,400 mi.",Hybrid,A/T,None reported,Yes,"$42,500",335.0,3.0,V6,Bronco Raptor,3.0L V6 24V GDI DOHC Twin Turbo
Toyota,2015,"90,000 mi.",Gasoline,6-Speed A/T,None reported,Yes,"$18,200",268.0,3.5,V6,Santa Fe SEL,191.0HP 2.5L 4 Cylinder Engine Gasoline Fuel
Porsche,2017,"40,600 mi.",Gasoline,7-Speed A/T,None reported,Yes,"$32,000",252.0,2.0,4 CYLINDER,Armada Platinum,390.0HP 5.6L 8 Cylinder Engine Gasoline Fuel
Lexus,2023,"20,121 mi.",Gasoline,8-Speed A/T,None reported,Yes,"$47,124",311.0,3.5,V6,GX 470 Base,263.0HP 4.7L 8 Cylinder Engine Gasoline Fuel
Mercedes-Benz,2020,"3,921 mi.",Gasoline,7-Speed Automatic,None reported,Yes,"$175,000",362.0,2.0,I4,CTS Premium,318.0HP 3.6L V6 Cylinder Engine Gasoline Fuel
Lexus,2011,"187,450 mi.",Gasoline,A/T,At least 1 accident or damage reported,Yes,"$10,400",275.0,3.5,V6,R8 Base,420.0HP 4.2L 8 Cylinder Engine Gasoline Fuel
Toyota,2021,"6,400 mi.",Gasoline,Transmission w/Dual Shift Mode,None reported,Yes,"$68,000",382.0,3.0,6 CYLINDER,F-PACE S,3.0 Liter
Mercedes-Benz,2017,"54,500 mi.",Gasoline,9-Speed A/T,None reported,Yes,"$37,995",362.0,3.0,V6,Silverado 1500 1LT,285.0HP 4.3L V6 Cylinder Engine Flex Fuel Capability
BMW,2017,"78,500 mi.",Gasoline,8-Speed A/T,At least 1 accident or damage reported,Yes,"$42,000",445.0,4.4,8 CYLINDER,Expedition Limited,375.0HP 3.5L V6 Cylinder Engine Gasoline Fuel
Chevrolet,2018,"75,000 mi.",Gasoline,6-Speed A/T,None reported,Yes,"$36,000",355.0,5.3,8 CYLINDER,Sequoia Platinum,381.0HP 5.7L 8 Cylinder Engine Flex Fuel Capability
Ford,2014,"89,988 mi.",Gasoline,A/T,At least 1 accident or damage reported,Yes,"$42,500",411.0,6.2,8 CYLINDER,M440 i,382.0HP 3.0L Straight 6 Cylinder Engine Gasoline/Mild Electric Hybrid
Subaru,2005,"107,000 mi.",Gasoline,A/T,None reported,Yes,"$7,100",395.0,3.0,6 CYLINDER,A8 L 55,335.0HP 3.0L V6 Cylinder Engine Gasoline/Mild Electric Hybrid
Alfa,2019,"21,400 mi.",Gasoline,8-Speed A/T,None reported,Yes,"$28,500",280.0,2.0,4 CYLINDER,Avalon XLE,268.0HP 3.5L V6 Cylinder Engine Gasoline Fuel
Mazda,2007,"83,150 mi.",Gasoline,6-Speed A/T,None reported,Yes,"$6,950",244.0,2.3,4 CYLINDER,Macan Base,252.0HP 2.0L 4 Cylinder Engine Gasoline Fuel
Ford,2018,"92,000 mi.",Diesel,10-Speed A/T,At least 1 accident or damage reported,Yes,"$36,500",250.0,3.0,V6,IS 350 F Sport,311.0HP 3.5L V6 Cylinder Engine Gasoline Fuel
Mercedes-Benz,2021,"15,042 mi.",Gasoline,9-Speed Automatic,None reported,No,"$54,599",362.0,2.0,I4,Metris Base,2.0L I4 16V GDI DOHC Turbo
Audi,2017,"39,000 mi.",Gasoline,Transmission w/Dual Shift Mode,At least 1 accident or damage reported,Yes,"$35,000",333.0,3.0,V6,RX 350 Base,275.0HP 3.5L V6 Cylinder Engine Gasoline Fuel
RAM,2017,"67,483 mi.",Gasoline,6-Speed A/T,At least 1 accident or damage reported,Yes,"$46,500",395.0,6.4,8 CYLINDER,Supra A91 Edition,382.0HP 3.0L Straight 6 Cylinder Engine Gasoline Fuel
Tesla,2015,"62,089 mi.",electric,A/T,None reported,Yes,"$29,975",329.0,3.5,V6,AMG C 43 Base 4MATIC,362.0HP 3.0L V6 Cylinder Engine Gasoline Fuel
Audi,2017,"54,300 mi.",Gasoline,8-Speed A/T,None reported,Yes,"$53,500",605.0,4.0,8 CYLINDER,X6 xDrive50i,445.0HP 4.4L 8 Cylinder Engine Gasoline Fuel
Hyundai,2022,"30,565 mi.",Hybrid,A/T,None reported,Yes,"$29,000",395.0,2.0,4 CYLINDER,Tahoe LT,355.0HP 5.3L 8 Cylinder Engine Gasoline Fuel
Audi,2016,"142,666 mi.",Gasoline,8-Speed A/T,At least 1 accident or damage reported,Yes,"$22,000",450.0,4.0,8 CYLINDER,F-150 SVT Raptor,411.0HP 6.2L 8 Cylinder Engine Gasoline Fuel
Ford,2009,"166,200 mi.",Gasoline,A/T,At least 1 accident or damage reported,Yes,"$6,999",207.0,4.0,V6,Outback 3.0 R VDC Limited,250.0HP 3.0L Flat 6 Cylinder Engine Gasoline Fuel
INFINITI,2015,"88,977 mi.",Hybrid,7-Speed A/T,At least 1 accident or damage reported,Yes,"$19,977",354.0,3.5,V6,Romeo Giulia Ti,280.0HP 2.0L 4 Cylinder Engine Gasoline Fuel
BMW,2011,"114,890 mi.",Gasoline,Transmission w/Dual Shift Mode,None reported,Yes,"$20,990",414.0,4.0,8 CYLINDER,CX-7 Grand Touring,244.0HP 2.3L 4 Cylinder Engine Gasoline Fuel
Mercedes-Benz,2009,"171,000 mi.",Gasoline,5-Speed A/T,At least 1 accident or damage reported,Yes,"$4,750",268.0,3.5,V6,F-150 Platinum,250.0HP 3.0L V6 Cylinder Engine Diesel Fuel
Ford,2019,"90,067 mi.",Gasoline,6-Speed Automatic,None reported,No,"$28,590",350.0,3.5,V6,GLE 350 Base 4MATIC,2.0L I4 16V GDI DOHC Turbo
Chevrolet,2014,"97,579 mi.",Gasoline,Transmission w/Dual Shift Mode,At least 1 accident or damage reported,Yes,"$15,000",323.0,3.6,V6,A7 3.0T Premium Plus,333.0HP 3.0L V6 Cylinder Engine Gasoline Fuel
Mazda,2017,"52,000 mi.",Gasoline,6-Speed M/T,At least 1 accident or damage reported,Yes,"$20,500",155.0,2.0,4 CYLINDER,2500 Laramie,410.0HP 6.4L 8 Cylinder Engine Gasoline Fuel
Jeep,2021,"25,968 mi.",Gasoline,8-Speed Automatic,None reported,No,"$38,405",395.0,3.6,V6,Model S 70D,329.0HP Electric Motor Electric Fuel System
MINI,2016,"41,680 mi.",Gasoline,6-Speed A/T,None reported,Yes,"$17,495",189.0,2.0,4 CYLINDER,S8 4.0T Plus,605.0HP 4.0L 8 Cylinder Engine Gasoline Fuel
Saab,2002,"77,200 mi.",Gasoline,5-Speed M/T,None reported,Yes,"$7,500",205.0,2.0,4 CYLINDER,Sonata Hybrid Limited,192.0HP 2.0L 4 Cylinder Engine Gas/Electric Hybrid
BMW,2019,"50,000 mi.",Gasoline,8-Speed A/T,None reported,Yes,"$43,000",335.0,3.0,6 CYLINDER,A8 L 4.0T,450.0HP 4.0L 8 Cylinder Engine Gasoline Fuel
Porsche,2021,"21,613 mi.",Gasoline,Automatic,None reported,No,"$58,998",365.0,2.0,V6,Ranger Sport SuperCab,207.0HP 4.0L V6 Cylinder Engine Gasoline Fuel
Audi,2022,"17,377 mi.",Gasoline,Automatic,None reported,No,"$39,998",333.0,2.0,V6,Q50 Hybrid Premium,354.0HP 3.5L V6 Cylinder Engine Gas/Electric Hybrid
GMC,2020,"30,426 mi.",Gasoline,9-Speed Automatic,None reported,No,"$29,645",355.0,2.5,I4,M3 Base,414.0HP 4.0L 8 Cylinder Engine Gasoline Fuel
Audi,2005,"153,000 mi.",Gasoline,M/T,At least 1 accident or damage reported,Yes,"$6,500",250.0,2.7,V6,E-Class E 350 4MATIC,268.0HP 3.5L V6 Cylinder Engine Gasoline Fuel
Mercury,2004,"56,600 mi.",Gasoline,Transmission Overdrive Switch,None reported,Yes,"$23,000",302.0,4.6,8 CYLINDER,Explorer sport,3.5L V6 24V GDI DOHC Twin Turbo
Hyundai,2015,"116,612 mi.",Gasoline,8-Speed A/T,At least 1 accident or damage reported,Yes,"$12,700",311.0,3.8,V6,Camaro 1LT,323.0HP 3.6L V6 Cylinder Engine Gasoline Fuel
Audi,2018,"72,000 mi.",Gasoline,A/T,At least 1 accident or damage reported,Yes,"$30,000",354.0,3.0,V6,MX-5 Miata RF Grand Touring,155.0HP 2.0L 4 Cylinder Engine Gasoline Fuel
Audi,2019,"39,000 mi.",Hybrid,8-Speed A/T,None reported,Yes,"$50,000",335.0,3.0,V6,Grand Cherokee L Limited,3.6L V6 24V MPFI DOHC
Lincoln,2008,"149,000 mi.",Gasoline,A/T,None reported,Yes,"$10,099",300.0,5.4,8 CYLINDER,Hardtop Cooper S,189.0HP 2.0L 4 Cylinder Engine Gasoline Fuel
BMW,2018,"19,300 mi.",Gasoline,6-Speed M/T,None reported,Yes,"$64,000",425.0,3.0,6 CYLINDER,9-3 SE,205.0HP 2.0L 4 Cylinder Engine Gasoline Fuel
Mazda,2021,"27,836 mi.",Gasoline,6-Speed Automatic,None reported,Yes,"$36,969",253.0,2.5,I4,X5 xDrive40i,335.0HP 3.0L Straight 6 Cylinder Engine Gasoline Fuel
Chevrolet,2023,"3,273 mi.",Gasoline,Transmission w/Dual Shift Mode,None reported,Yes,"$78,999",490.0,6.2,8 CYLINDER,Macan,2.0 Liter
Ford,2017,"74,349 mi.",Gasoline,10-Speed A/T,None reported,Yes,"$36,000",375.0,3.5,V6,Q3 S line Premium Plus,2.0 Liter TFSI
Ford,2019,"85,000 mi.",Diesel,6-Speed A/T,At least 1 accident or damage reported,Yes,"$55,000",450.0,6.7,8 CYLINDER,Acadia SLE,2.5L I4 16V GDI DOHC
Ferrari,2022,"2,250 mi.",Gasoline,8-Speed A/T,None reported,Yes,"$259,500",611.0,3.9,8 CYLINDER,allroad 2.7T,250.0HP 2.7L V6 Cylinder Engine Gasoline Fuel
Mercedes-Benz,2017,"46,100 mi.",Gasoline,9-Speed A/T,At least 1 accident or damage reported,Yes,"$33,000",362.0,3.0,V6,Marauder Base,302.0HP 4.6L 8 Cylinder Engine Gasoline Fuel
Hyundai,2019,"49,500 mi.",Gasoline,8-Speed A/T,None reported,Yes,"$28,000",185.0,2.4,4 CYLINDER,Genesis 3.8,311.0HP 3.8L V6 Cylinder Engine Gasoline Fuel
Mercedes-Benz,2012,"31,130 mi.",Gasoline,7-Speed A/T,None reported,Yes,"$23,500",302.0,3.5,V6,SQ5 3.0T Premium Plus,354.0HP 3.0L V6 Cylinder Engine Gasoline Fuel
Ford,2008,"149,460 mi.",Diesel,A/T,At least 1 accident or damage reported,Yes,"$12,240",350.0,6.4,8 CYLINDER,A8 L 55,335.0HP 3.0L V6 Cylinder Engine Gasoline/Mild Electric Hybrid
Mercury,2003,"90,000 mi.",Gasoline,4-Speed A/T,At least 1 accident or damage reported,Yes,"$15,500",302.0,4.6,8 CYLINDER,Navigator Base,300.0HP 5.4L 8 Cylinder Engine Gasoline Fuel
Ford,2021,"48,000 mi.",E85 Flex Fuel,A/T,None reported,Yes,"$57,000",275.0,3.5,V6,M4 Base,425.0HP 3.0L Straight 6 Cylinder Engine Gasoline Fuel
Mercedes-Benz,2013,"98,000 mi.",Gasoline,A/T,At least 1 accident or damage reported,Yes,"$15,500",248.0,3.5,V6,CX-9 Carbon Edition,2.5L I4 16V GDI DOHC Turbo
Volkswagen,2022,"18,655 mi.",Gasoline,Automatic,None reported,No,"$38,698",200.0,2.0,V6,Corvette Stingray w/1LT,490.0HP 6.2L 8 Cylinder Engine Gasoline Fuel
Chevrolet,2006,"60,000 mi.",Gasoline,A/T,At least 1 accident or damage reported,Yes,"$24,950",325.0,8.1,8 CYLINDER,F-150 Lariat,375.0HP 3.5L V6 Cylinder Engine Gasoline Fuel
Chevrolet,2014,"169,500 mi.",E85 Flex Fuel,A/T,None reported,Yes,"$15,000",320.0,5.3,8 CYLINDER,F-250 Lariat,450.0HP 6.7L 8 Cylinder Engine Diesel Fuel
Mitsubishi,2008,"189,500 mi.",Gasoline,5-Speed M/T,None reported,Yes,"$6,000",162.0,2.4,4 CYLINDER,Roma Base,611.0HP 3.9L 8 Cylinder Engine Gasoline Fuel
Toyota,2016,"91,000 mi.",Gasoline,A/T,None reported,Yes,"$68,500",381.0,5.7,8 CYLINDER,GLS 450 Base 4MATIC,362.0HP 3.0L V6 Cylinder Engine Gasoline Fuel
Genesis,2022,"7,396 mi.",Gasoline,8-Speed Automatic,None reported,No,"$41,299",365.0,2.5,I4,Santa Fe SEL Plus 2.4,185.0HP 2.4L 4 Cylinder Engine Gasoline Fuel
Toyota,2004,"229,450 mi.",Gasoline,A/T,None reported,Yes,"$8,250",240.0,4.7,8 CYLINDER,E-Class E 350,302.0HP 3.5L V6 Cylinder Engine Gasoline Fuel
Maserati,2023,"8,603 mi.",Gasoline,8-Speed Automatic,None reported,No,"$125,900",405.0,3.0,V6,F-250 XLT SuperCab Super Duty,350.0HP 6.4L 8 Cylinder Engine Diesel Fuel
Audi,2014,"49,098 mi.",Gasoline,Transmission w/Dual Shift Mode,At least 1 accident or damage reported,Yes,"$44,900",450.0,4.2,8 CYLINDER,Marauder Base,302.0HP 4.6L 8 Cylinder Engine Gasoline Fuel
Nissan,2022,"21,212 mi.",Gasoline,Automatic CVT,None reported,No,"$28,906",284.0,1.5,I3,Transit-350 XLT,275.0HP 3.5L V6 Cylinder Engine Flex Fuel Capability
Porsche,2010,"62,743 mi.",Gasoline,Transmission w/Dual Shift Mode,None reported,Yes,"$28,600",400.0,4.8,8 CYLINDER,C-Class C 300 4MATIC Sport,248.0HP 3.5L V6 Cylinder Engine Gasoline Fuel
BMW,2021,"24,300 mi.",Hybrid,8-Speed A/T,None reported,Yes,"$49,999",382.0,3.0,6 CYLINDER,Arteon SEL R-Line,2.0 Liter TSI
Cadillac,2010,"104,000 mi.",E85 Flex Fuel,A/T,None reported,Yes,"$19,500",403.0,6.2,8 CYLINDER,Suburban 2500 LS,325.0HP 8.1L 8 Cylinder Engine Gasoline Fuel
Volvo,2020,"46,250 mi.",Gasoline,8-Speed Automatic,At least 1 accident or damage reported,Yes,"$27,800",281.0,2.0,I4,Suburban 1500 LT,320.0HP 5.3L 8 Cylinder Engine Flex Fuel Capability
Mazda,2023,"1,930 mi.",Gasoline,6-Speed Automatic,At least 1 accident or damage reported,Yes,"$40,655",253.0,2.5,I4,Eclipse GS,162.0HP 2.4L 4 Cylinder Engine Gasoline Fuel
Chrysler,2022,"61,494 mi.",Hybrid,Automatic CVT,None reported,No,"$35,850",292.0,3.6,V6,Land Cruiser Base,381.0HP 5.7L 8 Cylinder Engine Gasoline Fuel
Jeep,2020,"24,040 mi.",Gasoline,8-Speed Automatic,None reported,Yes,"$35,273",285.0,2.0,I4,G80 2.5T,2.5L I4 16V PDI DOHC Turbo
Toyota,2001,"231,581 mi.",Gasoline,A/T,None reported,Yes,"$4,300",220.0,3.0,V6,Tundra SR5 Access Cab,240.0HP 4.7L 8 Cylinder Engine Gasoline Fuel
Ford,2019,"81,000 mi.",Gasoline,10-Speed A/T,None reported,Yes,"$38,500",375.0,3.5,V6,Quattroporte Modena Q4,3.0L V6 24V GDI DOHC Twin Turbo
Land,2022,"23,568 mi.",Gasoline,Automatic,None reported,No,"$44,998",380.0,2.0,V6,RS 5 4.2,450.0HP 4.2L 8 Cylinder Engine Gasoline Fuel
Mazda,2020,"78,700 mi.",Gasoline,A/T,None reported,Yes,"$18,000",187.0,2.5,4 CYLINDER,Rogue S,1.5L I3 12V GDI DOHC Turbo
Kia,2015,"109,580 mi.",Gasoline,6-Speed A/T,At least 1 accident or damage reported,Yes,"$11,900",192.0,2.4,4 CYLINDER,Panamera 4S,400.0HP 4.8L 8 Cylinder Engine Gasoline Fuel
Lexus,2009,"178,000 mi.",Gasoline,A/T,At least 1 accident or damage reported,Yes,"$4,500",270.0,3.5,V6,M440 i xDrive,382.0HP 3.0L Straight 6 Cylinder Engine Gasoline/Mild Electric Hybrid
Mitsubishi,2016,"131,193 mi.",Gasoline,Automatic CVT,None reported,Yes,"$11,970",200.0,2.4,I4,Escalade Premium,403.0HP 6.2L 8 Cylinder Engine Flex Fuel Capability
Mercedes-Benz,2017,"106,000 mi.",Gasoline,9-Speed A/T,None reported,Yes,"$25,900",362.0,3.0,V6,S60 T6 Momentum,2.0L I4 16V GDI DOHC
Audi,2019,"28,211 mi.",Gasoline,Transmission w/Dual Shift Mode,At least 1 accident or damage reported,Yes,"$27,500",184.0,2.0,4 CYLINDER,CX-9 Touring Plus,2.5L I4 16V GDI DOHC Turbo
Audi,2015,"91,403 mi.",E85 Flex Fuel,8-Speed Automatic,None reported,No,"$14,998",333.0,2.0,I4,Pacifica Hybrid Touring L,3.6L V6 24V MPFI DOHC Hybrid
Mercedes-Benz,2016,"88,600 mi.",Gasoline,A/T,At least 1 accident or damage reported,Yes,"$16,800",208.0,2.0,4 CYLINDER,Wrangler Unlimited Sport,2.0L I4 16V GDI DOHC Turbo
INFINITI,2011,"84,900 mi.",Gasoline,7-Speed A/T,None reported,No,"$22,450",390.0,5.0,8 CYLINDER,Highlander Base,220.0HP 3.0L V6 Cylinder Engine Gasoline Fuel
Kia,2021,"11,154 mi.",Gasoline,8-Speed Automatic,None reported,No,"$28,998",290.0,1.6,I4,F-150 Lariat,375.0HP 3.5L V6 Cylinder Engine Gasoline Fuel
BMW,2018,"45,090 mi.",Plug-In Hybrid,8-Speed A/T,At least 1 accident or damage reported,Yes,"$30,750",313.0,2.0,4 CYLINDER,Bronco,–
Mercedes-Benz,2003,"33,272 mi.",Gasoline,A/T,At least 1 accident or damage reported,Yes,"$11,900",192.0,2.3,4 CYLINDER,Rover Discovery Sport S R-Dynamic,2.0 Liter
Jeep,2003,"71,000 mi.",Gasoline,5-Speed M/T,None reported,Yes,"$12,499",150.0,2.4,4 CYLINDER,Mazda6 Touring,187.0HP 2.5L 4 Cylinder Engine Gasoline Fuel
Kia,2020,"55,400 mi.",Gasoline,8-Speed A/T,None reported,No,"$36,500",291.0,3.8,V6,Optima EX,192.0HP 2.4L 4 Cylinder Engine Gasoline Fuel
Land,2012,"141,525 mi.",Gasoline,A/T,None reported,Yes,"$14,490",375.0,5.0,8 CYLINDER,RX 350 Base,270.0HP 3.5L V6 Cylinder Engine Gasoline Fuel
Jaguar,2007,"50,000 mi.",Gasoline,Transmission w/Dual Shift Mode,At least 1 accident or damage reported,Yes,"$21,900",420.0,4.2,8 CYLINDER,Outlander Sport 2.4 SE,2.4L I4 16V MPFI DOHC
BMW,2020,"29,140 mi.",Gasoline,M/T,None reported,Yes,"$71,995",425.0,3.0,6 CYLINDER,GLS 450 Base 4MATIC,362.0HP 3.0L V6 Cylinder Engine Gasoline Fuel
BMW,2022,"9,000 mi.",Hybrid,8-Speed A/T,None reported,Yes,"$56,900",382.0,3.0,6 CYLINDER,A3 2.0T Premium,184.0HP 2.0L 4 Cylinder Engine Gasoline Fuel
Mercedes-Benz,2021,"5,595 mi.",Hybrid,Automatic,None reported,No,"$83,598",362.0,3.0,V6,A4 2.0T Premium,2.0L I4 16V GDI DOHC Turbo Flexible Fuel
RAM,2022,"34,121 mi.",Gasoline,Automatic,None reported,No,"$48,190",395.0,5.7,V8,CLA-Class CLA 250,208.0HP 2.0L 4 Cylinder Engine Gasoline Fuel
BMW,2013,"36,750 mi.",Gasoline,A/T,None reported,Yes,"$35,999",445.0,4.4,8 CYLINDER,FX50 Base,390.0HP 5.0L 8 Cylinder Engine Gasoline Fuel
Mercedes-Benz,2007,"49,626 mi.",Gasoline,A/T,None reported,Yes,"$12,000",228.0,3.0,V6,K5 EX,1.6L I4 16V GDI DOHC Turbo
Jeep,2017,"45,000 mi.",Gasoline,A/T,At least 1 accident or damage reported,Yes,"$16,500",172.0,2.4,4 CYLINDER,X5 eDrive xDrive40e,313.0HP 2.0L 4 Cylinder Engine Plug-In Electric/Gas
Toyota,2019,"69,350 mi.",Hybrid,A/T,None reported,Yes,"$36,000",306.0,3.5,V6,SLK-Class SLK230 Kompressor,192.0HP 2.3L 4 Cylinder Engine Gasoline Fuel
BMW,2022,"8,307 mi.",Gasoline,8-Speed Automatic,None reported,No,"$98,900",335.0,4.4,V8,Wrangler SE,150.0HP 2.4L 4 Cylinder Engine Gasoline Fuel
BMW,2023,"4,106 mi.",Gasoline,6-Speed Manual,None reported,Yes,"$84,645",335.0,3.0,I6,Telluride SX,291.0HP 3.8L V6 Cylinder Engine Gasoline Fuel
BMW,1999,"184,700 mi.",Gasoline,5-Speed M/T,None reported,Yes,"$36,950",240.0,3.2,6 CYLINDER,Rover LR4 Lux,375.0HP 5.0L 8 Cylinder Engine Gasoline Fuel
Maserati,2018,"57,500 mi.",Gasoline,8-Speed A/T,None reported,Yes,"$41,900",424.0,3.0,V6,XKR Base,420.0HP 4.2L 8 Cylinder Engine Gasoline Fuel
Acura,2021,"29,000 mi.",Gasoline,10-Speed A/T,None reported,Yes,"$39,650",272.0,2.0,4 CYLINDER,M4 Base,425.0HP 3.0L Straight 6 Cylinder Engine Gasoline Fuel
Mercedes-Benz,2015,"61,675 mi.",Gasoline,Transmission w/Dual Shift Mode,At least 1 accident or damage reported,Yes,"$19,000",208.0,2.0,4 CYLINDER,M340 i xDrive,382.0HP 3.0L Straight 6 Cylinder Engine Gasoline/Mild Electric Hybrid
Mercedes-Benz,2021,"33,300 mi.",Diesel,7-Speed A/T,None reported,Yes,"$45,000",188.0,3.0,V6,AMG GLE 53 AMG GLE 53,3.0 Liter Turbo
Cadillac,2014,"62,950 mi.",Gasoline,6-Speed A/T,At least 1 accident or damage reported,Yes,"$17,498",304.0,3.6,V6,1500 Laramie,5.7L V8 16V MPFI OHV
Chevrolet,2015,"56,675 mi.",Gasoline,Transmission w/Dual Shift Mode,None reported,Yes,"$19,750",323.0,3.6,V6,ALPINA B7 Base,445.0HP 4.4L 8 Cylinder Engine Gasoline Fuel
Porsche,2013,"92,000 mi.",Gasoline,8-Speed A/T,None reported,Yes,"$23,000",400.0,4.8,8 CYLINDER,C-Class C280 4MATIC,228.0HP 3.0L V6 Cylinder Engine Gasoline Fuel
Dodge,2005,"96,000 mi.",Gasoline,5-Speed A/T,At least 1 accident or damage reported,Yes,"$12,000",340.0,5.7,8 CYLINDER,Compass High Altitude,172.0HP 2.4L 4 Cylinder Engine Gasoline Fuel
INFINITI,2014,"33,500 mi.",Gasoline,7-Speed A/T,None reported,Yes,"$23,000",330.0,3.7,V6,Highlander Hybrid XLE,306.0HP 3.5L V6 Cylinder Engine Gas/Electric Hybrid
Land,2020,"16,754 mi.",Gasoline,8-Speed A/T,None reported,Yes,"$112,000",557.0,5.0,8 CYLINDER,X5 M Base,4.4L V8 32V GDI DOHC Twin Turbo
Toyota,2007,"53,249 mi.",Hybrid,A/T,At least 1 accident or damage reported,Yes,"$9,250",147.0,2.4,4 CYLINDER,M3 Base,3.0L I6 24V GDI DOHC Twin Turbo
GMC,2016,"119,000 mi.",Gasoline,A/T,None reported,Yes,"$12,500",281.0,3.6,V6,M3 Base,240.0HP 3.2L Straight 6 Cylinder Engine Gasoline Fuel
Lincoln,2021,"29,336 mi.",Gasoline,8-Speed Automatic,None reported,No,"$36,999",304.0,2.0,I4,Quattroporte S Q4 GranLusso,424.0HP 3.0L V6 Cylinder Engine Gasoline Fuel
RAM,2017,"86,000 mi.",Diesel,6-Speed A/T,At least 1 accident or damage reported,Yes,"$41,000",350.0,6.7,6 CYLINDER,RDX Advance Package,272.0HP 2.0L 4 Cylinder Engine Gasoline Fuel
RAM,2014,"177,000 mi.",Diesel,6-Speed A/T,At least 1 accident or damage reported,Yes,"$40,500",395.0,6.7,6 CYLINDER,GLA-Class GLA 250 4MATIC,208.0HP 2.0L 4 Cylinder Engine Gasoline Fuel
Mercedes-Benz,2013,"93,500 mi.",Gasoline,A/T,At least 1 accident or damage reported,Yes,"$15,900",362.0,4.6,8 CYLINDER,Sprinter 3500XD High Roof,188.0HP 3.0L V6 Cylinder Engine Diesel Fuel
BMW,2018,"47,700 mi.",Gasoline,8-Speed A/T,At least 1 accident or damage reported,Yes,"$54,999",600.0,4.4,8 CYLINDER,XTS Luxury,304.0HP 3.6L V6 Cylinder Engine Gasoline Fuel
Ford,2003,"97,496 mi.",Gasoline,6-Speed M/T,None reported,No,"$24,500",390.0,4.6,8 CYLINDER,Camaro 2LT,323.0HP 3.6L V6 Cylinder Engine Gasoline Fuel
Acura,2022,"16,120 mi.",Gasoline,8-Speed Automatic with Auto-Shift,None reported,No,"$26,599",279.5,2.4,I4,Cayenne S,400.0HP 4.8L 8 Cylinder Engine Gasoline Fuel
Buick,2005,"147,589 mi.",Gasoline,A/T,At least 1 accident or damage reported,Yes,"$2,800",275.0,4.2,6 CYLINDER,Magnum R/T,340.0HP 5.7L 8 Cylinder Engine Gasoline Fuel
Cadillac,2013,"95,570 mi.",E85 Flex Fuel,A/T,At least 1 accident or damage reported,Yes,"$22,000",403.0,6.2,8 CYLINDER,Q70 3.7X,330.0HP 3.7L V6 Cylinder Engine Gasoline Fuel
Mercedes-Benz,2018,"45,791 mi.",Gasoline,9-Speed A/T,None reported,Yes,"$52,000",463.0,4.0,8 CYLINDER,Rover Range Rover SV Autobiography Dynamic SWB,557.0HP 5.0L 8 Cylinder Engine Gasoline Fuel
INFINITI,2016,"60,000 mi.",Gasoline,7-Speed A/T,At least 1 accident or damage reported,Yes,"$25,950",400.0,5.6,8 CYLINDER,Camry Hybrid Base,147.0HP 2.4L 4 Cylinder Engine Gas/Electric Hybrid
Buick,2019,"50,000 mi.",Gasoline,6-Speed A/T,None reported,Yes,"$18,795",155.0,1.4,4 CYLINDER,Acadia SLT-1,281.0HP 3.6L V6 Cylinder Engine Gasoline Fuel
Mercedes-Benz,2019,"33,481 mi.",Gasoline,9-Speed Automatic,None reported,No,"$43,999",362.0,3.0,V6,Corsair Reserve,2.0L I4 16V GDI DOHC Turbo
Jeep,2010,"107,000 mi.",Gasoline,A/T,None reported,Yes,"$5,900",395.0,3.7,V6,2500 SLT,350.0HP 6.7L Straight 6 Cylinder Engine Diesel Fuel
Mercedes-Benz,2011,"60,000 mi.",Gasoline,Transmission w/Dual Shift Mode,At least 1 accident or damage reported,Yes,"$37,000",536.0,5.5,8 CYLINDER,3500 Laramie,385.0HP 6.7L Straight 6 Cylinder Engine Diesel Fuel
Audi,2016,"55,000 mi.",Gasoline,A/T,None reported,Yes,"$28,000",333.0,3.0,V6,GL-Class GL 450 4MATIC,362.0HP 4.6L 8 Cylinder Engine Gasoline Fuel
Mazda,2022,"4,004 mi.",Gasoline,6-Speed A/T,None reported,Yes,"$25,500",186.0,2.5,4 CYLINDER,M5 Base,600.0HP 4.4L 8 Cylinder Engine Gasoline Fuel
Bentley,2009,"57,800 mi.",Gasoline,6-Speed A/T,None reported,No,"$59,400",600.0,6.0,12 CYLINDER,Mustang SVT Cobra,390.0HP 4.6L 8 Cylinder Engine Gasoline Fuel
Bentley,2022,"10,972 mi.",Gasoline,8-Speed Automatic with Auto-Shift,None reported,Yes,"$217,950",580.0,4.0,V8,ILX Premium Package,2.4L I4 16V GDI DOHC
Bentley,2022,"27,858 mi.",Gasoline,8-Speed Automatic with Auto-Shift,None reported,Yes,"$197,750",573.5,4.0,V8,Rainier CXL,275.0HP 4.2L Straight 6 Cylinder Engine Gasoline Fuel
Porsche,2018,"31,678 mi.",Gasoline,–,None reported,No,"$106,798",365.0,3.0,V6,Escalade Luxury,403.0HP 6.2L 8 Cylinder Engine Flex Fuel Capability
Volkswagen,2016,"47,144 mi.",Gasoline,6-Speed M/T,None reported,Yes,"$29,950",292.0,2.0,4 CYLINDER,S-Class S 560,463.0HP 4.0L 8 Cylinder Engine Gasoline Fuel
Hyundai,2011,"165,454 mi.",Gasoline,6-Speed A/T,At least 1 accident or damage reported,Yes,"$4,000",306.0,3.8,V6,QX80 Base,400.0HP 5.6L 8 Cylinder Engine Gasoline Fuel
Ford,2018,"98,000 mi.",Gasoline,10-Speed A/T,At least 1 accident or damage reported,Yes,"$25,500",375.0,3.5,V6,Encore Preferred,138.0HP 1.4L 4 Cylinder Engine Gasoline Fuel
Hyundai,2020,"39,913 mi.",Gasoline,6-Speed Automatic,None reported,No,"$22,749",395.0,2.4,I4,GLS 450 Base 4MATIC,3.0L V6 24V GDI DOHC Twin Turbo
Ford,2013,"147,191 mi.",Gasoline,6-Speed A/T,At least 1 accident or damage reported,Yes,"$12,990",305.0,3.7,V6,Liberty Limited,210.0HP 3.7L V6 Cylinder Engine Gasoline Fuel
BMW,2014,"53,600 mi.",Gasoline,8-Speed A/T,None reported,Yes,"$25,980",300.0,3.0,6 CYLINDER,S-Class S 63 AMG,536.0HP 5.5L 8 Cylinder Engine Gasoline Fuel
Mercedes-Benz,2020,"1,750 mi.",Gasoline,9-Speed A/T,None reported,Yes,"$199,995",577.0,4.0,8 CYLINDER,A8 L 3.0T,333.0HP 3.0L V6 Cylinder Engine Gasoline Fuel
Dodge,2020,"2,750 mi.",Gasoline,8-Speed A/T,None reported,Yes,"$104,500",797.0,6.2,8 CYLINDER,CX-30 2.5 S Select Package,186.0HP 2.5L 4 Cylinder Engine Gasoline Fuel
Porsche,2013,"40,800 mi.",Gasoline,7-Speed A/T,None reported,Yes,"$35,500",265.0,2.7,6 CYLINDER,Continental GT Speed,600.0HP 6.0L 12 Cylinder Engine Gasoline Fuel
Porsche,2018,"36,798 mi.",Gasoline,7-Speed Automatic with Auto-Shift,At least 1 accident or damage reported,Yes,"$49,500",365.0,2.0,I4,Continental GT V8,4.0L V8 32V GDI DOHC Twin Turbo
Ford,2021,"77,699 mi.",Diesel,Automatic,None reported,No,"$49,883",350.0,6.7,V8,Flying Spur V8,4.0L V8 32V GDI DOHC Twin Turbo
Ford,2010,"87,500 mi.",Gasoline,A/T,At least 1 accident or damage reported,Yes,"$14,900",315.0,4.6,8 CYLINDER,911 Carrera 4S,3.0 Liter
Chevrolet,2020,"93,000 mi.",Gasoline,A/T,None reported,Yes,"$38,500",355.0,5.3,8 CYLINDER,Golf R 4-Door,292.0HP 2.0L 4 Cylinder Engine Gasoline Fuel
Mercedes-Benz,2018,"41,515 mi.",Gasoline,9-Speed Automatic,None reported,Yes,"$28,251",362.0,2.0,I4,Genesis Coupe 3.8 Grand Touring,306.0HP 3.8L V6 Cylinder Engine Gasoline Fuel
RAM,2019,"19,000 mi.",E85 Flex Fuel,8-Speed Automatic,At least 1 accident or damage reported,No,"$33,242",300.0,3.6,V6,F-150 XLT,375.0HP 3.5L V6 Cylinder Engine Gasoline Fuel
Toyota,2023,"1,539 mi.",Hybrid,Automatic,At least 1 accident or damage reported,Yes,"$76,373",270.0,3.4,V6,Tucson Limited,2.4L I4 16V GDI DOHC
BMW,2018,"31,090 mi.",Gasoline,8-Speed A/T,At least 1 accident or damage reported,Yes,"$68,000",600.0,4.4,8 CYLINDER,Mustang V6,305.0HP 3.7L V6 Cylinder Engine Gasoline Fuel
Mazda,2022,"21,701 mi.",Gasoline,6-Speed Automatic,None reported,No,"$25,099",186.0,2.5,I4,435 i,300.0HP 3.0L Straight 6 Cylinder Engine Gasoline Fuel
Nissan,2016,"97,726 mi.",Gasoline,Variable,At least 1 accident or damage reported,No,"$15,998",284.0,2.5,V6,Challenger R/T,–
Audi,2015,"73,000 mi.",Diesel,8-Speed A/T,None reported,Yes,"$34,000",240.0,3.0,V6,AMG G 63 Base,577.0HP 4.0L 8 Cylinder Engine Gasoline Fuel
Genesis,2020,"23,600 mi.",Gasoline,A/T,None reported,Yes,"$31,900",311.0,3.8,V6,Challenger SRT Hellcat,797.0HP 6.2L 8 Cylinder Engine Gasoline Fuel
Rolls-Royce,2016,"8,755 mi.",Gasoline,A/T,None reported,Yes,"$166,900",563.0,6.6,12 CYLINDER,Boxster Base,265.0HP 2.7L Flat 6 Cylinder Engine Gasoline Fuel
BMW,2019,"20,500 mi.",Gasoline,Transmission w/Dual Shift Mode,None reported,Yes,"$67,900",560.0,4.4,8 CYLINDER,Macan Base,2.0L I4 16V GDI DOHC Turbo
Ford,2013,"57,912 mi.",Gasoline,6-Speed M/T,At least 1 accident or damage reported,Yes,"$18,750",305.0,3.7,V6,F-250 XL,6.7L V8 32V DDI OHV Turbo Diesel
BMW,2009,"35,000 mi.",Gasoline,A/T,None reported,Yes,"$18,500",360.0,4.8,8 CYLINDER,Mustang GT,315.0HP 4.6L 8 Cylinder Engine Gasoline Fuel
Nissan,2023,"7,089 mi.",electric,1-Speed A/T,At least 1 accident or damage reported,Yes,"$29,895",214.0,3.5,V6,Suburban LT,355.0HP 5.3L 8 Cylinder Engine Gasoline Fuel
Lincoln,2019,"35,469 mi.",Gasoline,6-Speed Automatic,None reported,No,"$30,890",304.0,2.3,I4,C-Class C 300 4MATIC,2.0L I4 16V GDI DOHC Turbo
Kia,2022,"14,676 mi.",Gasoline,8-Speed Automatic,None reported,No,"$46,787",291.0,3.8,V6,1500 Classic Warlock,3.6L V6 24V MPFI DOHC Flexible Fuel
Lincoln,2022,"13,750 mi.",Gasoline,10-Speed A/T,None reported,Yes,"$79,999",440.0,3.5,V6,Sequoia SR5,3.4L V6 24V PDI DOHC Twin Turbo Hybrid
Mercedes-Benz,2015,"13,300 mi.",Gasoline,A/T,None reported,Yes,"$62,500",449.0,4.7,8 CYLINDER,M5 Base,600.0HP 4.4L 8 Cylinder Engine Gasoline Fuel
Chevrolet,2017,"117,000 mi.",Gasoline,6-Speed A/T,None reported,Yes,"$27,000",355.0,6.0,8 CYLINDER,Mazda3 FWD w/Premium Package,2.5L I4 16V
Audi,2020,"27,100 mi.",Hybrid,A/T,None reported,Yes,"$50,000",335.0,3.0,V6,Rogue SL,"2.5L I-4 DOHC, variable valve control, regular unleaded, engine"
Ford,2017,"89,352 mi.",Gasoline,6-Speed A/T,At least 1 accident or damage reported,Yes,"$20,989",310.0,2.3,4 CYLINDER,A7 3.0T Prestige,240.0HP 3.0L V6 Cylinder Engine Diesel Fuel
Chevrolet,2018,"100,000 mi.",Gasoline,A/T,At least 1 accident or damage reported,Yes,"$8,500",153.0,1.4,4 CYLINDER,G80 3.8,311.0HP 3.8L V6 Cylinder Engine Gasoline Fuel
Land,2020,"16,000 mi.",Hybrid,A/T,None reported,Yes,"$75,500",395.0,3.0,6 CYLINDER,Ghost Base,563.0HP 6.6L 12 Cylinder Engine Gasoline Fuel
Land,2023,"15,200 mi.",Gasoline,A/T,None reported,Yes,"$62,999",296.0,2.0,4 CYLINDER,M6 Gran Coupe Base,560.0HP 4.4L 8 Cylinder Engine Gasoline Fuel
BMW,2012,"39,960 mi.",Gasoline,6-Speed M/T,None reported,Yes,"$38,995",400.0,4.4,8 CYLINDER,Mustang V6,305.0HP 3.7L V6 Cylinder Engine Gasoline Fuel
Ford,2008,"119,000 mi.",Gasoline,A/T,At least 1 accident or damage reported,Yes,"$13,500",210.0,4.0,V6,650 i,360.0HP 4.8L 8 Cylinder Engine Gasoline Fuel
Kia,2022,"10,971 mi.",Gasoline,8-Speed Automatic,None reported,No,"$29,998",290.0,1.6,I4,Leaf SV PLUS,214.0HP Electric Motor Electric Fuel System
Mazda,2014,"118,500 mi.",Gasoline,M/T,At least 1 accident or damage reported,Yes,"$11,500",155.0,2.0,4 CYLINDER,MKC Reserve,2.3L I4 16V GDI DOHC Turbo
Kia,2021,"8,288 mi.",Gasoline,8-Speed A/T,None reported,Yes,"$45,899",365.0,3.3,V6,Telluride EX,3.8L V6 24V GDI DOHC
Chevrolet,2023,"2,950 mi.",Gasoline,10-Speed A/T,None reported,Yes,"$74,500",650.0,6.2,8 CYLINDER,Navigator Reserve,440.0HP 3.5L V6 Cylinder Engine Gasoline Fuel
Mercedes-Benz,2017,"73,000 mi.",Gasoline,7-Speed A/T,At least 1 accident or damage reported,Yes,"$78,000",563.0,5.5,8 CYLINDER,S-Class S 550 4MATIC,449.0HP 4.7L 8 Cylinder Engine Gasoline Fuel
Ford,2005,"82,000 mi.",Gasoline,Transmission w/Dual Shift Mode,None reported,Yes,"$14,900",280.0,3.9,8 CYLINDER,Suburban LT,6.0L 8 Cylinder Engine Gasoline Fuel
GMC,2017,"49,105 mi.",Gasoline,8-Speed A/T,None reported,Yes,"$39,750",420.0,6.2,8 CYLINDER,A7 55 Premium,335.0HP 3.0L V6 Cylinder Engine Gasoline/Mild Electric Hybrid
Kia,2023,"5,500 mi.",Gasoline,8-Speed A/T,None reported,Yes,"$40,000",291.0,3.8,V6,Mustang EcoBoost Premium,310.0HP 2.3L 4 Cylinder Engine Gasoline Fuel
Chevrolet,2005,"36,700 mi.",Gasoline,6-Speed M/T,None reported,Yes,"$26,000",400.0,6.0,8 CYLINDER,Cruze LS,153.0HP 1.4L 4 Cylinder Engine Gasoline Fuel
BMW,2014,"40,000 mi.",Gasoline,Transmission w/Dual Shift Mode,None reported,Yes,"$34,000",445.0,4.4,8 CYLINDER,Rover Range Rover HSE SWB,395.0HP 3.0L Straight 6 Cylinder Engine Gasoline/Mild Electric Hybrid
Nissan,2017,"78,110 mi.",Gasoline,A/T,None reported,No,"$17,500",170.0,2.5,4 CYLINDER,Rover Defender S,296.0HP 2.0L 4 Cylinder Engine Gasoline Fuel
GMC,2015,"74,864 mi.",Gasoline,A/T,None reported,Yes,"$19,780",288.0,3.6,V6,650 i,400.0HP 4.4L 8 Cylinder Engine Gasoline Fuel
Cadillac,2021,"15,350 mi.",Gasoline,10-Speed A/T,None reported,Yes,"$93,500",420.0,6.2,8 CYLINDER,Mustang Base,210.0HP 4.0L V6 Cylinder Engine Gasoline Fuel
Nissan,2010,"46,100 mi.",Gasoline,6-Speed A/T,None reported,Yes,"$72,999",485.0,3.8,V6,K5 GT-Line,1.6L I4 16V GDI DOHC Turbo
Toyota,2018,"61,454 mi.",Gasoline,A/T,None reported,Yes,"$31,000",295.0,3.5,V6,Mazda3 i Touring,155.0HP 2.0L 4 Cylinder Engine Gasoline Fuel
BMW,2020,"45,241 mi.",Gasoline,A/T,None reported,Yes,"$54,500",335.0,3.0,6 CYLINDER,Stinger GT1,365.0HP 3.3L V6 Cylinder Engine Gasoline Fuel
INFINITI,2018,"48,000 mi.",Gasoline,CVT Transmission,None reported,Yes,"$27,000",295.0,3.5,V6,Camaro ZL1,650.0HP 6.2L 8 Cylinder Engine Gasoline Fuel
Lexus,2010,"68,500 mi.",Gasoline,6-Speed M/T,None reported,Yes,"$18,500",204.0,2.5,V6,AMG G 63 Base,563.0HP 5.5L 8 Cylinder Engine Gasoline Fuel
GMC,2019,"43,433 mi.",Gasoline,Automatic,None reported,No,"$51,899",355.0,5.3,V8,Thunderbird Premium,280.0HP 3.9L 8 Cylinder Engine Gasoline Fuel
Chevrolet,2005,"122,961 mi.",Gasoline,4-Speed Automatic,None reported,Yes,"$20,995",355.0,6.0,V8,e-tron Prestige,Electric
Dodge,2014,"92,861 mi.",Gasoline,5-Speed A/T,None reported,Yes,"$19,750",375.0,5.7,8 CYLINDER,Sierra 1500 SLT,420.0HP 6.2L 8 Cylinder Engine Gasoline Fuel
Hyundai,2016,"72,000 mi.",Gasoline,8-Speed A/T,None reported,Yes,"$21,400",429.0,5.0,8 CYLINDER,Telluride LX,291.0HP 3.8L V6 Cylinder Engine Gasoline Fuel
Lamborghini,2019,"6,929 mi.",Gasoline,A/T,None reported,Yes,"$649,999",770.0,6.5,V12,Corvette Base,400.0HP 6.0L 8 Cylinder Engine Gasoline Fuel
Ford,2003,"83,000 mi.",Gasoline,A/T,None reported,Yes,"$10,500",260.0,4.6,8 CYLINDER,650 i,445.0HP 4.4L 8 Cylinder Engine Gasoline Fuel
Toyota,2023,"8,200 mi.",Hybrid,10-Speed A/T,None reported,Yes,"$78,900",395.0,3.4,V6,Rogue SL,170.0HP 2.5L 4 Cylinder Engine Gasoline Fuel
Land,2020,"19,000 mi.",Hybrid,Transmission w/Dual Shift Mode,None reported,No,"$74,900",395.0,3.0,6 CYLINDER,Acadia Denali,288.0HP 3.6L V6 Cylinder Engine Gasoline Fuel
Jeep,2022,"12,875 mi.",Gasoline,8-Speed Automatic,None reported,No,"$42,599",395.0,3.6,V6,Escalade Premium Luxury Platinum,420.0HP 6.2L 8 Cylinder Engine Gasoline Fuel
Maserati,2015,"32,000 mi.",Gasoline,A/T,None reported,Yes,"$36,000",454.0,4.7,8 CYLINDER,GT-R Premium,485.0HP 3.8L V6 Cylinder Engine Gasoline Fuel
BMW,2013,"61,145 mi.",Gasoline,7-Speed A/T,At least 1 accident or damage reported,Yes,"$37,500",560.0,4.4,8 CYLINDER,Highlander XLE,295.0HP 3.5L V6 Cylinder Engine Gasoline Fuel
Mercedes-Benz,2022,"9,612 mi.",Gasoline,"Automatic, 9-Spd 9G-Tronic",None reported,No,"$43,900",362.0,2.0,V6,X7 xDrive40i,335.0HP 3.0L Straight 6 Cylinder Engine Gasoline Fuel
Land,2023,"3,534 mi.",Hybrid,Automatic,None reported,No,"$143,998",380.0,4.4,V6,QX60 Base,295.0HP 3.5L V6 Cylinder Engine Gasoline Fuel
Ford,2011,"152,000 mi.",Gasoline,6-Speed A/T,None reported,Yes,"$14,000",365.0,3.5,V6,IS 250C Base,204.0HP 2.5L V6 Cylinder Engine Gasoline Fuel
Audi,2012,"129,567 mi.",Gasoline,A/T,None reported,Yes,"$7,000",211.0,2.0,4 CYLINDER,Sierra 1500 Denali,5.3L V8 16V GDI OHV
BMW,2019,"36,000 mi.",Gasoline,8-Speed A/T,At least 1 accident or damage reported,Yes,"$41,995",335.0,3.0,6 CYLINDER,SSR Base,6.0L V8 16V MPFI OHV
BMW,2009,"92,008 mi.",Gasoline,6-Speed A/T,None reported,Yes,"$12,500",300.0,3.0,6 CYLINDER,Challenger R/T,375.0HP 5.7L 8 Cylinder Engine Gasoline Fuel
Ford,1998,"63,900 mi.",Gasoline,A/T,None reported,Yes,"$10,300",150.0,3.8,V6,Equus Signature,429.0HP 5.0L 8 Cylinder Engine Gasoline Fuel
Toyota,2012,"150,900 mi.",Gasoline,A/T,None reported,Yes,"$17,500",395.0,5.7,8 CYLINDER,Aventador SVJ Base,759.0HP 6.5L 12 Cylinder Engine Gasoline Fuel
Land,2018,"38,020 mi.",Gasoline,Automatic,None reported,No,"$63,998",380.0,5.0,V6,Mustang GT,260.0HP 4.6L 8 Cylinder Engine Gasoline Fuel
Audi,2021,"14,750 mi.",Hybrid,Transmission w/Dual Shift Mode,None reported,Yes,"$61,059",335.0,3.0,V6,e-tron Premium,Electric
Subaru,2015,"52,500 mi.",Gasoline,6-Speed M/T,None reported,Yes,"$23,000",268.0,2.0,4 CYLINDER,Sequoia Limited,437.0HP 3.4L V6 Cylinder Engine Gas/Electric Hybrid
Chevrolet,2017,"207,571 mi.",Gasoline,6-Speed A/T,At least 1 accident or damage reported,Yes,"$21,000",355.0,5.3,8 CYLINDER,Rover Range Rover Sport HST MHEV,395.0HP 3.0L Straight 6 Cylinder Engine Gasoline/Mild Electric Hybrid
INFINITI,2020,"39,000 mi.",Gasoline,A/T,None reported,Yes,"$29,900",295.0,3.5,V6,Grand Cherokee L Limited,3.6L V6 24V MPFI DOHC
Porsche,2011,"66,000 mi.",Gasoline,A/T,None reported,No,"$28,000",265.0,2.9,6 CYLINDER,GranTurismo Sport,454.0HP 4.7L 8 Cylinder Engine Gasoline Fuel
INFINITI,2017,"93,500 mi.",Gasoline,A/T,None reported,Yes,"$16,000",295.0,3.5,V6,M5 Base,560.0HP 4.4L 8 Cylinder Engine Gasoline Fuel
BMW,2018,"7,200 mi.",Gasoline,7-Speed A/T,None reported,Yes,"$64,000",425.0,3.0,6 CYLINDER,C-Class 4MATIC Sedan,"2L I-4 gasoline direct injection, DOHC, variable valve control,"
Maserati,2022,"1,220 mi.",Gasoline,"Automatic, 8-Spd Dual-Clutch",None reported,No,"$238,900",405.0,3.0,V6,Rover Range Rover Sport First Edition,4.4 Liter
Land,2023,"8,421 mi.",Hybrid,A/T,None reported,Yes,"$90,000",395.0,3.0,6 CYLINDER,F-150 Lariat,365.0HP 3.5L V6 Cylinder Engine Gasoline Fuel
BMW,2020,"25,520 mi.",Gasoline,8-Speed Automatic,None reported,No,"$84,900",335.0,4.4,V8,A4 2.0T Premium,211.0HP 2.0L 4 Cylinder Engine Gasoline Fuel
Volvo,2023,"17,000 mi.",electric,A/T,None reported,Yes,"$54,900",402.0,3.5,V6,540 i xDrive,335.0HP 3.0L Straight 6 Cylinder Engine Gasoline Fuel
Mercedes-Benz,2011,"41,314 mi.",Gasoline,Transmission w/Dual Shift Mode,At least 1 accident or damage reported,Yes,"$30,999",382.0,5.5,8 CYLINDER,X6 xDrive35i,300.0HP 3.0L Straight 6 Cylinder Engine Gasoline Fuel
Land,2020,"49,899 mi.",Gasoline,Transmission w/Dual Shift Mode,At least 1 accident or damage reported,Yes,"$64,500",518.0,5.0,8 CYLINDER,Mustang Base,150.0HP 3.8L V6 Cylinder Engine Gasoline Fuel
Ford,2012,"186,268 mi.",E85 Flex Fuel,6-Speed A/T,None reported,Yes,"$4,500",240.0,3.0,V6,Sequoia Limited,381.0HP 5.7L 8 Cylinder Engine Gasoline Fuel
Lexus,2016,"51,335 mi.",Gasoline,6-Speed A/T,At least 1 accident or damage reported,Yes,"$25,995",268.0,3.5,V6,Challenger R/T Scat Pack,–
Porsche,2019,"10,400 mi.",Gasoline,A/T,None reported,Yes,"$99,750",365.0,2.5,4 CYLINDER,Rover Range Rover 3.0L Supercharged,5.0 Liter
Mercedes-Benz,2020,"20,622 mi.",Gasoline,Automatic,None reported,No,"$142,998",362.0,4.0,V6,Q8 55 Premium Plus,335.0HP 3.0L V6 Cylinder Engine Gasoline/Mild Electric Hybrid
RAM,2022,"19,376 mi.",Gasoline,Automatic,None reported,Yes,"$45,861",350.0,5.7,V8,WRX Base,268.0HP 2.0L 4 Cylinder Engine Gasoline Fuel
Audi,2020,"12,245 mi.",Gasoline,7-Speed Automatic with Auto-Shift,None reported,No,"$187,900",333.0,5.2,V6,Suburban LT,355.0HP 5.3L 8 Cylinder Engine Gasoline Fuel
Mitsubishi,2006,"77,000 mi.",Gasoline,5-Speed M/T,None reported,Yes,"$57,000",286.0,2.0,4 CYLINDER,QX60 Pure,295.0HP 3.5L V6 Cylinder Engine Gasoline Fuel
Acura,2013,"40,000 mi.",Gasoline,6-Speed A/T,None reported,Yes,"$24,000",280.0,3.5,V6,Cayman Base,265.0HP 2.9L Flat 6 Cylinder Engine Gasoline Fuel
Cadillac,2012,"113,000 mi.",Gasoline,6-Speed A/T,None reported,Yes,"$10,000",270.0,3.0,V6,QX60 Base,295.0HP 3.5L V6 Cylinder Engine Gasoline Fuel
Chevrolet,2022,"7,600 mi.",Gasoline,6-Speed M/T,At least 1 accident or damage reported,Yes,"$46,000",455.0,6.2,8 CYLINDER,M4 Base,425.0HP 3.0L Straight 6 Cylinder Engine Gasoline Fuel
Toyota,2022,"20,400 mi.",Hybrid,CVT Transmission,None reported,Yes,"$29,900",208.0,2.5,4 CYLINDER,MC20 MC20,"Nettuno 3L V-6 port/direct injection, DOHC, variable valve contr"
Ford,2019,"115,000 mi.",Gasoline,A/T,None reported,Yes,"$39,000",310.0,3.5,V6,Rover Defender SE,395.0HP 3.0L Straight 6 Cylinder Engine Gasoline/Mild Electric Hybrid
Lexus,2012,"239,000 mi.",Hybrid,A/T,None reported,Yes,"$7,000",295.0,3.5,V6,M8 Base,4.4L V8 32V GDI DOHC Twin Turbo
Jaguar,2014,"62,194 mi.",Gasoline,Automatic,None reported,No,"$32,998",340.0,3.0,V6,Model Y Performance,Electric
Jeep,2020,"22,138 mi.",Gasoline,Automatic,None reported,No,"$38,598",285.0,3.6,V6,C40 Recharge Pure Electric Twin Ultimate,402.0HP Electric Motor Electric Fuel System
Porsche,2017,"48,900 mi.",Gasoline,Transmission w/Dual Shift Mode,None reported,Yes,"$62,500",350.0,2.5,4 CYLINDER,SL-Class SL 550,382.0HP 5.5L 8 Cylinder Engine Gasoline Fuel
Audi,2014,"21,800 mi.",Gasoline,Transmission w/Dual Shift Mode,None reported,Yes,"$117,000",525.0,5.2,10 CYLINDER,Rover Range Rover P525 HSE SWB,518.0HP 5.0L 8 Cylinder Engine Gasoline Fuel
Lincoln,2016,"68,200 mi.",Gasoline,6-Speed A/T,At least 1 accident or damage reported,Yes,"$16,750",300.0,3.7,V6,Escape XLT,240.0HP 3.0L V6 Cylinder Engine Flex Fuel Capability
Chevrolet,2001,"139,000 mi.",Gasoline,A/T,None reported,Yes,"$7,000",190.0,4.3,V6,ES 350 Base,268.0HP 3.5L V6 Cylinder Engine Gasoline Fuel
Mercedes-Benz,2021,"76,100 mi.",Gasoline,A/T,None reported,Yes,"$130,000",416.0,4.0,8 CYLINDER,718 Boxster GTS,365.0HP 2.5L 4 Cylinder Engine Gasoline Fuel
Lexus,2022,"14,330 mi.",Gasoline,Automatic,None reported,No,"$54,998",301.0,3.5,V6,G-Class G 550,4.0 Liter Twin Turbo
BMW,2019,"41,906 mi.",Gasoline,8-Speed A/T,At least 1 accident or damage reported,Yes,"$45,999",445.0,4.4,8 CYLINDER,1500 Big Horn,5.7L V8 16V MPFI OHV
Chevrolet,2016,"164,000 mi.",Gasoline,8-Speed A/T,None reported,Yes,"$21,500",455.0,6.2,8 CYLINDER,R8 5.2 V10 performance,5.2L V10 40V PDI DOHC
Ford,2013,"161,933 mi.",Hybrid,Automatic CVT,None reported,Yes,"$7,945",350.0,2.0,I4,Lancer Evolution IX,286.0HP 2.0L 4 Cylinder Engine Gasoline Fuel
Hyundai,2022,"22,829 mi.",Gasoline,Automatic,None reported,No,"$34,580",395.0,2.5,I4,TL Technology,280.0HP 3.5L V6 Cylinder Engine Gasoline Fuel
Lexus,2023,"5,483 mi.",Gasoline,8-Speed Automatic,None reported,No,"$59,950",301.0,2.4,I4,CTS Luxury,270.0HP 3.0L V6 Cylinder Engine Gasoline Fuel
Land,2020,"46,891 mi.",Gasoline,9-Speed A/T,At least 1 accident or damage reported,Yes,"$31,000",246.0,2.0,4 CYLINDER,Camaro 1SS,455.0HP 6.2L 8 Cylinder Engine Gasoline Fuel
Chevrolet,2019,"72,000 mi.",Gasoline,A/T,At least 1 accident or damage reported,Yes,"$39,000",355.0,5.3,8 CYLINDER,Camry Hybrid LE,208.0HP 2.5L 4 Cylinder Engine Gas/Electric Hybrid
Porsche,2020,"3,400 mi.",Gasoline,6-Speed M/T,None reported,Yes,"$129,900",414.0,4.0,6 CYLINDER,Transit-350 XLT,310.0HP 3.5L V6 Cylinder Engine Gasoline Fuel
Chevrolet,2021,"18,000 mi.",Gasoline,10-Speed A/T,At least 1 accident or damage reported,Yes,"$30,000",335.0,3.6,V6,RX 450h Base,295.0HP 3.5L V6 Cylinder Engine Gas/Electric Hybrid
Jeep,2021,"30,630 mi.",Gasoline,Automatic,None reported,No,"$39,998",285.0,3.6,V6,F-TYPE V6 S,3.0 Liter SC ULEV
Toyota,2007,"24,985 mi.",Gasoline,5-Speed A/T,None reported,No,"$33,580",236.0,4.0,V6,Wrangler Sahara,3.6 Liter
GMC,2023,"9,978 mi.",Gasoline,10-Speed A/T,None reported,Yes,"$93,999",420.0,6.2,8 CYLINDER,718 Boxster S,350.0HP 2.5L 4 Cylinder Engine Gasoline Fuel
Ford,2018,"18,500 mi.",Gasoline,M/T,At least 1 accident or damage reported,Yes,"$77,999",526.0,5.2,8 CYLINDER,R8 5.2,525.0HP 5.2L 10 Cylinder Engine Gasoline Fuel
Cadillac,2021,"72,843 mi.",Gasoline,10-Speed Automatic,None reported,Yes,"$79,990",400.0,6.2,V8,MKZ Base,300.0HP 3.7L V6 Cylinder Engine Gasoline Fuel
Buick,2017,"67,500 mi.",Gasoline,8-Speed A/T,None reported,Yes,"$20,000",310.0,3.6,V6,S-10 LS Crew Cab,190.0HP 4.3L V6 Cylinder Engine Gasoline Fuel
Tesla,2020,"43,534 mi.",electric,1-Speed A/T,None reported,Yes,"$65,990",534.0,3.5,V6,G-Class G 550 4MATIC,416.0HP 4.0L 8 Cylinder Engine Gasoline Fuel
Mercedes-Benz,2017,"36,900 mi.",Gasoline,9-Speed A/T,None reported,Yes,"$28,500",241.0,2.0,4 CYLINDER,RX 350 RX 350 F SPORT Handling,3.5 Liter DOHC
Chevrolet,2017,"61,720 mi.",E85 Flex Fuel,Automatic,At least 1 accident or damage reported,No,"$39,998",355.0,5.3,V6,750 i xDrive,445.0HP 4.4L 8 Cylinder Engine Gasoline Fuel
Kia,2022,"35,938 mi.",Gasoline,8-Speed Automatic,None reported,No,"$43,329",291.0,3.8,V6,Camaro 2SS,455.0HP 6.2L 8 Cylinder Engine Gasoline Fuel
Toyota,2023,"10,748 mi.",Hybrid,Automatic,None reported,No,"$63,100",395.0,3.4,V6,Fusion Hybrid SE,2.0L I4 16V MPFI DOHC Hybrid
Audi,2023,"4,457 mi.",Gasoline,Automatic,None reported,No,"$107,900",333.0,4.0,V8,Santa Cruz 2.5T Limited,2.5L I4 16V PDI DOHC Turbo
Nissan,2018,"108,206 mi.",Gasoline,Automatic,At least 1 accident or damage reported,No,"$26,498",284.0,5.6,V6,RX 350 F Sport,2.4L I4 16V PDI DOHC Turbo
Land,2020,"32,705 mi.",Diesel,Automatic,None reported,No,"$46,598",380.0,3.0,V6,Rover Range Rover Evoque S,246.0HP 2.0L 4 Cylinder Engine Gasoline Fuel
Kia,2020,"74,026 mi.",Gasoline,8-Speed Automatic,None reported,No,"$32,913",291.0,3.8,V6,Suburban LT,355.0HP 5.3L 8 Cylinder Engine Gasoline Fuel
Lexus,2020,"24,651 mi.",Gasoline,6-Speed Automatic,None reported,No,"$45,950",301.0,3.5,V6,718 Spyder Base,414.0HP 4.0L Flat 6 Cylinder Engine Gasoline Fuel
BMW,2022,"13,000 mi.",Hybrid,Transmission w/Dual Shift Mode,None reported,Yes,"$69,000",335.0,3.0,6 CYLINDER,Camaro 1LT,335.0HP 3.6L V6 Cylinder Engine Gasoline Fuel
Land,2023,"11,700 mi.",Hybrid,Transmission w/Dual Shift Mode,None reported,Yes,"$133,500",395.0,3.0,6 CYLINDER,Gladiator Freedom,3.6 Liter
Chevrolet,2015,"77,500 mi.",Diesel,6-Speed A/T,None reported,Yes,"$54,000",397.0,6.6,8 CYLINDER,Tacoma Double Cab,236.0HP 4.0L V6 Cylinder Engine Gasoline Fuel
Maserati,2007,"82,000 mi.",Gasoline,Transmission w/Dual Shift Mode,At least 1 accident or damage reported,Yes,"$7,999",394.0,4.2,8 CYLINDER,Yukon Denali Ultimate,420.0HP 6.2L 8 Cylinder Engine Gasoline Fuel
Dodge,2017,"1,389 mi.",Gasoline,M/T,None reported,Yes,"$489,995",645.0,8.4,10 CYLINDER,Shelby GT350R Base,526.0HP 5.2L 8 Cylinder Engine Gasoline Fuel
Ford,2021,"29,830 mi.",Gasoline,10-Speed Automatic,None reported,No,"$55,329",395.0,3.5,V6,Escalade Premium Luxury Platinum,6.2L V8 16V GDI OHV
Kia,2019,"62,660 mi.",Gasoline,A/T,None reported,Yes,"$16,500",185.0,2.4,4 CYLINDER,LaCrosse Base,310.0HP 3.6L V6 Cylinder Engine Gasoline Fuel
Land,2018,"56,006 mi.",Gasoline,Transmission w/Dual Shift Mode,None reported,Yes,"$59,000",575.0,5.0,8 CYLINDER,Model X Long Range Plus,534.0HP Electric Motor Electric Fuel System
Lexus,2021,"31,365 mi.",Hybrid,Variable,None reported,No,"$52,998",301.0,3.5,V6,E-Class E 300 4MATIC,241.0HP 2.0L 4 Cylinder Engine Gasoline Fuel
Lincoln,2004,"27,600 mi.",Gasoline,4-Speed A/T,None reported,Yes,"$14,900",239.0,4.6,8 CYLINDER,Tahoe LT,5.3 Liter
Honda,2012,"47,245 mi.",Gasoline,6-Speed M/T,None reported,Yes,"$19,600",201.0,2.4,4 CYLINDER,Telluride EX,3.8L V6 24V GDI DOHC
Lexus,2017,"73,948 mi.",Hybrid,A/T,None reported,Yes,"$31,990",308.0,3.5,V6,Tundra Hybrid Limited,3.4L V6 24V PDI DOHC Twin Turbo Hybrid
RAM,2019,"36,757 mi.",E85 Flex Fuel,8-Speed Automatic,None reported,Yes,"$31,953",300.0,3.6,V6,S8 4.0T quattro,4.0L V8 32V GDI DOHC Twin Turbo
Tesla,2023,"4,786 mi.",electric,A/T,None reported,Yes,"$48,000",425.0,3.5,V6,Armada Platinum,5.6 Liter
Audi,2023,"1,900 mi.",Gasoline,Transmission w/Dual Shift Mode,None reported,Yes,"$78,900",401.0,2.5,5 CYLINDER,Rover Discovery HSE,3.0 Liter
Hyundai,2014,"52,060 mi.",Gasoline,6-Speed M/T,At least 1 accident or damage reported,Yes,"$15,000",348.0,3.8,V6,Telluride S,3.8L V6 24V GDI DOHC
Porsche,2008,"58,000 mi.",Gasoline,6-Speed M/T,None reported,Yes,"$41,500",303.0,3.4,6 CYLINDER,GS 350 F Sport,3.5L V6 24V PDI DOHC
Ford,2010,"52,246 mi.",Diesel,6-Speed Manual,None reported,Yes,"$26,095",350.0,6.4,V8,X6 xDrive40i,335.0HP 3.0L Straight 6 Cylinder Engine Gasoline/Mild Electric Hybrid
Kia,2016,"64,290 mi.",Gasoline,6-Speed Automatic,None reported,No,"$16,999",244.0,2.0,I4,Rover Range Rover P400 SE SWB,395.0HP 3.0L Straight 6 Cylinder Engine Gasoline/Mild Electric Hybrid
Nissan,2009,"37,500 mi.",Gasoline,6-Speed M/T,None reported,Yes,"$21,500",332.0,3.7,V6,Silverado 3500 High Country,397.0HP 6.6L 8 Cylinder Engine Diesel Fuel
Genesis,2023,"2,121 mi.",Gasoline,8-Speed A/T,None reported,Yes,"$40,750",252.0,2.0,4 CYLINDER,Quattroporte Sport GT,394.0HP 4.2L 8 Cylinder Engine Gasoline Fuel
Land,2013,"57,000 mi.",Gasoline,Transmission w/Dual Shift Mode,None reported,Yes,"$26,000",510.0,5.0,8 CYLINDER,Viper GTC,645.0HP 8.4L 10 Cylinder Engine Gasoline Fuel
Mercedes-Benz,2020,"22,000 mi.",Gasoline,A/T,None reported,Yes,"$69,500",463.0,4.0,8 CYLINDER,Expedition Limited,3.5L V6 24V PDI DOHC Twin Turbo
Ford,2023,"2,000 mi.",Gasoline,A/T,None reported,Yes,"$66,500",315.0,2.7,V6,Mazda6 i Grand Touring,–
RAM,2018,"61,802 mi.",E85 Flex Fuel,8-Speed A/T,None reported,Yes,"$32,000",305.0,3.6,V6,Optima LX,185.0HP 2.4L 4 Cylinder Engine Gasoline Fuel
Jeep,2013,"106,700 mi.",E85 Flex Fuel,6-Speed A/T,None reported,Yes,"$13,500",290.0,3.6,V6,Rover Range Rover Sport SVR,575.0HP 5.0L 8 Cylinder Engine Gasoline Fuel
Audi,2013,"75,965 mi.",Gasoline,7-Speed A/T,At least 1 accident or damage reported,Yes,"$35,999",450.0,4.2,8 CYLINDER,RX 450h F SPORT Handling,3.5 Liter DOHC
Jeep,2022,"31,804 mi.",Gasoline,Automatic,At least 1 accident or damage reported,Yes,"$48,995",285.0,3.6,V6,Town Car Base,239.0HP 4.6L 8 Cylinder Engine Gasoline Fuel
Chrysler,2005,"116,320 mi.",Gasoline,5-Speed A/T,At least 1 accident or damage reported,Yes,"$6,000",395.0,3.2,V6,Civic Si,201.0HP 2.4L 4 Cylinder Engine Gasoline Fuel
Audi,2011,"156,875 mi.",Gasoline,6-Speed M/T,At least 1 accident or damage reported,Yes,"$9,900",354.0,4.2,8 CYLINDER,RX 450h Base,308.0HP 3.5L V6 Cylinder Engine Gas/Electric Hybrid
Tesla,2023,197 mi.,electric,A/T,None reported,Yes,"$85,000",670.0,3.5,V6,1500 Classic Warlock,3.6L V6 24V MPFI DOHC Flexible Fuel
Cadillac,2020,"35,200 mi.",Gasoline,8-Speed A/T,None reported,Yes,"$28,500",237.0,2.0,4 CYLINDER,Model Y Long Range,425.0HP Electric Motor Electric Fuel System
Maserati,2014,"76,000 mi.",Gasoline,A/T,None reported,Yes,"$19,000",404.0,3.0,V6,RS 3 2.5T,401.0HP 2.5L 5 Cylinder Engine Gasoline Fuel
Jaguar,2019,"29,000 mi.",Gasoline,A/T,None reported,Yes,"$34,500",247.0,2.0,4 CYLINDER,Genesis Coupe 3.8 R-Spec,348.0HP 3.8L V6 Cylinder Engine Gasoline Fuel
BMW,2019,"33,499 mi.",Gasoline,A/T,At least 1 accident or damage reported,Yes,"$44,495",445.0,4.4,8 CYLINDER,Boxster RS 60 Spyder,303.0HP 3.4L Flat 6 Cylinder Engine Gasoline Fuel
Acura,2019,"25,779 mi.",Gasoline,9-Speed Automatic,At least 1 accident or damage reported,No,"$30,999",279.5,3.5,V6,F-250 XLT,6.4L V8 32V DDI OHV Twin Turbo Diesel
GMC,2015,"76,296 mi.",Gasoline,6-Speed A/T,At least 1 accident or damage reported,Yes,"$9,500",182.0,2.4,4 CYLINDER,Sorento EX,2.0L I4 16V GDI DOHC Turbo
BMW,2014,"29,553 mi.",electric,1-Speed A/T,None reported,Yes,"$12,800",170.0,0.65,V6,370Z Touring,332.0HP 3.7L V6 Cylinder Engine Gasoline Fuel
Nissan,2011,"109,902 mi.",Gasoline,A/T,None reported,Yes,"$4,500",122.0,1.8,4 CYLINDER,G70 2.0T,252.0HP 2.0L 4 Cylinder Engine Gasoline Fuel
Mercedes-Benz,2019,"23,083 mi.",Gasoline,9-Speed A/T,None reported,Yes,"$33,500",255.0,2.0,4 CYLINDER,Rover Range Rover Sport Supercharged,510.0HP 5.0L 8 Cylinder Engine Gasoline Fuel
Toyota,2003,"143,600 mi.",Gasoline,6-Speed M/T,None reported,Yes,"$4,199",180.0,1.8,4 CYLINDER,S-Class S 560 4MATIC,463.0HP 4.0L 8 Cylinder Engine Gasoline Fuel
RAM,2021,"22,000 mi.",Gasoline,8-Speed A/T,None reported,Yes,"$54,800",395.0,5.7,8 CYLINDER,Bronco Wildtrak Advanced,315.0HP 2.7L V6 Cylinder Engine Gasoline Fuel
Mercedes-Benz,2022,"13,000 mi.",Hybrid,9-Speed A/T,None reported,Yes,"$81,500",429.0,3.0,6 CYLINDER,1500 SLT,305.0HP 3.6L V6 Cylinder Engine Flex Fuel Capability
Audi,2018,"53,000 mi.",Gasoline,A/T,At least 1 accident or damage reported,Yes,"$28,000",252.0,2.0,4 CYLINDER,Challenger R/T,–
Lincoln,2019,"44,741 mi.",Gasoline,10-Speed A/T,None reported,Yes,"$52,999",450.0,3.5,V6,Sonic LT,–
Audi,2008,"202,000 mi.",Gasoline,A/T,At least 1 accident or damage reported,Yes,"$5,700",255.0,3.2,V6,Grand Cherokee Laredo,290.0HP 3.6L V6 Cylinder Engine Flex Fuel Capability
Chevrolet,2006,"215,000 mi.",Gasoline,A/T,At least 1 accident or damage reported,Yes,"$6,995",345.0,6.0,8 CYLINDER,RS 5 4.2,450.0HP 4.2L 8 Cylinder Engine Gasoline Fuel
Mercedes-Benz,2019,"77,138 mi.",Gasoline,Automatic,None reported,No,"$49,998",362.0,4.0,V6,Grand Cherokee L Overland,3.6L V6 24V MPFI DOHC
Volvo,2018,"90,641 mi.",Gasoline,8-Speed Automatic,None reported,No,"$25,999",281.0,2.0,I4,MX-5 Miata Base,–
Toyota,2011,"177,702 mi.",Gasoline,A/T,At least 1 accident or damage reported,Yes,"$7,700",179.0,2.5,4 CYLINDER,Crossfire Limited,215.0HP 3.2L V6 Cylinder Engine Gasoline Fuel
Mercedes-Benz,2018,"58,350 mi.",Gasoline,7-Speed A/T,None reported,Yes,"$29,497",208.0,2.0,4 CYLINDER,S5 4.2 Premium Plus,354.0HP 4.2L 8 Cylinder Engine Gasoline Fuel
Chevrolet,2010,"86,170 mi.",Gasoline,6-Speed A/T,At least 1 accident or damage reported,Yes,"$17,000",304.0,3.6,V6,Model X Base,670.0HP Electric Motor Electric Fuel System
Mazda,2012,"36,568 mi.",Gasoline,6-Speed M/T,At least 1 accident or damage reported,Yes,"$20,199",167.0,2.0,4 CYLINDER,CT4 Luxury,237.0HP 2.0L 4 Cylinder Engine Gasoline Fuel
Ford,2015,"54,357 mi.",Gasoline,6-Speed A/T,None reported,Yes,"$16,250",173.0,1.6,4 CYLINDER,Ghibli S Q4,404.0HP 3.0L V6 Cylinder Engine Gasoline Fuel
Mercedes-Benz,2015,"20,394 mi.",Gasoline,Automatic,At least 1 accident or damage reported,No,"$59,598",362.0,5.5,V6,F-PACE 25t Premium,247.0HP 2.0L 4 Cylinder Engine Gasoline Fuel
Kia,2023,"7,578 mi.",Hybrid,Automatic,None reported,No,"$31,113",244.0,1.6,I4,750 i xDrive,445.0HP 4.4L 8 Cylinder Engine Gasoline Fuel
Porsche,2010,"64,800 mi.",Gasoline,6-Speed M/T,At least 1 accident or damage reported,Yes,"$20,900",255.0,2.9,6 CYLINDER,TLX V6 Advance,3.5L V6 24V GDI SOHC
Toyota,2016,"117,780 mi.",Gasoline,5-Speed A/T,None reported,Yes,"$27,750",270.0,4.0,V6,Terrain SLT-1,182.0HP 2.4L 4 Cylinder Engine Gasoline Fuel
Hyundai,2019,"33,100 mi.",electric,1-Speed A/T,None reported,Yes,"$18,200",201.0,3.5,V6,i3 Base w/Range Extender,170.0HP 0.65L Electric Motor Electric Fuel System
Land,2016,"86,202 mi.",Gasoline,9-Speed A/T,None reported,Yes,"$18,750",240.0,2.0,4 CYLINDER,Versa 1.8 S,122.0HP 1.8L 4 Cylinder Engine Gasoline Fuel
Ford,2012,"163,000 mi.",E85 Flex Fuel,A/T,None reported,Yes,"$19,550",255.0,5.4,8 CYLINDER,C-Class C 300 4MATIC,255.0HP 2.0L 4 Cylinder Engine Gasoline Fuel
Mercedes-Benz,2004,"35,400 mi.",Gasoline,7-Speed A/T,None reported,Yes,"$24,900",302.0,5.0,8 CYLINDER,Matrix XRS,180.0HP 1.8L 4 Cylinder Engine Gasoline Fuel
Jeep,2018,"31,000 mi.",Gasoline,9-Speed A/T,None reported,Yes,"$22,000",180.0,2.4,4 CYLINDER,1500 Limited,395.0HP 5.7L 8 Cylinder Engine Gasoline Fuel
Mercedes-Benz,2018,"103,069 mi.",Gasoline,Automatic,None reported,No,"$40,998",362.0,4.0,V6,AMG E 53 Base 4MATIC,429.0HP 3.0L Straight 6 Cylinder Engine Gasoline/Mild Electric Hybrid
Mercedes-Benz,2021,"22,480 mi.",Gasoline,A/T,None reported,Yes,"$135,800",416.0,4.0,8 CYLINDER,A5 2.0T Premium,252.0HP 2.0L 4 Cylinder Engine Gasoline Fuel
Tesla,2016,"91,000 mi.",electric,A/T,None reported,Yes,"$39,500",691.0,3.5,V6,Navigator Reserve,450.0HP 3.5L V6 Cylinder Engine Gasoline Fuel
Lexus,2010,"41,500 mi.",Gasoline,8-Speed A/T,At least 1 accident or damage reported,Yes,"$44,800",416.0,5.0,8 CYLINDER,A6 3.2 quattro,255.0HP 3.2L V6 Cylinder Engine Gasoline Fuel
BMW,2010,"91,545 mi.",Gasoline,6-Speed A/T,None reported,Yes,"$13,000",300.0,3.0,6 CYLINDER,Silverado 1500 LT Crew Cab,345.0HP 6.0L 8 Cylinder Engine Gasoline Fuel
Audi,2022,"4,100 mi.",Hybrid,8-Speed A/T,None reported,Yes,"$162,500",591.0,4.0,8 CYLINDER,S-Class S 560,4.0 Liter
Buick,2006,"110,000 mi.",Gasoline,A/T,None reported,Yes,"$5,000",275.0,4.6,8 CYLINDER,XC90 T6 Momentum,2.0L I4 16V GDI DOHC
Lincoln,2016,"88,000 mi.",Gasoline,Transmission w/Dual Shift Mode,None reported,Yes,"$18,500",335.0,2.7,V6,Camry SE,179.0HP 2.5L 4 Cylinder Engine Gasoline Fuel
Nissan,2018,"42,833 mi.",Gasoline,Transmission w/Dual Shift Mode,None reported,Yes,"$37,000",390.0,5.6,8 CYLINDER,Metris Base,208.0HP 2.0L 4 Cylinder Engine Gasoline Fuel
Porsche,2020,"23,278 mi.",Gasoline,Automatic,None reported,No,"$114,998",365.0,3.0,V6,Camaro 2LT,304.0HP 3.6L V6 Cylinder Engine Gasoline Fuel
BMW,2015,"60,100 mi.",Gasoline,8-Speed A/T,None reported,Yes,"$24,995",300.0,3.0,6 CYLINDER,MX-5 Miata Grand Touring,167.0HP 2.0L 4 Cylinder Engine Gasoline Fuel
Jeep,2022,"17,381 mi.",Gasoline,8-Speed Automatic,None reported,Yes,"$69,685",285.0,5.7,V8,Escape SE,173.0HP 1.6L 4 Cylinder Engine Gasoline Fuel
Cadillac,2013,"63,172 mi.",Gasoline,A/T,At least 1 accident or damage reported,Yes,"$12,995",202.0,2.5,4 CYLINDER,S-Class S 63 AMG,5.5 Liter
Ford,2010,"72,000 mi.",Gasoline,A/T,At least 1 accident or damage reported,Yes,"$10,900",136.0,2.0,4 CYLINDER,Niro EX,1.6L I4 16V GDI DOHC Hybrid
Kia,2022,"4,820 mi.",electric,1-Speed A/T,None reported,Yes,"$47,500",320.0,3.5,V6,Boxster Base,255.0HP 2.9L Flat 6 Cylinder Engine Gasoline Fuel
Audi,2014,"67,900 mi.",Gasoline,6-Speed M/T,None reported,No,"$25,990",333.0,3.0,V6,4Runner Trail,270.0HP 4.0L V6 Cylinder Engine Gasoline Fuel
Toyota,2018,"51,000 mi.",Gasoline,A/T,None reported,Yes,"$38,000",381.0,5.7,8 CYLINDER,Kona EV SEL,201.0HP Electric Motor Electric Fuel System
Jeep,2013,"54,500 mi.",Gasoline,A/T,None reported,Yes,"$35,000",285.0,3.6,V6,Rover Range Rover Evoque SE,240.0HP 2.0L 4 Cylinder Engine Gasoline Fuel
Maserati,2006,"61,840 mi.",Gasoline,Transmission w/Dual Shift Mode,None reported,Yes,"$16,500",394.0,4.2,8 CYLINDER,E350 Super Duty XLT,255.0HP 5.4L 8 Cylinder Engine Flex Fuel Capability
Mercedes-Benz,2006,"28,950 mi.",Gasoline,7-Speed A/T,None reported,No,"$16,750",302.0,5.0,8 CYLINDER,SL-Class SL500 Roadster,302.0HP 5.0L 8 Cylinder Engine Gasoline Fuel
GMC,2002,"300,000 mi.",Diesel,5-Speed A/T,At least 1 accident or damage reported,Yes,"$5,000",300.0,6.6,8 CYLINDER,Compass Trailhawk,180.0HP 2.4L 4 Cylinder Engine Gasoline Fuel
Nissan,2011,"103,400 mi.",Gasoline,5-Speed A/T,At least 1 accident or damage reported,Yes,"$17,000",261.0,4.0,V6,S-Class S 560 4MATIC,4.0 Liter
BMW,2023,816 mi.,Gasoline,8-Speed Automatic,None reported,No,"$109,900",335.0,4.4,V8,G-Class G 550 4MATIC,416.0HP 4.0L 8 Cylinder Engine Gasoline Fuel
Porsche,2016,719 mi.,Gasoline,6-Speed Manual,None reported,Yes,"$489,000",365.0,4.0,V6,Model X P90D,691.0HP Electric Motor Electric Fuel System
Land,2023,"3,678 mi.",Hybrid,Automatic,None reported,No,"$81,998",380.0,3.0,V6,IS-F Base,416.0HP 5.0L 8 Cylinder Engine Gasoline Fuel
Ford,2016,"107,000 mi.",E85 Flex Fuel,6-Speed A/T,At least 1 accident or damage reported,Yes,"$22,000",385.0,5.0,8 CYLINDER,335 i,300.0HP 3.0L Straight 6 Cylinder Engine Gasoline Fuel
BMW,2022,"5,018 mi.",Gasoline,Automatic,None reported,No,"$114,998",335.0,4.4,V6,RS 7 4.0T,591.0HP 4.0L 8 Cylinder Engine Gasoline/Mild Electric Hybrid
Porsche,2010,"13,850 mi.",Gasoline,6-Speed M/T,None reported,Yes,"$71,400",385.0,3.8,6 CYLINDER,Lucerne CXL,275.0HP 4.6L 8 Cylinder Engine Gasoline Fuel
Volvo,2008,"46,700 mi.",Gasoline,6-Speed A/T,None reported,No,"$11,400",235.0,3.2,6 CYLINDER,MKX Reserve,335.0HP 2.7L V6 Cylinder Engine Gasoline Fuel
Chrysler,2021,"21,478 mi.",Gasoline,Automatic,None reported,No,"$27,798",292.0,3.6,V6,Armada Platinum,390.0HP 5.6L 8 Cylinder Engine Gasoline Fuel
Honda,2020,"64,200 mi.",Hybrid,CVT Transmission,At least 1 accident or damage reported,Yes,"$20,499",151.0,1.5,4 CYLINDER,911 Carrera,3.0 Liter
Porsche,2006,"31,075 mi.",Gasoline,5-Speed Automatic,None reported,Yes,"$36,250",365.0,3.4,V6,E-Class 400E,–
Tesla,2022,"25,250 mi.",electric,1-Speed A/T,None reported,Yes,"$47,800",455.0,3.5,V6,435 Gran Coupe i,300.0HP 3.0L Straight 6 Cylinder Engine Gasoline Fuel
BMW,2020,"35,400 mi.",Gasoline,8-Speed A/T,None reported,Yes,"$71,950",617.0,4.4,8 CYLINDER,Wagoneer Series III,5.7L V8 16V MPFI OHV
Audi,2004,"74,030 mi.",Gasoline,6-Speed M/T,None reported,Yes,"$16,000",340.0,4.2,8 CYLINDER,ATS 2.5L,202.0HP 2.5L 4 Cylinder Engine Gasoline Fuel
Ford,2021,"48,549 mi.",Diesel,Automatic,None reported,No,"$69,998",350.0,6.7,V8,Transit Connect XLT,136.0HP 2.0L 4 Cylinder Engine Gasoline Fuel
Kia,2023,"5,182 mi.",Gasoline,A/T,None reported,Yes,"$32,500",146.0,2.0,4 CYLINDER,EV6 GT-Line,320.0HP Electric Motor Electric Fuel System
RAM,2019,"31,681 mi.",Gasoline,A/T,At least 1 accident or damage reported,Yes,"$33,500",280.0,3.6,V6,S5 3.0T Premium Plus,333.0HP 3.0L V6 Cylinder Engine Gasoline Fuel
BMW,2020,"23,430 mi.",Gasoline,Automatic,None reported,No,"$80,998",335.0,6.6,V6,Tundra SR,381.0HP 5.7L 8 Cylinder Engine Gasoline Fuel
Mercedes-Benz,2015,"30,300 mi.",Gasoline,A/T,At least 1 accident or damage reported,Yes,"$29,000",329.0,3.0,V6,Wrangler Unlimited Freedom Edition,285.0HP 3.6L V6 Cylinder Engine Gasoline Fuel
Cadillac,2016,"112,000 mi.",Gasoline,A/T,At least 1 accident or damage reported,Yes,"$14,599",304.0,3.6,V6,Quattroporte Base,394.0HP 4.2L 8 Cylinder Engine Gasoline Fuel
INFINITI,2014,"127,356 mi.",Gasoline,7-Speed A/T,At least 1 accident or damage reported,Yes,"$19,990",328.0,3.7,V6,CLS-Class CLS500,302.0HP 5.0L 8 Cylinder Engine Gasoline Fuel
Volkswagen,2017,"50,600 mi.",Gasoline,8-Speed A/T,At least 1 accident or damage reported,Yes,"$28,890",280.0,3.6,V6,Sierra 3500 SLE,300.0HP 6.6L 8 Cylinder Engine Diesel Fuel
Chevrolet,2011,"194,000 mi.",E85 Flex Fuel,6-Speed A/T,None reported,Yes,"$9,950",320.0,5.3,8 CYLINDER,Frontier SL,261.0HP 4.0L V6 Cylinder Engine Gasoline Fuel
Toyota,2021,"33,455 mi.",Gasoline,6-Speed A/T,None reported,Yes,"$44,750",381.0,5.7,8 CYLINDER,M5 Base,4.4L V8 32V GDI DOHC Twin Turbo
BMW,2022,"43,000 mi.",Gasoline,8-Speed A/T,None reported,Yes,"$35,750",228.0,2.0,4 CYLINDER,911 R,4.0L H6 24V GDI DOHC
Mercedes-Benz,2016,"46,102 mi.",Gasoline,7-Speed A/T,None reported,Yes,"$35,300",429.0,4.7,8 CYLINDER,Rover Defender X-Dynamic SE,3.0 Liter
Cadillac,2019,"59,000 mi.",Gasoline,6-Speed A/T,None reported,Yes,"$21,000",304.0,3.6,V6,F-150 XL,385.0HP 5.0L 8 Cylinder Engine Flex Fuel Capability
Jaguar,2004,"134,000 mi.",Gasoline,6-Speed A/T,At least 1 accident or damage reported,Yes,"$9,500",294.0,4.2,8 CYLINDER,M8 Competition,4.4 Liter Twin Turbo
Chevrolet,2020,"3,715 mi.",Gasoline,A/T,None reported,Yes,"$150,000",650.0,6.2,8 CYLINDER,911 Carrera S,385.0HP 3.8L Flat 6 Cylinder Engine Gasoline Fuel
Mercedes-Benz,2012,"100,245 mi.",Diesel,A/T,At least 1 accident or damage reported,Yes,"$24,000",188.0,3.0,V6,XC70 3.2,235.0HP 3.2L Straight 6 Cylinder Engine Gasoline Fuel
Mercedes-Benz,2022,"8,583 mi.",Gasoline,9-Speed Automatic,None reported,No,"$42,999",362.0,2.0,I4,300 Touring,3.6 Liter
Dodge,2003,"141,800 mi.",Gasoline,A/T,At least 1 accident or damage reported,Yes,"$5,700",230.0,4.7,8 CYLINDER,Insight EX,151.0HP 1.5L 4 Cylinder Engine Gas/Electric Hybrid
Audi,2012,"77,000 mi.",Gasoline,8-Speed A/T,None reported,Yes,"$13,800",211.0,2.0,4 CYLINDER,Cayman S,3.4L H6 24V MPFI DOHC
Audi,2018,"67,035 mi.",Gasoline,Transmission w/Dual Shift Mode,At least 1 accident or damage reported,Yes,"$31,500",252.0,2.0,4 CYLINDER,Model Y Performance,455.0HP Electric Motor Electric Fuel System
Audi,2012,"61,450 mi.",Gasoline,7-Speed A/T,None reported,Yes,"$19,500",333.0,3.0,V6,M5 Competition,617.0HP 4.4L 8 Cylinder Engine Gasoline Fuel
Porsche,2015,"39,500 mi.",Gasoline,Transmission w/Dual Shift Mode,None reported,Yes,"$52,590",440.0,4.8,8 CYLINDER,S4 4.2 quattro,340.0HP 4.2L 8 Cylinder Engine Gasoline Fuel
Mercedes-Benz,2020,"6,600 mi.",Gasoline,Transmission w/Dual Shift Mode,None reported,Yes,"$128,900",550.0,4.0,8 CYLINDER,F-250 Platinum,6.7L V8 32V DDI OHV Turbo Diesel
Chevrolet,2023,"2,300 mi.",Gasoline,6-Speed M/T,None reported,Yes,"$51,500",455.0,6.2,8 CYLINDER,Seltos S,146.0HP 2.0L 4 Cylinder Engine Gasoline Fuel
Audi,2023,"10,601 mi.",Hybrid,Automatic,None reported,No,"$61,998",333.0,3.0,V6,ProMaster 2500 High Roof,280.0HP 3.6L V6 Cylinder Engine Gasoline Fuel
Maserati,2018,"18,000 mi.",Gasoline,Transmission w/Dual Shift Mode,None reported,Yes,"$67,000",454.0,4.7,8 CYLINDER,M760 M760i xDrive,6.6 Liter Twin Turbo
GMC,2022,"31,681 mi.",Gasoline,Automatic,At least 1 accident or damage reported,No,"$67,963",355.0,6.6,V8,E-Class E 400,329.0HP 3.0L V6 Cylinder Engine Gasoline Fuel
Cadillac,2020,"24,114 mi.",Gasoline,9-Speed Automatic,At least 1 accident or damage reported,No,"$49,427",400.0,3.6,V6,XTS Luxury,304.0HP 3.6L V6 Cylinder Engine Gasoline Fuel
Jeep,2022,"22,109 mi.",Gasoline,Automatic,None reported,No,"$43,389",285.0,3.6,V6,Q50 Premium,328.0HP 3.7L V6 Cylinder Engine Gasoline Fuel
Chevrolet,2012,"148,000 mi.",E85 Flex Fuel,A/T,None reported,Yes,"$18,000",320.0,5.3,8 CYLINDER,Touareg V6 Executive,280.0HP 3.6L V6 Cylinder Engine Gasoline Fuel
BMW,2018,"41,000 mi.",Gasoline,Transmission w/Dual Shift Mode,None reported,Yes,"$60,200",600.0,4.4,8 CYLINDER,Suburban 1500 LTZ,320.0HP 5.3L 8 Cylinder Engine Flex Fuel Capability
Nissan,2009,"127,600 mi.",E85 Flex Fuel,A/T,None reported,Yes,"$19,500",317.0,5.6,8 CYLINDER,Tundra SR5,381.0HP 5.7L 8 Cylinder Engine Gasoline Fuel
Dodge,2005,"138,450 mi.",Gasoline,4-Speed A/T,At least 1 accident or damage reported,Yes,"$19,000",500.0,8.3,10 CYLINDER,X1 sDrive28i,228.0HP 2.0L 4 Cylinder Engine Gasoline Fuel
GMC,2013,"230,000 mi.",E85 Flex Fuel,A/T,None reported,Yes,"$15,500",315.0,5.3,8 CYLINDER,GL-Class GL 550 4MATIC,429.0HP 4.7L 8 Cylinder Engine Gasoline Fuel
Lexus,2017,"53,649 mi.",Gasoline,A/T,None reported,Yes,"$33,000",295.0,3.5,V6,XTS Luxury,304.0HP 3.6L V6 Cylinder Engine Gasoline Fuel
Mercedes-Benz,2012,"174,000 mi.",Gasoline,7-Speed A/T,At least 1 accident or damage reported,Yes,"$11,999",335.0,4.6,8 CYLINDER,XJ8 Base,294.0HP 4.2L 8 Cylinder Engine Gasoline Fuel
INFINITI,2022,"49,860 mi.",Gasoline,Automatic,At least 1 accident or damage reported,Yes,"$47,645",328.0,5.6,V8,Camaro ZL1,650.0HP 6.2L 8 Cylinder Engine Gasoline Fuel
Mercedes-Benz,2021,"13,650 mi.",Gasoline,9-Speed A/T,None reported,Yes,"$75,000",503.0,4.0,8 CYLINDER,Sprinter 2500,188.0HP 3.0L V6 Cylinder Engine Diesel Fuel
BMW,2016,"134,000 mi.",Gasoline,A/T,At least 1 accident or damage reported,Yes,"$13,500",240.0,2.0,4 CYLINDER,C-Class C 300 4MATIC,2.0L I4 16V GDI DOHC Turbo
Porsche,2014,"78,000 mi.",Gasoline,Transmission w/Dual Shift Mode,None reported,Yes,"$68,000",350.0,3.4,6 CYLINDER,Dakota SLT,230.0HP 4.7L 8 Cylinder Engine Gasoline Fuel
Porsche,2005,"65,750 mi.",Gasoline,A/T,None reported,Yes,"$21,750",280.0,3.2,6 CYLINDER,A5 2.0T Premium Plus,211.0HP 2.0L 4 Cylinder Engine Gasoline Fuel
BMW,2021,"18,000 mi.",Gasoline,8-Speed A/T,None reported,Yes,"$94,000",600.0,4.4,8 CYLINDER,A5 2.0T Premium,252.0HP 2.0L 4 Cylinder Engine Gasoline Fuel
Ford,2007,"121,630 mi.",Gasoline,A/T,None reported,Yes,"$9,450",210.0,4.0,V6,S5 3.0 Premium Plus,333.0HP 3.0L V6 Cylinder Engine Gasoline Fuel
Rivian,2023,"4,500 mi.",electric,1-Speed A/T,None reported,Yes,"$89,999",835.0,3.5,V6,Panamera GTS,440.0HP 4.8L 8 Cylinder Engine Gasoline Fuel
Volvo,2022,"9,408 mi.",Hybrid,8-Speed Automatic,None reported,No,"$61,999",281.0,2.0,I4,AMG GT C,550.0HP 4.0L 8 Cylinder Engine Gasoline Fuel
BMW,2016,"120,000 mi.",Gasoline,A/T,None reported,Yes,"$16,000",240.0,2.0,4 CYLINDER,Camaro 2SS,455.0HP 6.2L 8 Cylinder Engine Gasoline Fuel
Cadillac,2016,"168,600 mi.",Gasoline,8-Speed A/T,None reported,Yes,"$29,500",420.0,6.2,8 CYLINDER,Q7 Premium Plus,3.0 Liter TFSI
Chevrolet,2004,"43,705 mi.",Gasoline,6-Speed M/T,None reported,Yes,"$25,900",350.0,5.7,8 CYLINDER,GranTurismo MC,454.0HP 4.7L 8 Cylinder Engine Gasoline Fuel
Audi,2013,"111,000 mi.",Gasoline,Transmission w/Dual Shift Mode,None reported,Yes,"$11,500",211.0,2.0,4 CYLINDER,Sierra 2500 AT4,6.6L V8 16V GDI OHV
Audi,2012,"64,549 mi.",Gasoline,Transmission w/Dual Shift Mode,None reported,Yes,"$17,000",211.0,2.0,4 CYLINDER,XT6 Sport AWD,3.6L V6 24V GDI DOHC
Buick,2007,"53,000 mi.",Gasoline,4-Speed A/T,None reported,Yes,"$6,500",200.0,3.8,V6,Grand Cherokee L Laredo,3.6L V6 24V MPFI DOHC
Chevrolet,2017,"13,465 mi.",Gasoline,8-Speed A/T,None reported,Yes,"$44,900",455.0,6.2,8 CYLINDER,Avalanche 1500 LT,320.0HP 5.3L 8 Cylinder Engine Flex Fuel Capability
Tesla,2023,"5,844 mi.",electric,A/T,None reported,Yes,"$52,000",425.0,3.5,V6,M5 Base,600.0HP 4.4L 8 Cylinder Engine Gasoline Fuel
BMW,2015,"74,000 mi.",Gasoline,M/T,None reported,Yes,"$40,000",425.0,3.0,6 CYLINDER,Titan SE,317.0HP 5.6L 8 Cylinder Engine Flex Fuel Capability
Kia,2011,"100,331 mi.",Gasoline,A/T,At least 1 accident or damage reported,Yes,"$6,900",200.0,2.4,4 CYLINDER,Ram 1500 SRT-10 Quad Cab,500.0HP 8.3L 10 Cylinder Engine Gasoline Fuel
Toyota,2022,"24,850 mi.",Gasoline,A/T,None reported,Yes,"$53,568",382.0,3.0,6 CYLINDER,Sierra 1500 SLT,315.0HP 5.3L 8 Cylinder Engine Flex Fuel Capability
Lincoln,2021,"17,467 mi.",Gasoline,8-Speed Automatic,None reported,No,"$43,860",304.0,2.0,I4,RX 350 F Sport,295.0HP 3.5L V6 Cylinder Engine Gasoline Fuel
Nissan,2015,"115,000 mi.",Gasoline,A/T,None reported,Yes,"$11,995",260.0,3.5,V6,GL-Class GL 450 4MATIC,335.0HP 4.6L 8 Cylinder Engine Gasoline Fuel
BMW,2015,"72,000 mi.",Gasoline,Transmission w/Dual Shift Mode,At least 1 accident or damage reported,Yes,"$26,500",445.0,4.4,8 CYLINDER,QX80 Luxe,5.6L V8 32V GDI DOHC
Mazda,2008,"162,000 mi.",Gasoline,6-Speed M/T,At least 1 accident or damage reported,Yes,"$6,500",263.0,2.3,4 CYLINDER,AMG C 63 S,503.0HP 4.0L 8 Cylinder Engine Gasoline Fuel
GMC,2017,"47,589 mi.",Gasoline,A/T,None reported,Yes,"$45,500",355.0,5.3,8 CYLINDER,528 i xDrive,240.0HP 2.0L 4 Cylinder Engine Gasoline Fuel
RAM,2018,"10,339 mi.",Gasoline,6-Speed A/T,None reported,Yes,"$36,990",280.0,3.6,V6,911 Carrera,350.0HP 3.4L Flat 6 Cylinder Engine Gasoline Fuel
RAM,2021,"32,092 mi.",Gasoline,8-Speed Automatic,None reported,Yes,"$35,113",300.0,3.6,V6,Boxster S,280.0HP 3.2L Flat 6 Cylinder Engine Gasoline Fuel
Lexus,2014,"85,275 mi.",Gasoline,Automatic,At least 1 accident or damage reported,No,"$23,998",301.0,3.5,V6,X6 M Base,600.0HP 4.4L 8 Cylinder Engine Gasoline Fuel
Hyundai,2016,"138,000 mi.",Gasoline,7-Speed A/T,None reported,Yes,"$10,990",395.0,1.6,4 CYLINDER,Mustang Premium,210.0HP 4.0L V6 Cylinder Engine Gasoline Fuel
Chevrolet,2003,"87,500 mi.",Gasoline,A/T,None reported,Yes,"$16,999",300.0,5.3,8 CYLINDER,R1S Launch Edition,835.0HP Electric Motor Electric Fuel System
Maserati,2013,"34,920 mi.",Gasoline,6-Speed A/T,None reported,Yes,"$38,900",440.0,4.7,8 CYLINDER,XC90 Recharge Plug-In Hybrid T8 Inscription 7 Passenger,2.0L I4 16V GDI DOHC Hybrid
BMW,2018,"25,000 mi.",Gasoline,7-Speed A/T,None reported,Yes,"$52,000",365.0,3.0,6 CYLINDER,528 i xDrive,240.0HP 2.0L 4 Cylinder Engine Gasoline Fuel
Tesla,2021,"14,642 mi.",electric,A/T,None reported,Yes,"$48,500",425.0,3.5,V6,Escalade ESV Platinum,420.0HP 6.2L 8 Cylinder Engine Gasoline Fuel
Subaru,2015,"162,000 mi.",Gasoline,CVT Transmission,None reported,Yes,"$13,999",395.0,2.5,4 CYLINDER,Corvette Base,350.0HP 5.7L 8 Cylinder Engine Gasoline Fuel
Buick,1996,"119,500 mi.",Gasoline,4-Speed A/T,At least 1 accident or damage reported,Yes,"$16,999",260.0,5.7,8 CYLINDER,A5 2.0T Premium,211.0HP 2.0L 4 Cylinder Engine Gasoline Fuel
Land,2017,"101,800 mi.",Gasoline,A/T,None reported,Yes,"$36,500",510.0,5.0,8 CYLINDER,TT 2.0T Premium,211.0HP 2.0L 4 Cylinder Engine Gasoline Fuel
Ford,2021,"84,351 mi.",Gasoline,10-Speed Automatic,None reported,Yes,"$42,691",350.0,3.5,V6,LaCrosse CX,200.0HP 3.8L V6 Cylinder Engine Gasoline Fuel
Nissan,2012,"26,930 mi.",electric,1-Speed A/T,None reported,Yes,"$6,700",107.0,3.5,V6,Camaro 2SS,455.0HP 6.2L 8 Cylinder Engine Gasoline Fuel
Toyota,2019,"40,698 mi.",Gasoline,6-Speed,None reported,No,"$42,886",270.0,3.5,V6,Model Y Long Range,425.0HP Electric Motor Electric Fuel System
Mercedes-Benz,2020,"40,000 mi.",Gasoline,9-Speed A/T,None reported,Yes,"$112,500",630.0,4.0,8 CYLINDER,M3 Base,425.0HP 3.0L Straight 6 Cylinder Engine Gasoline Fuel
BMW,2019,"30,000 mi.",Gasoline,8-Speed A/T,At least 1 accident or damage reported,Yes,"$29,000",248.0,2.0,4 CYLINDER,Optima LX,200.0HP 2.4L 4 Cylinder Engine Gasoline Fuel
Lexus,2007,"78,980 mi.",Gasoline,6-Speed A/T,At least 1 accident or damage reported,Yes,"$10,600",272.0,3.5,V6,Supra 3.0 Premium,382.0HP 3.0L Straight 6 Cylinder Engine Gasoline Fuel
Porsche,2007,"28,844 mi.",Gasoline,6-Speed Manual,None reported,No,"$69,995",365.0,3.8,V6,Nautilus Reserve,2.0L I4 16V GDI DOHC Turbo
Maserati,2023,"5,409 mi.",Gasoline,8-Speed Automatic,None reported,Yes,"$88,950",405.0,3.0,V6,Pathfinder SL,260.0HP 3.5L V6 Cylinder Engine Gasoline Fuel
Dodge,2020,"12,700 mi.",Gasoline,8-Speed A/T,At least 1 accident or damage reported,Yes,"$69,900",717.0,6.2,8 CYLINDER,X5 xDrive50i,445.0HP 4.4L 8 Cylinder Engine Gasoline Fuel
Mazda,2021,"19,000 mi.",Gasoline,A/T,None reported,No,"$25,900",187.0,2.5,4 CYLINDER,MazdaSpeed3 Grand Touring,263.0HP 2.3L 4 Cylinder Engine Gasoline Fuel
Audi,2019,"12,000 mi.",Gasoline,A/T,None reported,Yes,"$48,000",349.0,3.0,V6,Yukon XL SLT,355.0HP 5.3L 8 Cylinder Engine Gasoline Fuel
Ford,2016,"25,717 mi.",Gasoline,6-Speed M/T,None reported,Yes,"$33,900",435.0,5.0,8 CYLINDER,bZ4X Limited,Electric
Tesla,2022,"12,055 mi.",electric,A/T,None reported,Yes,"$44,400",425.0,3.5,V6,ProMaster 2500 High Roof,280.0HP 3.6L V6 Cylinder Engine Gasoline Fuel
Audi,2011,"69,700 mi.",Gasoline,6-Speed A/T,At least 1 accident or damage reported,Yes,"$23,000",265.0,2.0,4 CYLINDER,1500 Classic SLT,3.6L V6 24V MPFI DOHC
BMW,2020,"25,013 mi.",Gasoline,7-Speed A/T,None reported,Yes,"$55,000",405.0,3.0,6 CYLINDER,GS 350 Base,3.5 Liter
Audi,2023,"1,156 mi.",electric,A/T,None reported,Yes,"$54,900",295.0,3.5,V6,Tucson Limited,175.0HP 1.6L 4 Cylinder Engine Gasoline Fuel
BMW,2016,"57,939 mi.",Gasoline,8-Speed A/T,None reported,Yes,"$27,500",320.0,3.0,6 CYLINDER,SSR Base,300.0HP 5.3L 8 Cylinder Engine Gasoline Fuel
Mercedes-Benz,2018,"52,694 mi.",Gasoline,Transmission w/Dual Shift Mode,None reported,Yes,"$49,999",385.0,3.0,V6,GranTurismo Base,440.0HP 4.7L 8 Cylinder Engine Gasoline Fuel
Mercedes-Benz,2015,"54,000 mi.",Gasoline,7-Speed A/T,None reported,Yes,"$37,000",449.0,4.7,8 CYLINDER,Model X Performance,Electric
Honda,2002,"110,500 mi.",Gasoline,6-Speed M/T,None reported,Yes,"$27,000",240.0,2.0,4 CYLINDER,M2 Base,365.0HP 3.0L Straight 6 Cylinder Engine Gasoline Fuel
Chevrolet,2000,"97,500 mi.",Gasoline,6-Speed M/T,None reported,Yes,"$10,000",345.0,5.7,8 CYLINDER,Model Y Long Range,425.0HP Electric Motor Electric Fuel System
Chevrolet,2020,"20,909 mi.",Gasoline,Automatic,None reported,Yes,"$35,387",355.0,3.6,V6,Outback 2.5i Limited,175.0HP 2.5L 4 Cylinder Engine Gasoline Fuel
Mercedes-Benz,2013,"77,648 mi.",Gasoline,7-Speed A/T,None reported,Yes,"$40,000",536.0,5.5,8 CYLINDER,Roadmaster Estate,260.0HP 5.7L 8 Cylinder Engine Gasoline Fuel
Bentley,2013,"79,422 mi.",Gasoline,8-Speed A/T,None reported,Yes,"$64,000",616.0,6.0,12 CYLINDER,Rover Range Rover 5.0L Supercharged,510.0HP 5.0L 8 Cylinder Engine Gasoline Fuel
GMC,2002,"53,850 mi.",Gasoline,A/T,At least 1 accident or damage reported,Yes,"$16,900",340.0,8.1,8 CYLINDER,Expedition Max XLT,3.5L V6 24V PDI DOHC Twin Turbo
Audi,2020,"21,832 mi.",Gasoline,8-Speed A/T,None reported,Yes,"$42,000",349.0,3.0,V6,Leaf SL,107.0HP Electric Motor Electric Fuel System
Toyota,2017,"41,932 mi.",Gasoline,6-Speed M/T,None reported,Yes,"$18,700",137.0,1.8,4 CYLINDER,Tacoma TRD Pro,3.5L V6 24V PDI DOHC
GMC,2017,"110,000 mi.",Gasoline,A/T,At least 1 accident or damage reported,Yes,"$34,999",355.0,5.3,8 CYLINDER,AMG GT 63 S 4-Door,630.0HP 4.0L 8 Cylinder Engine Gasoline Fuel
Toyota,2020,"67,400 mi.",Gasoline,A/T,None reported,Yes,"$47,500",381.0,5.7,8 CYLINDER,230 i,248.0HP 2.0L 4 Cylinder Engine Gasoline Fuel
Subaru,2017,"62,662 mi.",Gasoline,M/T,At least 1 accident or damage reported,Yes,"$24,000",268.0,2.0,4 CYLINDER,ES 350 Base,272.0HP 3.5L V6 Cylinder Engine Gasoline Fuel
Subaru,2015,"102,000 mi.",Gasoline,M/T,At least 1 accident or damage reported,Yes,"$18,000",268.0,2.0,4 CYLINDER,911 Carrera S Cabriolet,3.8L H6 24V MPFI DOHC
INFINITI,2014,"79,785 mi.",Gasoline,7-Speed A/T,At least 1 accident or damage reported,Yes,"$16,488",328.0,3.7,V6,Taycan Turbo,Dual AC Electric Motors
Chevrolet,2017,"166,549 mi.",Gasoline,6-Speed A/T,At least 1 accident or damage reported,Yes,"$24,950",355.0,5.3,8 CYLINDER,Levante Modena,3.0L V6 24V GDI DOHC Twin Turbo
Toyota,2006,"190,656 mi.",Gasoline,A/T,At least 1 accident or damage reported,Yes,"$8,900",395.0,4.7,8 CYLINDER,Challenger SRT Hellcat,717.0HP 6.2L 8 Cylinder Engine Gasoline Fuel
Porsche,2009,"135,606 mi.",Gasoline,Transmission w/Dual Shift Mode,None reported,Yes,"$15,000",405.0,4.8,8 CYLINDER,Mazda6 Touring,187.0HP 2.5L 4 Cylinder Engine Gasoline Fuel
Kia,2023,"14,700 mi.",Gasoline,8-Speed A/T,None reported,Yes,"$39,900",291.0,3.8,V6,S4 3.0T Premium,349.0HP 3.0L V6 Cylinder Engine Gasoline Fuel
Mercedes-Benz,2019,"12,985 mi.",Gasoline,9-Speed A/T,At least 1 accident or damage reported,Yes,"$96,000",603.0,4.0,8 CYLINDER,Mustang GT Premium,435.0HP 5.0L 8 Cylinder Engine Gasoline Fuel
BMW,2014,"4,200 mi.",Gasoline,Transmission w/Dual Shift Mode,None reported,Yes,"$64,995",335.0,3.0,6 CYLINDER,Model Y Long Range,425.0HP Electric Motor Electric Fuel System
Subaru,2017,"44,000 mi.",Gasoline,5-Speed M/T,None reported,Yes,"$23,500",152.0,2.0,4 CYLINDER,TTS 2.0T Premium Plus,265.0HP 2.0L 4 Cylinder Engine Gasoline Fuel
Dodge,2015,"66,000 mi.",Gasoline,6-Speed M/T,None reported,Yes,"$12,000",160.0,2.0,4 CYLINDER,M2 Competition,405.0HP 3.0L Straight 6 Cylinder Engine Gasoline Fuel
Land,2021,"17,945 mi.",Gasoline,8-Speed Automatic,None reported,No,"$89,900",380.0,5.0,V8,Q4 e-tron Sportback Premium,295.0HP Electric Motor Electric Fuel System
Nissan,2013,"106,700 mi.",Gasoline,6-Speed M/T,None reported,Yes,"$17,500",332.0,3.7,V6,740 i,320.0HP 3.0L Straight 6 Cylinder Engine Gasoline Fuel
Cadillac,2020,"120,000 mi.",Gasoline,10-Speed A/T,None reported,Yes,"$55,000",420.0,6.2,8 CYLINDER,AMG GLE 43 Coupe 4MATIC,385.0HP 3.0L V6 Cylinder Engine Gasoline Fuel
Mercedes-Benz,2012,"59,600 mi.",Gasoline,Transmission w/Dual Shift Mode,None reported,Yes,"$19,900",302.0,3.5,V6,S-Class S 550 4MATIC,449.0HP 4.7L 8 Cylinder Engine Gasoline Fuel
Kia,2012,"117,220 mi.",Hybrid,A/T,None reported,Yes,"$8,900",206.0,2.4,4 CYLINDER,S2000 Base,240.0HP 2.0L 4 Cylinder Engine Gasoline Fuel
Chevrolet,2022,"85,200 mi.",Diesel,10-Speed A/T,None reported,Yes,"$67,500",445.0,6.6,8 CYLINDER,Corvette Base,345.0HP 5.7L 8 Cylinder Engine Gasoline Fuel
Volkswagen,2018,"63,450 mi.",Gasoline,6-Speed M/T,None reported,Yes,"$24,325",220.0,2.0,4 CYLINDER,Colorado Z71,3.6L V6 24V GDI DOHC
Dodge,2004,"73,000 mi.",Gasoline,6-Speed M/T,None reported,Yes,"$22,500",500.0,8.3,10 CYLINDER,S-Class S 63 AMG,536.0HP 5.5L 8 Cylinder Engine Gasoline Fuel
Scion,2014,"115,000 mi.",Gasoline,6-Speed M/T,None reported,Yes,"$11,495",179.0,2.5,4 CYLINDER,Continental GTC Base,616.0HP 6.0L 12 Cylinder Engine Gasoline Fuel
Land,2016,"56,000 mi.",Gasoline,8-Speed A/T,None reported,Yes,"$49,900",510.0,5.0,8 CYLINDER,Sierra 2500 SLE H/D Extended Cab,340.0HP 8.1L 8 Cylinder Engine Gasoline Fuel
Lexus,2018,"67,296 mi.",Gasoline,"Automatic, 10-Spd",None reported,No,"$40,900",301.0,3.5,V6,SQ5 3.0T Premium,349.0HP 3.0L V6 Cylinder Engine Gasoline Fuel
Chevrolet,2015,"179,200 mi.",Gasoline,6-Speed A/T,At least 1 accident or damage reported,Yes,"$16,000",355.0,5.3,8 CYLINDER,Corolla iM Base,137.0HP 1.8L 4 Cylinder Engine Gasoline Fuel
Maserati,2015,"28,000 mi.",Gasoline,6-Speed A/T,None reported,Yes,"$44,999",444.0,4.7,8 CYLINDER,Yukon XL SLT,355.0HP 5.3L 8 Cylinder Engine Gasoline Fuel
Porsche,2003,"155,000 mi.",Gasoline,6-Speed M/T,None reported,Yes,"$55,000",415.0,3.6,6 CYLINDER,Tundra 1794,381.0HP 5.7L 8 Cylinder Engine Gasoline Fuel
Hyundai,2012,"154,000 mi.",Hybrid,A/T,At least 1 accident or damage reported,Yes,"$8,500",206.0,2.4,4 CYLINDER,WRX Premium,268.0HP 2.0L 4 Cylinder Engine Gasoline Fuel
Cadillac,2012,"62,500 mi.",Gasoline,6-Speed A/T,At least 1 accident or damage reported,Yes,"$18,955",270.0,3.0,V6,WRX Base,268.0HP 2.0L 4 Cylinder Engine Gasoline Fuel
BMW,2000,"177,700 mi.",Gasoline,5-Speed A/T,None reported,Yes,"$2,500",170.0,2.5,6 CYLINDER,Q50 Premium,328.0HP 3.7L V6 Cylinder Engine Gasoline Fuel
Nissan,2012,"65,000 mi.",Gasoline,6-Speed M/T,None reported,Yes,"$21,500",332.0,3.7,V6,Suburban Premier,355.0HP 5.3L 8 Cylinder Engine Gasoline Fuel
Mercedes-Benz,2018,"62,808 mi.",Gasoline,Automatic,At least 1 accident or damage reported,No,"$38,598",362.0,3.0,V6,Sequoia Limited,273.0HP 4.7L 8 Cylinder Engine Gasoline Fuel
Ford,2021,"3,000 mi.",Gasoline,6-Speed M/T,None reported,Yes,"$49,500",460.0,5.0,8 CYLINDER,Challenger R/T Scat Pack,–
Audi,2012,"119,000 mi.",Gasoline,A/T,None reported,Yes,"$12,000",211.0,2.0,4 CYLINDER,Cayenne GTS,405.0HP 4.8L 8 Cylinder Engine Gasoline Fuel
RAM,2013,"198,868 mi.",Diesel,6-Speed A/T,None reported,Yes,"$25,000",350.0,6.7,6 CYLINDER,Telluride S,291.0HP 3.8L V6 Cylinder Engine Gasoline Fuel
Dodge,2011,"188,000 mi.",Gasoline,A/T,At least 1 accident or damage reported,Yes,"$8,500",210.0,3.7,V6,AMG E 63 S 4MATIC,603.0HP 4.0L 8 Cylinder Engine Gasoline Fuel
Mercedes-Benz,2013,"157,405 mi.",Gasoline,A/T,None reported,Yes,"$10,750",248.0,3.5,V6,Z4 sDrive35is,335.0HP 3.0L Straight 6 Cylinder Engine Gasoline Fuel
Dodge,2016,"8,228 mi.",Gasoline,8-Speed A/T,None reported,Yes,"$62,500",707.0,6.2,8 CYLINDER,Impreza 2.0i Sport,152.0HP 2.0L 4 Cylinder Engine Gasoline Fuel
Land,2018,"73,101 mi.",Gasoline,A/T,None reported,Yes,"$42,950",380.0,3.0,V6,Dart SE,160.0HP 2.0L 4 Cylinder Engine Gasoline Fuel
BMW,2018,"10,950 mi.",Gasoline,6-Speed M/T,None reported,Yes,"$60,995",425.0,3.0,6 CYLINDER,Rover Range Rover P525 Westminster,5.0L V8 32V GDI DOHC Supercharged
Mercedes-Benz,2018,"63,160 mi.",Gasoline,A/T,At least 1 accident or damage reported,Yes,"$47,000",463.0,4.0,8 CYLINDER,370Z Base,332.0HP 3.7L V6 Cylinder Engine Gasoline Fuel
Land,2019,"31,866 mi.",Gasoline,"Automatic, 8-Spd",None reported,No,"$68,900",380.0,5.0,V8,Escalade ESV Luxury,420.0HP 6.2L 8 Cylinder Engine Gasoline Fuel
Chevrolet,2009,"75,000 mi.",Gasoline,A/T,None reported,Yes,"$18,900",319.0,6.0,8 CYLINDER,E-Class E 350,302.0HP 3.5L V6 Cylinder Engine Gasoline Fuel
Toyota,2016,"98,000 mi.",Gasoline,A/T,At least 1 accident or damage reported,Yes,"$36,000",270.0,4.0,V6,Optima Hybrid EX,206.0HP 2.4L 4 Cylinder Engine Gas/Electric Hybrid
Mazda,2012,"33,576 mi.",Gasoline,6-Speed M/T,None reported,Yes,"$18,900",167.0,2.0,4 CYLINDER,Silverado 3500 LTZ,445.0HP 6.6L 8 Cylinder Engine Diesel Fuel
Volkswagen,2012,"123,200 mi.",Gasoline,A/T,At least 1 accident or damage reported,Yes,"$12,449",280.0,3.6,V6,Golf GTI 2.0T SE 4-Door,220.0HP 2.0L 4 Cylinder Engine Gasoline Fuel
Jaguar,2013,"112,000 mi.",Gasoline,A/T,None reported,Yes,"$8,800",340.0,3.0,V6,Ram 1500 SRT-10,500.0HP 8.3L 10 Cylinder Engine Gasoline Fuel
Chevrolet,2010,"68,000 mi.",Gasoline,6-Speed A/T,At least 1 accident or damage reported,Yes,"$19,500",426.0,6.2,8 CYLINDER,tC Anniversary Edition,179.0HP 2.5L 4 Cylinder Engine Gasoline Fuel
INFINITI,2012,"120,000 mi.",Gasoline,Transmission w/Dual Shift Mode,At least 1 accident or damage reported,Yes,"$14,500",328.0,3.7,V6,Rover Range Rover 5.0L Supercharged Autobiography,510.0HP 5.0L 8 Cylinder Engine Gasoline Fuel
BMW,2019,"45,000 mi.",Gasoline,8-Speed A/T,At least 1 accident or damage reported,Yes,"$46,999",445.0,4.4,8 CYLINDER,LS 500 Base,"3.5L V-6 port/direct injection, DOHC, VVT-iE/VVT-i variable valv"
Chevrolet,2022,"6,700 mi.",Gasoline,10-Speed A/T,None reported,Yes,"$39,500",455.0,6.2,8 CYLINDER,Suburban 1500 LT,355.0HP 5.3L 8 Cylinder Engine Gasoline Fuel
Mercedes-Benz,2015,"40,900 mi.",Gasoline,7-Speed A/T,None reported,Yes,"$59,750",577.0,5.5,8 CYLINDER,GranTurismo Base,444.0HP 4.7L 8 Cylinder Engine Gasoline Fuel
Cadillac,2018,"74,150 mi.",Gasoline,10-Speed A/T,None reported,Yes,"$45,000",420.0,6.2,8 CYLINDER,911 Carrera Turbo,415.0HP 3.6L Flat 6 Cylinder Engine Gasoline Fuel
Toyota,2014,"94,448 mi.",Hybrid,A/T,None reported,Yes,"$15,999",200.0,2.5,4 CYLINDER,Sonata Hybrid Base,206.0HP 2.4L 4 Cylinder Engine Gas/Electric Hybrid
Audi,2015,"108,000 mi.",Gasoline,Transmission w/Dual Shift Mode,None reported,Yes,"$19,998",310.0,3.0,V6,CTS Luxury,270.0HP 3.0L V6 Cylinder Engine Gasoline Fuel
BMW,2012,"118,000 mi.",Gasoline,Transmission w/Dual Shift Mode,At least 1 accident or damage reported,Yes,"$17,000",555.0,4.4,8 CYLINDER,323 Ci,170.0HP 2.5L Straight 6 Cylinder Engine Gasoline Fuel
Jaguar,2020,"38,800 mi.",Gasoline,Transmission w/Dual Shift Mode,None reported,Yes,"$57,500",550.0,5.0,8 CYLINDER,Model 3 Standard Range Plus,Electric Motor Electric Fuel System
BMW,2017,"55,000 mi.",Gasoline,Transmission w/Dual Shift Mode,None reported,Yes,"$40,000",320.0,3.0,6 CYLINDER,1500 Cheyenne Extended Cab,–
BMW,2021,"34,967 mi.",Hybrid,8-Speed A/T,At least 1 accident or damage reported,Yes,"$49,999",382.0,3.0,6 CYLINDER,370Z Touring,332.0HP 3.7L V6 Cylinder Engine Gasoline Fuel
Jeep,2016,"85,325 mi.",Gasoline,5-Speed A/T,None reported,Yes,"$30,000",285.0,3.6,V6,GLS 450 Base 4MATIC,3.0 Liter DOHC Twin Turbo
RAM,2018,"63,750 mi.",Gasoline,6-Speed A/T,None reported,Yes,"$36,000",410.0,6.4,8 CYLINDER,Mustang GT Premium,460.0HP 5.0L 8 Cylinder Engine Gasoline Fuel
Ford,2016,"87,248 mi.",Gasoline,6-Speed A/T,None reported,Yes,"$19,999",300.0,3.7,V6,Q5 2.0T Premium,211.0HP 2.0L 4 Cylinder Engine Gasoline Fuel
BMW,1997,"206,000 mi.",Gasoline,5-Speed M/T,At least 1 accident or damage reported,Yes,"$15,900",190.0,2.8,6 CYLINDER,2500 Big Horn,350.0HP 6.7L Straight 6 Cylinder Engine Diesel Fuel
Mercedes-Benz,2011,"112,854 mi.",Gasoline,7-Speed A/T,None reported,Yes,"$11,999",335.0,4.7,8 CYLINDER,Ram 1500 ST,210.0HP 3.7L V6 Cylinder Engine Gasoline Fuel
Rivian,2023,"1,150 mi.",electric,A/T,None reported,Yes,"$96,850",835.0,3.5,V6,C-Class C 300 4MATIC Sport,248.0HP 3.5L V6 Cylinder Engine Gasoline Fuel
Tesla,2023,"10,000 mi.",electric,A/T,None reported,Yes,"$48,000",425.0,3.5,V6,Challenger SRT Hellcat,707.0HP 6.2L 8 Cylinder Engine Gasoline Fuel
Mercedes-Benz,2022,"14,100 mi.",Gasoline,9-Speed A/T,None reported,Yes,"$53,000",255.0,2.0,4 CYLINDER,Rover Range Rover 3.0L Supercharged HSE,380.0HP 3.0L V6 Cylinder Engine Gasoline Fuel
BMW,2023,"14,360 mi.",Hybrid,8-Speed A/T,None reported,Yes,"$85,495",375.0,3.0,6 CYLINDER,M4 Base,425.0HP 3.0L Straight 6 Cylinder Engine Gasoline Fuel
Chevrolet,2023,"10,000 mi.",Gasoline,9-Speed A/T,None reported,Yes,"$32,000",155.0,1.3,3 CYLINDER,S-Class S 560 4MATIC,463.0HP 4.0L 8 Cylinder Engine Gasoline Fuel
Chevrolet,2015,"217,500 mi.",Gasoline,A/T,None reported,Yes,"$20,000",355.0,5.3,8 CYLINDER,Rover Range Rover 5.0L V8 Supercharged,"5L V-8 gasoline direct injection, DOHC, variable valve control,"
Chevrolet,2021,"73,846 mi.",Gasoline,10-Speed Automatic,None reported,Yes,"$60,995",355.0,5.3,V8,Express 3500 Base,319.0HP 6.0L 8 Cylinder Engine Gasoline Fuel
Jeep,2020,"40,000 mi.",Gasoline,Transmission w/Dual Shift Mode,None reported,Yes,"$45,000",285.0,3.6,V6,4Runner TRD Pro,270.0HP 4.0L V6 Cylinder Engine Gasoline Fuel
GMC,2023,"9,980 mi.",Gasoline,10-Speed A/T,None reported,Yes,"$82,000",355.0,5.3,8 CYLINDER,MX-5 Miata Grand Touring,167.0HP 2.0L 4 Cylinder Engine Gasoline Fuel
Mazda,2019,"41,997 mi.",Gasoline,6-Speed A/T,None reported,Yes,"$24,995",227.0,2.5,4 CYLINDER,Touareg VR6 Lux,280.0HP 3.6L V6 Cylinder Engine Gasoline Fuel
Alfa,2021,"2,000 mi.",Gasoline,8-Speed A/T,None reported,Yes,"$39,000",280.0,2.0,4 CYLINDER,XJ Base,340.0HP 3.0L V6 Cylinder Engine Gasoline Fuel
Mercedes-Benz,2016,"42,750 mi.",Gasoline,Transmission w/Dual Shift Mode,At least 1 accident or damage reported,Yes,"$22,999",208.0,2.0,4 CYLINDER,Camaro 2SS,426.0HP 6.2L 8 Cylinder Engine Gasoline Fuel
BMW,2019,"19,473 mi.",Gasoline,Automatic,None reported,No,"$31,698",335.0,2.0,V6,G37 x,328.0HP 3.7L V6 Cylinder Engine Gasoline Fuel
Volkswagen,2019,"35,340 mi.",Gasoline,A/T,None reported,Yes,"$23,000",174.0,2.0,4 CYLINDER,X6 xDrive50i,445.0HP 4.4L 8 Cylinder Engine Gasoline Fuel
Mercedes-Benz,2008,"93,000 mi.",Gasoline,7-Speed A/T,At least 1 accident or damage reported,Yes,"$12,000",268.0,3.5,V6,Camaro LT1,455.0HP 6.2L 8 Cylinder Engine Gasoline Fuel
Audi,2014,"66,150 mi.",Gasoline,8-Speed A/T,At least 1 accident or damage reported,Yes,"$47,995",560.0,4.0,8 CYLINDER,Taycan Base,Electric
Volvo,2022,"19,352 mi.",Plug-In Hybrid,8-Speed A/T,None reported,Yes,"$54,599",455.0,2.0,4 CYLINDER,S-Class S 63 AMG,577.0HP 5.5L 8 Cylinder Engine Gasoline Fuel
Land,2020,"81,000 mi.",Gasoline,A/T,None reported,Yes,"$64,800",518.0,5.0,8 CYLINDER,Escalade ESV Premium Luxury,420.0HP 6.2L 8 Cylinder Engine Gasoline Fuel
Toyota,2011,"183,000 mi.",Gasoline,6-Speed A/T,None reported,Yes,"$16,000",395.0,5.7,8 CYLINDER,Camry Hybrid XLE,200.0HP 2.5L 4 Cylinder Engine Gas/Electric Hybrid
Jeep,2004,"44,000 mi.",Gasoline,M/T,At least 1 accident or damage reported,Yes,"$24,999",190.0,4.0,6 CYLINDER,A6 3.0T Prestige,310.0HP 3.0L V6 Cylinder Engine Gasoline Fuel
Audi,2021,"18,100 mi.",Gasoline,8-Speed A/T,None reported,Yes,"$51,800",349.0,3.0,V6,X5 M Base,555.0HP 4.4L 8 Cylinder Engine Gasoline Fuel
Land,2011,"40,000 mi.",Gasoline,Transmission w/Dual Shift Mode,At least 1 accident or damage reported,Yes,"$20,000",510.0,5.0,8 CYLINDER,F-PACE SVR,550.0HP 5.0L 8 Cylinder Engine Gasoline Fuel
Mercedes-Benz,2011,"120,000 mi.",Diesel,5-Speed A/T,None reported,Yes,"$31,999",188.0,3.0,V6,740 i,320.0HP 3.0L Straight 6 Cylinder Engine Gasoline Fuel
Toyota,2023,325 mi.,Hybrid,10-Speed A/T,None reported,Yes,"$84,997",437.0,3.4,V6,M340 i xDrive,382.0HP 3.0L Straight 6 Cylinder Engine Gasoline/Mild Electric Hybrid
Maserati,2017,"55,000 mi.",Gasoline,A/T,None reported,Yes,"$39,100",405.0,3.0,V6,Wrangler Unlimited Sport,285.0HP 3.6L V6 Cylinder Engine Gasoline Fuel
Lamborghini,2021,"6,987 mi.",Gasoline,7-Speed,None reported,Yes,"$749,950",770.0,6.5,V12,2500 Tradesman,410.0HP 6.4L 8 Cylinder Engine Gasoline Fuel
Ford,2019,"48,500 mi.",Gasoline,6-Speed M/T,At least 1 accident or damage reported,Yes,"$44,999",480.0,5.0,8 CYLINDER,Mustang V6,300.0HP 3.7L V6 Cylinder Engine Gasoline Fuel
RAM,2018,"52,000 mi.",Diesel,6-Speed A/T,None reported,Yes,"$50,000",350.0,6.7,6 CYLINDER,328 i,190.0HP 2.8L Straight 6 Cylinder Engine Gasoline Fuel
Toyota,2007,"179,000 mi.",Gasoline,A/T,At least 1 accident or damage reported,Yes,"$17,900",239.0,4.0,V6,GL-Class GL 450,335.0HP 4.7L 8 Cylinder Engine Gasoline Fuel
Dodge,2019,"42,626 mi.",Gasoline,8-Speed A/T,None reported,Yes,"$42,000",485.0,6.4,8 CYLINDER,R1S Adventure Package,835.0HP Electric Motor Electric Fuel System
Lexus,2018,"65,900 mi.",Gasoline,Transmission w/Dual Shift Mode,At least 1 accident or damage reported,Yes,"$34,700",301.0,4.6,8 CYLINDER,Model Y Long Range,425.0HP Electric Motor Electric Fuel System
Genesis,2022,"7,523 mi.",Gasoline,8-Speed Automatic,None reported,No,"$54,543",365.0,2.5,I4,E-Class E 350,255.0HP 2.0L 4 Cylinder Engine Gasoline Fuel
Jaguar,2019,"34,365 mi.",Gasoline,Automatic,None reported,No,"$59,598",340.0,2.0,V6,X7 xDrive40i,375.0HP 3.0L Straight 6 Cylinder Engine Gasoline/Mild Electric Hybrid
Kia,2021,"16,949 mi.",Gasoline,6-Speed Automatic,None reported,Yes,"$24,995",181.0,2.4,I4,Trailblazer RS,155.0HP 1.3L 3 Cylinder Engine Gasoline Fuel
Mercedes-Benz,2022,"7,968 mi.",Hybrid,9-Speed A/T,None reported,Yes,"$104,999",496.0,4.0,8 CYLINDER,Suburban 1500 LTZ,355.0HP 5.3L 8 Cylinder Engine Gasoline Fuel
Porsche,2018,"61,000 mi.",Gasoline,Transmission w/Dual Shift Mode,None reported,Yes,"$57,500",330.0,3.0,V6,Suburban Premier,5.3L V8 16V GDI OHV
INFINITI,2018,"100,564 mi.",Gasoline,7-Speed Automatic,None reported,No,"$23,105",328.0,5.6,V8,Gladiator Overland,285.0HP 3.6L V6 Cylinder Engine Gasoline Fuel
Ford,2022,"13,700 mi.",Hybrid,CVT Transmission,None reported,Yes,"$39,500",191.0,2.5,4 CYLINDER,Yukon XL AT4,355.0HP 5.3L 8 Cylinder Engine Gasoline Fuel
Kia,2021,"38,612 mi.",Gasoline,8-Speed Automatic,None reported,No,"$42,242",291.0,3.8,V6,Mazda6 Grand Touring Reserve,227.0HP 2.5L 4 Cylinder Engine Gasoline Fuel
Chevrolet,2005,"155,000 mi.",Gasoline,A/T,At least 1 accident or damage reported,Yes,"$7,995",220.0,3.5,5 CYLINDER,Romeo Giulia Ti,280.0HP 2.0L 4 Cylinder Engine Gasoline Fuel
Mercedes-Benz,2017,"56,000 mi.",Gasoline,Transmission w/Dual Shift Mode,None reported,Yes,"$35,750",402.0,4.7,8 CYLINDER,CLA-Class CLA 250,208.0HP 2.0L 4 Cylinder Engine Gasoline Fuel
Land,2022,"15,107 mi.",Gasoline,8-Speed Automatic,None reported,No,"$114,900",380.0,5.0,V8,330 330i xDrive,Intercooled Turbo Premium Unleaded I-4 2.0 L/122
Toyota,2022,"44,459 mi.",Hybrid,A/T,None reported,Yes,"$22,945",121.0,1.8,4 CYLINDER,Beetle 2.0T S,174.0HP 2.0L 4 Cylinder Engine Gasoline Fuel
Mercedes-Benz,2017,"31,000 mi.",Gasoline,A/T,At least 1 accident or damage reported,Yes,"$38,000",241.0,2.0,4 CYLINDER,CLK-Class CLK 350,268.0HP 3.5L V6 Cylinder Engine Gasoline Fuel
Mercedes-Benz,2012,"44,000 mi.",Gasoline,Transmission w/Dual Shift Mode,At least 1 accident or damage reported,Yes,"$22,222",302.0,3.5,V6,RS 7 4.0T Prestige,560.0HP 4.0L 8 Cylinder Engine Gasoline Fuel
Mercedes-Benz,2018,"22,558 mi.",Gasoline,9-Speed Automatic,None reported,Yes,"$47,645",362.0,3.0,V6,XC60 Recharge Plug-In Hybrid T8 Inscription,455.0HP 2.0L 4 Cylinder Engine Plug-In Electric/Gas
Jeep,2003,"116,157 mi.",Gasoline,4-Speed A/T,None reported,Yes,"$14,250",210.0,4.0,6 CYLINDER,Rover Range Rover Supercharged LWB,518.0HP 5.0L 8 Cylinder Engine Gasoline Fuel
Lincoln,2018,"23,500 mi.",Gasoline,10-Speed A/T,At least 1 accident or damage reported,Yes,"$50,000",450.0,3.5,V6,Sequoia Limited,381.0HP 5.7L 8 Cylinder Engine Gasoline Fuel
Chevrolet,2008,"28,150 mi.",Gasoline,Transmission w/Dual Shift Mode,None reported,Yes,"$31,000",430.0,6.2,8 CYLINDER,Wrangler X,190.0HP 4.0L Straight 6 Cylinder Engine Gasoline Fuel
GMC,2016,"137,500 mi.",Gasoline,A/T,At least 1 accident or damage reported,Yes,"$29,500",420.0,6.2,8 CYLINDER,S5 3.0T Premium,349.0HP 3.0L V6 Cylinder Engine Gasoline Fuel
Mercedes-Benz,2021,"2,284 mi.",Gasoline,9-Speed Automatic,None reported,Yes,"$157,500",362.0,2.0,I4,Rover Range Rover Sport Supercharged,510.0HP 5.0L 8 Cylinder Engine Gasoline Fuel
Land,2023,350 mi.,Gasoline,Transmission w/Dual Shift Mode,None reported,Yes,"$195,000",523.0,4.4,8 CYLINDER,Sprinter 2500,188.0HP 3.0L V6 Cylinder Engine Diesel Fuel
Ford,2017,"169,000 mi.",E85 Flex Fuel,A/T,None reported,Yes,"$13,000",290.0,3.5,V6,Sequoia Platinum,437.0HP 3.4L V6 Cylinder Engine Gas/Electric Hybrid
Ferrari,2018,"17,761 mi.",Gasoline,7-Speed Automatic with Auto-Shift,None reported,No,"$243,900",592.0,3.9,V8,Quattroporte S GranLusso,405.0HP 3.0L V6 Cylinder Engine Gasoline Fuel
Chevrolet,2010,"8,949 mi.",Gasoline,M/T,None reported,Yes,"$30,000",426.0,6.2,8 CYLINDER,Land Cruiser Base,–
BMW,2020,"25,108 mi.",Gasoline,8-Speed A/T,None reported,No,"$66,000",523.0,4.4,8 CYLINDER,Aventador SVJ Base,6.5L V12 48V MPFI DOHC
Land,2016,"103,000 mi.",Gasoline,Transmission w/Dual Shift Mode,None reported,Yes,"$33,999",380.0,3.0,V6,Mustang Bullitt,480.0HP 5.0L 8 Cylinder Engine Gasoline Fuel
Porsche,2003,"87,600 mi.",Gasoline,Transmission w/Dual Shift Mode,At least 1 accident or damage reported,Yes,"$32,000",315.0,3.6,6 CYLINDER,2500 Tradesman,350.0HP 6.7L Straight 6 Cylinder Engine Diesel Fuel
Maserati,2022,"1,087 mi.",Gasoline,8-Speed Automatic with Auto-Shift,None reported,Yes,"$279,000",405.0,3.0,V6,FJ Cruiser Base,239.0HP 4.0L V6 Cylinder Engine Gasoline Fuel
Mercedes-Benz,2015,"76,753 mi.",Gasoline,A/T,At least 1 accident or damage reported,Yes,"$15,999",208.0,2.0,4 CYLINDER,Charger Scat Pack,485.0HP 6.4L 8 Cylinder Engine Gasoline Fuel
Mercedes-Benz,2019,"10,500 mi.",Gasoline,A/T,None reported,Yes,"$79,500",208.0,2.0,4 CYLINDER,GX 460 Base,301.0HP 4.6L 8 Cylinder Engine Gasoline Fuel
Mercedes-Benz,2011,"199,000 mi.",Gasoline,7-Speed A/T,None reported,Yes,"$9,250",268.0,3.5,V6,GV80 2.5T,2.5L I4 16V PDI DOHC Turbo
Lexus,2007,"127,980 mi.",Gasoline,8-Speed A/T,None reported,Yes,"$9,999",380.0,4.6,8 CYLINDER,F-PACE 30t R-Sport,2.0 Liter
BMW,2023,"16,307 mi.",Hybrid,A/T,None reported,Yes,"$71,400",335.0,3.0,6 CYLINDER,Sportage S,2.4L I4 16V GDI DOHC
Audi,2021,"13,566 mi.",Gasoline,1-Speed Automatic,None reported,No,"$57,900",333.0,3.0,V6,S-Class S 580 4MATIC,496.0HP 4.0L 8 Cylinder Engine Gasoline/Mild Electric Hybrid
Audi,2022,"22,588 mi.",Hybrid,Automatic,None reported,No,"$52,598",333.0,3.0,V6,Panamera Base,330.0HP 3.0L V6 Cylinder Engine Gasoline Fuel
Jaguar,2019,"41,452 mi.",Gasoline,Transmission w/Dual Shift Mode,At least 1 accident or damage reported,Yes,"$22,500",247.0,2.0,4 CYLINDER,QX80 Base,5.6L V8 32V GDI DOHC
Genesis,2019,"57,500 mi.",Gasoline,A/T,None reported,Yes,"$32,990",365.0,3.3,V6,Maverick Lariat,191.0HP 2.5L 4 Cylinder Engine Gas/Electric Hybrid
BMW,2020,500 mi.,Gasoline,7-Speed A/T,None reported,Yes,"$70,000",405.0,3.0,6 CYLINDER,Telluride SX,3.8L V6 24V GDI DOHC
Subaru,2014,"55,000 mi.",Gasoline,5-Speed M/T,None reported,Yes,"$30,000",265.0,2.5,4 CYLINDER,Colorado Z85,220.0HP 3.5L 5 Cylinder Engine Gasoline Fuel
GMC,2021,"8,210 mi.",Gasoline,A/T,None reported,Yes,"$55,000",401.0,6.6,8 CYLINDER,E-Class E 550,402.0HP 4.7L 8 Cylinder Engine Gasoline Fuel
Lincoln,2021,"18,160 mi.",Gasoline,8-Speed Automatic,None reported,No,"$46,850",304.0,2.7,V6,Rover Range Rover Sport SVR,5.0L V8 32V GDI DOHC Supercharged
Jaguar,2013,"4,279 mi.",Gasoline,8-Speed A/T,None reported,No,"$70,000",550.0,5.0,8 CYLINDER,Corolla Hybrid LE,121.0HP 1.8L 4 Cylinder Engine Gas/Electric Hybrid
Mercedes-Benz,2013,"39,748 mi.",Diesel,A/T,At least 1 accident or damage reported,Yes,"$54,995",188.0,3.0,V6,E-Class E 300 4MATIC,241.0HP 2.0L 4 Cylinder Engine Gasoline Fuel
Toyota,1998,"160,000 mi.",Gasoline,4-Speed A/T,At least 1 accident or damage reported,Yes,"$12,490",230.0,4.7,8 CYLINDER,SLK-Class SLK 350,302.0HP 3.5L V6 Cylinder Engine Gasoline Fuel
Toyota,2013,"65,000 mi.",Gasoline,A/T,None reported,Yes,"$20,500",159.0,2.7,4 CYLINDER,E-Class E 400 4MATIC,3.0L V6 24V GDI DOHC Twin Turbo
BMW,2016,"59,000 mi.",Gasoline,8-Speed A/T,None reported,Yes,"$25,000",240.0,2.0,4 CYLINDER,Wrangler X,210.0HP 4.0L Straight 6 Cylinder Engine Gasoline Fuel
BMW,2022,"22,700 mi.",Plug-In Hybrid,A/T,None reported,Yes,"$47,000",288.0,2.0,4 CYLINDER,Navigator Premiere,450.0HP 3.5L V6 Cylinder Engine Gasoline Fuel
Mercedes-Benz,2018,"56,578 mi.",E85 Flex Fuel,7-Speed A/T,None reported,Yes,"$20,900",208.0,2.0,4 CYLINDER,Corvette Base,430.0HP 6.2L 8 Cylinder Engine Gasoline Fuel
Hyundai,2010,"153,332 mi.",Gasoline,Transmission w/Dual Shift Mode,At least 1 accident or damage reported,Yes,"$10,000",378.0,4.6,8 CYLINDER,Yukon XL Denali,420.0HP 6.2L 8 Cylinder Engine Gasoline Fuel
Cadillac,2013,"89,700 mi.",Gasoline,6-Speed A/T,None reported,Yes,"$17,999",321.0,3.6,V6,Metris Base,2.0L I4 16V GDI DOHC Turbo
Lincoln,2002,"118,600 mi.",Gasoline,A/T,At least 1 accident or damage reported,Yes,"$5,230",220.0,4.6,8 CYLINDER,Rover Range Rover P530 SE LWB 7 Seat,523.0HP 4.4L 8 Cylinder Engine Gasoline Fuel
GMC,2021,"23,400 mi.",Gasoline,A/T,None reported,Yes,"$52,000",420.0,6.2,8 CYLINDER,Explorer XLT,290.0HP 3.5L V6 Cylinder Engine Flex Fuel Capability
Mercedes-Benz,2015,"110,000 mi.",Diesel,A/T,None reported,Yes,"$29,000",188.0,3.0,V6,488 GTB Base,3.9L V8 32V GDI DOHC Twin Turbo
Jaguar,2008,"87,888 mi.",Gasoline,6-Speed A/T,None reported,Yes,"$11,990",300.0,4.2,8 CYLINDER,Camaro 2SS,426.0HP 6.2L 8 Cylinder Engine Gasoline Fuel
Lexus,2015,"73,800 mi.",Gasoline,6-Speed Automatic,None reported,No,"$26,999",301.0,3.5,V6,750 i xDrive,523.0HP 4.4L 8 Cylinder Engine Gasoline Fuel
Audi,2015,"78,124 mi.",Gasoline,6-Speed A/T,None reported,Yes,"$21,500",292.0,2.0,4 CYLINDER,Rover Range Rover 3.0L Supercharged HSE,380.0HP 3.0L V6 Cylinder Engine Gasoline Fuel
Subaru,2015,"91,000 mi.",Gasoline,6-Speed M/T,At least 1 accident or damage reported,Yes,"$19,000",395.0,2.0,4 CYLINDER,911 Carrera 4 Cabriolet,315.0HP 3.6L Flat 6 Cylinder Engine Gasoline Fuel
Dodge,2003,"114,000 mi.",Gasoline,5-Speed A/T,At least 1 accident or damage reported,Yes,"$10,700",345.0,5.7,8 CYLINDER,MC20 Base,3.0L V6 24V PDI DOHC Twin Turbo
Subaru,2015,"76,000 mi.",Gasoline,6-Speed M/T,None reported,Yes,"$21,000",395.0,2.0,4 CYLINDER,CLA-Class CLA 250,208.0HP 2.0L 4 Cylinder Engine Gasoline Fuel
Audi,2008,"146,500 mi.",Gasoline,6-Speed M/T,At least 1 accident or damage reported,Yes,"$30,000",420.0,4.2,8 CYLINDER,Metris Base,208.0HP 2.0L 4 Cylinder Engine Gasoline Fuel
Porsche,2007,"26,021 mi.",Gasoline,6-Speed M/T,None reported,Yes,"$53,999",325.0,3.6,6 CYLINDER,E-Class E 350 4MATIC,268.0HP 3.5L V6 Cylinder Engine Gasoline Fuel
Audi,2015,"73,000 mi.",E85 Flex Fuel,A/T,At least 1 accident or damage reported,Yes,"$17,200",220.0,2.0,4 CYLINDER,LS 460 L,380.0HP 4.6L 8 Cylinder Engine Gasoline Fuel
Audi,2009,"153,000 mi.",Gasoline,6-Speed A/T,None reported,Yes,"$8,700",265.0,3.2,V6,X6 xDrive40i,335.0HP 3.0L Straight 6 Cylinder Engine Gasoline/Mild Electric Hybrid
Ford,2003,"67,550 mi.",Diesel,5-Speed A/T,None reported,Yes,"$30,000",395.0,6.0,8 CYLINDER,S5 3.0T Prestige,3.0L
Ford,2004,"170,000 mi.",Gasoline,A/T,None reported,Yes,"$8,500",395.0,6.8,10 CYLINDER,Q7 Premium Plus,3.0 Liter TFSI
Land,2017,"53,000 mi.",Gasoline,Transmission w/Dual Shift Mode,None reported,Yes,"$47,500",510.0,5.0,8 CYLINDER,XE 25t,247.0HP 2.0L 4 Cylinder Engine Gasoline Fuel
Audi,2019,"54,900 mi.",Hybrid,A/T,At least 1 accident or damage reported,Yes,"$48,500",335.0,3.0,V6,G80 3.3T Sport,365.0HP 3.3L V6 Cylinder Engine Gasoline Fuel
BMW,2016,"89,000 mi.",Gasoline,8-Speed A/T,None reported,Yes,"$24,000",300.0,3.0,6 CYLINDER,M2 Competition,405.0HP 3.0L Straight 6 Cylinder Engine Gasoline Fuel
Ford,2022,"6,200 mi.",Gasoline,7-Speed M/T,None reported,Yes,"$49,000",275.0,2.3,4 CYLINDER,Impreza WRX Premium,265.0HP 2.5L 4 Cylinder Engine Gasoline Fuel
Ford,2021,"51,808 mi.",Gasoline,10-Speed Automatic,None reported,Yes,"$42,388",350.0,5.0,V8,Sierra 2500 Base,401.0HP 6.6L 8 Cylinder Engine Gasoline Fuel
Hyundai,2013,"89,000 mi.",Gasoline,6-Speed M/T,At least 1 accident or damage reported,Yes,"$12,500",344.0,3.8,V6,Nautilus Reserve,2.7L V6 24V GDI DOHC Twin Turbo
Toyota,1999,"86,111 mi.",Gasoline,A/T,At least 1 accident or damage reported,Yes,"$3,500",133.0,2.2,4 CYLINDER,XF XFR-S,550.0HP 5.0L 8 Cylinder Engine Gasoline Fuel
Mercedes-Benz,2018,"45,203 mi.",Gasoline,9-Speed Automatic,None reported,Yes,"$39,853",362.0,3.0,V6,Sprinter Normal Roof,188.0HP 3.0L V6 Cylinder Engine Diesel Fuel
Audi,2022,"14,739 mi.",Gasoline,1-Speed Automatic,None reported,No,"$61,900",333.0,3.0,V6,Land Cruiser Base,230.0HP 4.7L 8 Cylinder Engine Gasoline Fuel
Buick,2017,"139,105 mi.",Gasoline,6-Speed Automatic,At least 1 accident or damage reported,Yes,"$17,550",310.0,3.6,V6,Tacoma PreRunner,159.0HP 2.7L 4 Cylinder Engine Gasoline Fuel
Lamborghini,2010,"45,014 mi.",Gasoline,6-Speed A/T,None reported,Yes,"$109,499",560.0,5.2,10 CYLINDER,Z4 sDrive28i,240.0HP 2.0L 4 Cylinder Engine Gasoline Fuel
Ford,2011,"101,000 mi.",Gasoline,6-Speed M/T,None reported,Yes,"$18,500",412.0,5.0,8 CYLINDER,530e Base,288.0HP 2.0L 4 Cylinder Engine Plug-In Electric/Gas
GMC,2016,"93,000 mi.",Gasoline,A/T,At least 1 accident or damage reported,Yes,"$30,000",355.0,5.3,8 CYLINDER,GLA 250 Base 4MATIC,208.0HP 2.0L 4 Cylinder Engine Flex Fuel Capability
Ford,2013,"62,500 mi.",Gasoline,6-Speed M/T,None reported,Yes,"$16,000",305.0,3.7,V6,Genesis 4.6,378.0HP 4.6L 8 Cylinder Engine Gasoline Fuel
Lexus,2008,"75,000 mi.",Gasoline,8-Speed A/T,At least 1 accident or damage reported,Yes,"$29,000",416.0,5.0,8 CYLINDER,ATS 3.6L Luxury,321.0HP 3.6L V6 Cylinder Engine Gasoline Fuel
BMW,2015,"34,455 mi.",Gasoline,8-Speed A/T,None reported,Yes,"$28,000",300.0,3.0,6 CYLINDER,Town Car Signature,220.0HP 4.6L 8 Cylinder Engine Gasoline Fuel
Land,2010,"130,000 mi.",Gasoline,A/T,None reported,Yes,"$15,500",510.0,5.0,8 CYLINDER,Sierra 1500 SLT,420.0HP 6.2L 8 Cylinder Engine Gasoline Fuel
Mercedes-Benz,2014,"76,170 mi.",Gasoline,Transmission w/Dual Shift Mode,At least 1 accident or damage reported,Yes,"$16,500",208.0,2.0,4 CYLINDER,Sprinter High Roof,188.0HP 3.0L V6 Cylinder Engine Diesel Fuel
GMC,2010,"194,500 mi.",E85 Flex Fuel,6-Speed A/T,At least 1 accident or damage reported,Yes,"$9,500",320.0,5.3,8 CYLINDER,XJ Vanden Plas,300.0HP 4.2L 8 Cylinder Engine Gasoline Fuel
BMW,2008,"135,000 mi.",Gasoline,A/T,None reported,Yes,"$5,699",300.0,3.0,6 CYLINDER,RC 350 Base,3.5L V6 24V PDI DOHC
Dodge,2021,"33,000 mi.",Gasoline,Transmission w/Dual Shift Mode,At least 1 accident or damage reported,Yes,"$26,999",300.0,3.6,V6,S3 2.0T Premium Plus,292.0HP 2.0L 4 Cylinder Engine Gasoline Fuel
Hyundai,2010,"98,700 mi.",Gasoline,Transmission w/Dual Shift Mode,None reported,Yes,"$10,340",290.0,3.8,V6,WRX Limited,268.0HP 2.0L 4 Cylinder Engine Gasoline Fuel
Honda,2018,"72,900 mi.",Gasoline,6-Speed M/T,At least 1 accident or damage reported,Yes,"$35,500",306.0,2.0,4 CYLINDER,Ram 2500 SLT Quad Cab,345.0HP 5.7L 8 Cylinder Engine Gasoline Fuel
Dodge,2016,"135,000 mi.",Gasoline,A/T,None reported,Yes,"$20,000",360.0,5.7,8 CYLINDER,WRX Limited,268.0HP 2.0L 4 Cylinder Engine Gasoline Fuel
Chevrolet,2022,"2,550 mi.",Gasoline,10-Speed A/T,None reported,Yes,"$60,000",395.0,5.3,8 CYLINDER,RS 4 4.2 quattro L,420.0HP 4.2L 8 Cylinder Engine Gasoline Fuel
Jeep,2020,"35,289 mi.",Gasoline,8-Speed Automatic,None reported,No,"$35,470",285.0,3.6,V6,911 Carrera,325.0HP 3.6L Flat 6 Cylinder Engine Gasoline Fuel
RAM,2022,"14,636 mi.",Gasoline,8-Speed Automatic,None reported,No,"$46,599",395.0,5.7,V8,A4 2.0T Premium Plus,220.0HP 2.0L 4 Cylinder Engine Flex Fuel Capability
Chrysler,2005,"24,847 mi.",Gasoline,5-Speed Automatic,None reported,Yes,"$13,046",395.0,3.2,V6,A4 3.2 Premium Plus quattro,265.0HP 3.2L V6 Cylinder Engine Gasoline Fuel
Nissan,2019,"29,558 mi.",Gasoline,Automatic CVT,None reported,Yes,"$25,884",284.0,2.5,I4,Excursion Limited,325.0HP 6.0L 8 Cylinder Engine Diesel Fuel
Audi,2023,"6,581 mi.",Gasoline,"Automatic, 7-Spd S tronic Dual-Clutch",None reported,No,"$59,900",333.0,3.0,V6,Excursion Limited,310.0HP 6.8L 10 Cylinder Engine Gasoline Fuel
Mercedes-Benz,2020,"22,000 mi.",Hybrid,9-Speed A/T,None reported,Yes,"$83,999",429.0,3.0,6 CYLINDER,Rover Range Rover Sport 5.0L Supercharged Dynamic,510.0HP 5.0L 8 Cylinder Engine Gasoline Fuel
Acura,2017,"68,200 mi.",Gasoline,Transmission w/Dual Shift Mode,At least 1 accident or damage reported,Yes,"$15,750",201.0,2.4,4 CYLINDER,Q8 3.0T Prestige,335.0HP 3.0L V6 Cylinder Engine Gasoline/Mild Electric Hybrid
Land,2023,"2,800 mi.",Gasoline,8-Speed A/T,None reported,Yes,"$175,000",523.0,4.4,8 CYLINDER,X5 xDrive35i,300.0HP 3.0L Straight 6 Cylinder Engine Gasoline Fuel
Ford,2019,"51,300 mi.",Gasoline,10-Speed Automatic,None reported,Yes,"$48,295",350.0,3.5,V6,Bronco Base,275.0HP 2.3L 4 Cylinder Engine Gasoline Fuel
BMW,2008,"133,500 mi.",Gasoline,6-Speed M/T,None reported,Yes,"$18,500",414.0,4.0,8 CYLINDER,F-150 XLT,5.0L V8 32V PDI DOHC
INFINITI,2012,"49,000 mi.",Gasoline,7-Speed A/T,None reported,Yes,"$19,900",330.0,3.7,V6,Genesis Coupe 3.8 Track,344.0HP 3.8L V6 Cylinder Engine Gasoline Fuel
BMW,2008,"125,470 mi.",Gasoline,A/T,None reported,Yes,"$8,000",360.0,4.8,8 CYLINDER,Camry LE,133.0HP 2.2L 4 Cylinder Engine Gasoline Fuel
Porsche,1999,"72,000 mi.",Gasoline,5-Speed M/T,None reported,Yes,"$12,250",201.0,2.5,6 CYLINDER,S5 3.0T Prestige,3.0L
Acura,2019,"19,500 mi.",Gasoline,8-Speed A/T,None reported,Yes,"$25,000",201.0,2.4,4 CYLINDER,Enclave Premium,3.6L V6 24V GDI DOHC
Porsche,2017,"20,561 mi.",Gasoline,7-Speed M/T,None reported,Yes,"$105,000",420.0,3.0,6 CYLINDER,Gallardo LP560-4,560.0HP 5.2L 10 Cylinder Engine Gasoline Fuel
Lexus,2016,"33,655 mi.",Gasoline,8-Speed A/T,None reported,Yes,"$62,900",383.0,5.7,8 CYLINDER,Mustang GT Premium,412.0HP 5.0L 8 Cylinder Engine Gasoline Fuel
Toyota,2015,"135,140 mi.",Gasoline,A/T,None reported,Yes,"$23,500",395.0,3.5,V6,Yukon XL SLT,355.0HP 5.3L 8 Cylinder Engine Gasoline Fuel
Maserati,2015,"73,000 mi.",Gasoline,8-Speed A/T,None reported,Yes,"$17,999",345.0,3.0,V6,Mustang V6 Premium,305.0HP 3.7L V6 Cylinder Engine Gasoline Fuel
Land,2017,"55,000 mi.",Gasoline,A/T,At least 1 accident or damage reported,Yes,"$58,000",380.0,3.0,V6,IS-F Base,416.0HP 5.0L 8 Cylinder Engine Gasoline Fuel
Chevrolet,2013,"87,000 mi.",Gasoline,A/T,At least 1 accident or damage reported,Yes,"$10,000",138.0,1.4,4 CYLINDER,435 i,300.0HP 3.0L Straight 6 Cylinder Engine Gasoline Fuel
BMW,2006,"137,825 mi.",Gasoline,6-Speed A/T,None reported,Yes,"$4,000",215.0,3.0,6 CYLINDER,Rover Range Rover Supercharged,510.0HP 5.0L 8 Cylinder Engine Gasoline Fuel
Acura,2008,"184,421 mi.",Gasoline,A/T,None reported,Yes,"$5,000",300.0,3.7,V6,CLA-Class CLA 250,208.0HP 2.0L 4 Cylinder Engine Gasoline Fuel
Lincoln,2015,"95,000 mi.",Gasoline,6-Speed A/T,At least 1 accident or damage reported,Yes,"$14,900",240.0,2.0,4 CYLINDER,Yukon SLT,320.0HP 5.3L 8 Cylinder Engine Flex Fuel Capability
Kia,2022,"26,468 mi.",Gasoline,6-Speed Automatic,At least 1 accident or damage reported,Yes,"$27,875",181.0,2.4,I4,535 i,300.0HP 3.0L Straight 6 Cylinder Engine Gasoline Fuel
Bentley,2003,"55,050 mi.",Gasoline,4-Speed A/T,None reported,Yes,"$34,995",400.0,6.75,8 CYLINDER,Charger GT,300.0HP 3.6L V6 Cylinder Engine Gasoline Fuel
Kia,2021,"54,200 mi.",Gasoline,A/T,None reported,Yes,"$23,800",191.0,2.5,4 CYLINDER,Genesis 3.8,290.0HP 3.8L V6 Cylinder Engine Gasoline Fuel
Lexus,2002,"109,762 mi.",Gasoline,5-Speed A/T,None reported,Yes,"$15,000",300.0,4.3,8 CYLINDER,Civic Type R Touring,306.0HP 2.0L 4 Cylinder Engine Gasoline Fuel
Land,2012,"92,080 mi.",Gasoline,6-Speed A/T,None reported,Yes,"$14,500",240.0,2.0,4 CYLINDER,Durango R/T,360.0HP 5.7L 8 Cylinder Engine Gasoline Fuel
Acura,2023,"1,798 mi.",Gasoline,10-Speed A/T,None reported,Yes,"$53,000",355.0,3.0,V6,Silverado 1500 Limited High Country,355.0HP 5.3L 8 Cylinder Engine Gasoline Fuel
GMC,2006,"167,500 mi.",Gasoline,A/T,None reported,Yes,"$14,500",295.0,5.3,8 CYLINDER,Grand Cherokee Altitude,3.6L V6 24V MPFI DOHC
GMC,2023,"2,500 mi.",Gasoline,10-Speed A/T,None reported,Yes,"$84,000",420.0,6.2,8 CYLINDER,1500 Laramie,5.7L V8 16V MPFI OHV
Mercedes-Benz,2016,"77,000 mi.",Gasoline,7-Speed A/T,At least 1 accident or damage reported,Yes,"$24,000",329.0,3.0,V6,Crossfire Limited,3.2L V6 18V MPFI SOHC
MINI,2019,"19,850 mi.",Gasoline,6-Speed A/T,None reported,Yes,"$24,000",134.0,1.5,3 CYLINDER,Rogue SL,2.5L I4 16V MPFI DOHC
Ford,2023,"3,400 mi.",Gasoline,10-Speed A/T,None reported,Yes,"$57,000",275.0,2.3,4 CYLINDER,A6 55 Premium Plus,"3L V-6 gasoline direct injection, DOHC, variable valve control,"
Ford,2021,"3,596 mi.",Gasoline,10-Speed Automatic,None reported,No,"$56,900",350.0,2.7,V6,AMG GT 53 Base,429.0HP 3.0L Straight 6 Cylinder Engine Gasoline/Mild Electric Hybrid
Ford,2009,"130,200 mi.",Diesel,5-Speed A/T,None reported,Yes,"$28,900",350.0,6.4,8 CYLINDER,ILX Technology Plus Package,201.0HP 2.4L 4 Cylinder Engine Gasoline Fuel
Land,2017,"48,200 mi.",Gasoline,9-Speed A/T,None reported,Yes,"$24,998",240.0,2.0,4 CYLINDER,Rover Range Rover P530 SE SWB,523.0HP 4.4L 8 Cylinder Engine Gasoline Fuel
GMC,2016,"183,544 mi.",Gasoline,6-Speed A/T,At least 1 accident or damage reported,Yes,"$22,000",355.0,5.3,8 CYLINDER,Expedition Platinum,3.5L V6 24V GDI DOHC Twin Turbo
Ford,2016,"14,900 mi.",Gasoline,6-Speed M/T,None reported,Yes,"$39,000",350.0,2.3,4 CYLINDER,M3 Base,414.0HP 4.0L 8 Cylinder Engine Gasoline Fuel
Ford,2022,"4,200 mi.",Gasoline,10-Speed A/T,None reported,Yes,"$65,994",315.0,2.7,V6,M37 x,330.0HP 3.7L V6 Cylinder Engine Gasoline Fuel
Hyundai,2012,"15,698 mi.",Gasoline,Transmission w/Dual Shift Mode,None reported,Yes,"$19,000",429.0,5.0,8 CYLINDER,650 i,360.0HP 4.8L 8 Cylinder Engine Gasoline Fuel
Jeep,2022,"1,750 mi.",Gasoline,8-Speed A/T,None reported,Yes,"$65,500",285.0,3.6,V6,RX-8 Grand Touring,232.0HP 1.3L Rotary engine Gasoline Fuel
BMW,2022,"34,800 mi.",Gasoline,A/T,None reported,Yes,"$46,000",248.0,2.0,4 CYLINDER,Boxster Base,201.0HP 2.5L Flat 6 Cylinder Engine Gasoline Fuel
Jaguar,2020,"35,580 mi.",Gasoline,Automatic,None reported,No,"$46,998",340.0,3.0,V6,ILX Premium & A-SPEC Packages,201.0HP 2.4L 4 Cylinder Engine Gasoline Fuel
Acura,2006,"71,400 mi.",Gasoline,6-Speed M/T,None reported,No,"$14,990",201.0,2.0,4 CYLINDER,911 Carrera S,420.0HP 3.0L Flat 6 Cylinder Engine Gasoline Fuel
Mazda,2003,"9,260 mi.",Gasoline,5-Speed M/T,None reported,Yes,"$22,000",142.0,1.8,4 CYLINDER,LX 570 Base,383.0HP 5.7L 8 Cylinder Engine Gasoline Fuel
GMC,2023,"28,500 mi.",Gasoline,A/T,None reported,Yes,"$67,800",355.0,5.3,8 CYLINDER,Highlander Limited Platinum,270.0HP 3.5L V6 Cylinder Engine Gasoline Fuel
Mercedes-Benz,2008,"91,900 mi.",Gasoline,5-Speed A/T,None reported,Yes,"$8,900",268.0,3.5,V6,Ghibli Base,345.0HP 3.0L V6 Cylinder Engine Gasoline Fuel
INFINITI,2004,"130,000 mi.",Gasoline,5-Speed A/T,None reported,Yes,"$7,500",260.0,3.5,V6,Rover Range Rover 3.0L Supercharged HSE,380.0HP 3.0L V6 Cylinder Engine Gasoline Fuel
Cadillac,2013,"56,860 mi.",Gasoline,6-Speed Automatic,At least 1 accident or damage reported,Yes,"$21,995",400.0,3.6,V6,Cruze LTZ,138.0HP 1.4L 4 Cylinder Engine Gasoline Fuel
MINI,2017,"44,300 mi.",Gasoline,6-Speed M/T,None reported,Yes,"$20,784",189.0,2.0,4 CYLINDER,325 xi,215.0HP 3.0L Straight 6 Cylinder Engine Gasoline Fuel
BMW,2014,"120,000 mi.",Gasoline,Transmission w/Dual Shift Mode,None reported,No,"$20,000",300.0,3.0,6 CYLINDER,MDX Technology,300.0HP 3.7L V6 Cylinder Engine Gasoline Fuel
Mercedes-Benz,2013,"72,500 mi.",Gasoline,7-Speed A/T,None reported,Yes,"$31,450",429.0,4.6,8 CYLINDER,MKC Base,240.0HP 2.0L 4 Cylinder Engine Gasoline Fuel
RAM,2017,"72,000 mi.",Gasoline,8-Speed A/T,At least 1 accident or damage reported,Yes,"$24,200",305.0,5.7,8 CYLINDER,Sportage Nightfall,2.4L I4 16V GDI DOHC
BMW,2011,"132,000 mi.",Gasoline,7-Speed A/T,None reported,Yes,"$11,000",300.0,3.0,6 CYLINDER,Arnage R,400.0HP 6.75L 8 Cylinder Engine Gasoline Fuel
Rolls-Royce,2018,"7,585 mi.",Gasoline,8-Speed Automatic,None reported,Yes,"$599,000",563.0,6.8,V12,Sorento LX,191.0HP 2.5L 4 Cylinder Engine Gasoline Fuel
Hyundai,2022,"18,500 mi.",electric,A/T,None reported,Yes,"$42,000",320.0,3.5,V6,SC 430 Base,300.0HP 4.3L 8 Cylinder Engine Gasoline Fuel
Lexus,2002,"42,000 mi.",Gasoline,A/T,At least 1 accident or damage reported,Yes,"$15,999",290.0,4.3,8 CYLINDER,Rover Range Rover Evoque Base,240.0HP 2.0L 4 Cylinder Engine Gasoline Fuel
Jaguar,2023,"4,624 mi.",Gasoline,Automatic,None reported,No,"$56,998",340.0,2.0,V6,TLX Type S w/Performance Tire,355.0HP 3.0L V6 Cylinder Engine Gasoline Fuel
BMW,2006,"106,000 mi.",Gasoline,Transmission w/Dual Shift Mode,None reported,Yes,"$19,500",500.0,5.0,10 CYLINDER,Sierra 1500 SLE Crew Cab,295.0HP 5.3L 8 Cylinder Engine Gasoline Fuel
Hyundai,2022,"13,610 mi.",Gasoline,8-Speed Automatic,None reported,No,"$27,450",290.0,2.5,I4,Sierra 1500 Denali Ultimate,420.0HP 6.2L 8 Cylinder Engine Gasoline Fuel
Lamborghini,2019,"16,876 mi.",Gasoline,8-Speed Automatic,None reported,No,"$209,900",641.0,4.0,V8,E-Class E 400,329.0HP 3.0L V6 Cylinder Engine Gasoline Fuel
Ford,2023,"8,911 mi.",Gasoline,10-Speed Automatic,At least 1 accident or damage reported,Yes,"$77,430",350.0,3.5,V6,Hardtop Cooper,134.0HP 1.5L 3 Cylinder Engine Gasoline Fuel
Chevrolet,2021,"48,641 mi.",Gasoline,10-Speed Automatic,None reported,No,"$43,666",355.0,5.3,V8,Bronco Outer Banks Advanced,275.0HP 2.3L 4 Cylinder Engine Gasoline Fuel
GMC,2021,"11,250 mi.",Gasoline,A/T,None reported,Yes,"$70,250",420.0,6.2,8 CYLINDER,Bronco,2.7L V6 24V PDI DOHC Twin Turbo
Ford,2007,"126,000 mi.",Gasoline,A/T,None reported,Yes,"$9,000",210.0,4.0,V6,F-350 Lariat Super Duty Crew Cab,350.0HP 6.4L 8 Cylinder Engine Diesel Fuel
BMW,2008,"77,750 mi.",Gasoline,7-Speed A/T,None reported,Yes,"$21,000",500.0,5.0,10 CYLINDER,Rover Discovery Sport SE,240.0HP 2.0L 4 Cylinder Engine Gasoline Fuel
Toyota,2020,"27,363 mi.",Gasoline,6-Speed A/T,None reported,Yes,"$35,000",278.0,3.5,V6,Yukon XL SLT,355.0HP 5.3L 8 Cylinder Engine Gasoline Fuel
Porsche,2019,"30,951 mi.",Gasoline,8-Speed Automatic,None reported,Yes,"$80,140",365.0,3.0,V6,Focus RS Base,350.0HP 2.3L 4 Cylinder Engine Gasoline Fuel
Ford,2023,208 mi.,electric,A/T,None reported,Yes,"$89,000",563.0,3.5,V6,Bronco Badlands Advanced,315.0HP 2.7L V6 Cylinder Engine Gasoline Fuel
Dodge,2021,"20,386 mi.",Gasoline,8-Speed Automatic,None reported,No,"$32,999",357.5,3.6,V6,Genesis 5,429.0HP 5.0L 8 Cylinder Engine Gasoline Fuel
BMW,2018,"45,253 mi.",Plug-In Hybrid,Transmission w/Dual Shift Mode,None reported,Yes,"$24,995",247.0,2.0,4 CYLINDER,Wrangler Unlimited Rubicon,285.0HP 3.6L V6 Cylinder Engine Gasoline Fuel
GMC,2016,"144,000 mi.",Gasoline,6-Speed A/T,None reported,Yes,"$18,400",301.0,3.6,V6,X4 xDrive30i,248.0HP 2.0L 4 Cylinder Engine Gasoline Fuel
Ford,2004,"76,163 mi.",Diesel,5-Speed A/T,None reported,Yes,"$20,500",395.0,6.0,8 CYLINDER,F-PACE S,3.0 Liter
Hyundai,2015,"61,300 mi.",Gasoline,8-Speed A/T,None reported,No,"$20,150",311.0,3.8,V6,RSX Type S,201.0HP 2.0L 4 Cylinder Engine Gasoline Fuel
Mitsubishi,2017,"35,698 mi.",Gasoline,A/T,None reported,Yes,"$8,750",78.0,1.2,3 CYLINDER,MX-5 Miata Base,142.0HP 1.8L 4 Cylinder Engine Gasoline Fuel
Mercedes-Benz,2010,"27,000 mi.",Gasoline,7-Speed A/T,None reported,Yes,"$22,500",268.0,3.5,V6,Yukon XL SLT,355.0HP 5.3L 8 Cylinder Engine Gasoline Fuel
Mazda,2015,"162,000 mi.",Gasoline,Transmission w/Dual Shift Mode,None reported,Yes,"$11,500",155.0,2.0,4 CYLINDER,E-Class E 350 4MATIC,268.0HP 3.5L V6 Cylinder Engine Gasoline Fuel
BMW,2008,"77,800 mi.",Gasoline,M/T,None reported,Yes,"$28,500",414.0,4.0,8 CYLINDER,G35 Base,260.0HP 3.5L V6 Cylinder Engine Gasoline Fuel
Mercedes-Benz,2014,"55,000 mi.",Gasoline,A/T,None reported,Yes,"$19,250",302.0,3.5,V6,XTS Premium,3.6L V6 24V GDI DOHC
Ford,2022,"12,000 mi.",Gasoline,10-Speed A/T,At least 1 accident or damage reported,Yes,"$65,999",315.0,2.7,V6,Hardtop Cooper S,189.0HP 2.0L 4 Cylinder Engine Gasoline Fuel
Tesla,2017,"70,579 mi.",electric,A/T,None reported,Yes,"$42,250",518.0,3.5,V6,X5 xDrive35i,300.0HP 3.0L Straight 6 Cylinder Engine Gasoline Fuel
Jeep,2010,"107,000 mi.",Gasoline,A/T,At least 1 accident or damage reported,Yes,"$17,500",205.0,3.8,V6,SL-Class SL 550,429.0HP 4.6L 8 Cylinder Engine Gasoline Fuel
Honda,2021,"42,653 mi.",Gasoline,9-Speed Automatic,None reported,No,"$38,998",205.0,3.5,V6,1500 Tradesman/Express,395.0HP 5.7L 8 Cylinder Engine Gasoline Fuel
Acura,2008,"193,783 mi.",Gasoline,A/T,At least 1 accident or damage reported,Yes,"$10,000",258.0,3.2,V6,135 i,300.0HP 3.0L Straight 6 Cylinder Engine Gasoline Fuel
Lexus,2014,"123,000 mi.",Gasoline,6-Speed A/T,At least 1 accident or damage reported,Yes,"$18,000",306.0,3.5,V6,Phantom,6.8L V12 48V GDI DOHC Twin Turbo
Chevrolet,2011,"130,000 mi.",Gasoline,6-Speed A/T,At least 1 accident or damage reported,Yes,"$7,000",264.0,3.0,V6,IONIQ 5 SE,320.0HP Electric Motor Electric Fuel System
Mitsubishi,2009,"143,346 mi.",Gasoline,5-Speed M/T,At least 1 accident or damage reported,Yes,"$3,000",152.0,2.0,4 CYLINDER,LS 430 Base,290.0HP 4.3L 8 Cylinder Engine Gasoline Fuel
Land,2015,"112,465 mi.",Gasoline,6-Speed A/T,None reported,Yes,"$11,995",240.0,2.0,4 CYLINDER,F-PACE S,2.0 Liter
Audi,2012,"137,273 mi.",Gasoline,A/T,None reported,Yes,"$11,000",211.0,2.0,4 CYLINDER,M5 Base,500.0HP 5.0L 10 Cylinder Engine Gasoline Fuel
Rivian,2023,299 mi.,electric,1-Speed A/T,None reported,Yes,"$92,500",835.0,3.5,V6,Santa Fe SE,2.5L I4 16V PDI DOHC
Lexus,2018,"70,780 mi.",Hybrid,CVT Transmission,None reported,Yes,"$35,700",308.0,3.5,V6,Urus Base,4.0L V8 32V GDI DOHC Twin Turbo
Chevrolet,2018,"55,000 mi.",Gasoline,6-Speed A/T,None reported,Yes,"$37,900",355.0,5.3,8 CYLINDER,Expedition Timberline,3.5L V6 24V PDI DOHC Twin Turbo
Mercedes-Benz,2017,"23,151 mi.",Gasoline,7-Speed A/T,None reported,Yes,"$84,500",416.0,4.0,8 CYLINDER,Silverado 1500 LT Trail Boss,5.3L V8 16V GDI OHV
Cadillac,2013,"152,000 mi.",Gasoline,A/T,At least 1 accident or damage reported,Yes,"$8,500",304.0,3.6,V6,Sierra 1500 SLT,420.0HP 6.2L 8 Cylinder Engine Gasoline Fuel
INFINITI,2020,"23,344 mi.",Gasoline,7-Speed Automatic,None reported,No,"$36,999",328.0,3.0,V6,Mustang Premium,210.0HP 4.0L V6 Cylinder Engine Gasoline Fuel
Subaru,2016,"87,092 mi.",Gasoline,A/T,At least 1 accident or damage reported,Yes,"$19,500",395.0,3.6,6 CYLINDER,M5 Base,500.0HP 5.0L 10 Cylinder Engine Gasoline Fuel
Toyota,2004,"90,625 mi.",Gasoline,A/T,None reported,Yes,"$5,500",210.0,3.0,V6,Tacoma SR,278.0HP 3.5L V6 Cylinder Engine Gasoline Fuel
Chevrolet,2021,"44,373 mi.",Gasoline,9-Speed A/T,None reported,Yes,"$36,000",310.0,3.6,V6,Cayenne Base,3.0L V6 24V GDI DOHC Turbo
BMW,2021,"26,000 mi.",Gasoline,Transmission w/Dual Shift Mode,None reported,Yes,"$37,000",255.0,2.0,4 CYLINDER,F-150 Lightning XLT,563.0HP Electric Motor Electric Fuel System
Karma,2018,"20,760 mi.",electric,A/T,None reported,Yes,"$55,500",403.0,2.0,V6,Durango GT,3.6L V6 24V MPFI DOHC
Lexus,2021,"39,102 mi.",Gasoline,Automatic,None reported,No,"$51,798",301.0,4.6,V6,330e iPerformance,247.0HP 2.0L 4 Cylinder Engine Plug-In Electric/Gas
Alfa,2019,"39,615 mi.",Gasoline,"Automatic, 8-Spd",None reported,No,"$28,900",240.0,2.0,I4,Terrain Denali,301.0HP 3.6L V6 Cylinder Engine Gasoline Fuel
GMC,2019,"58,000 mi.",E85 Flex Fuel,A/T,None reported,Yes,"$36,500",360.0,6.0,8 CYLINDER,Excursion Limited,325.0HP 6.0L 8 Cylinder Engine Diesel Fuel
Lexus,2013,"148,000 mi.",Gasoline,6-Speed A/T,At least 1 accident or damage reported,Yes,"$10,000",204.0,2.5,V6,Genesis 3.8,311.0HP 3.8L V6 Cylinder Engine Gasoline Fuel
Porsche,2011,"104,000 mi.",Gasoline,7-Speed A/T,None reported,Yes,"$20,900",300.0,3.6,V6,Mirage ES,78.0HP 1.2L 3 Cylinder Engine Gasoline Fuel
BMW,2013,"46,150 mi.",Gasoline,Transmission w/Dual Shift Mode,At least 1 accident or damage reported,Yes,"$17,000",306.0,3.0,6 CYLINDER,E-Class E 350 4MATIC,268.0HP 3.5L V6 Cylinder Engine Gasoline Fuel
Chevrolet,2022,"18,860 mi.",Diesel,10-Speed A/T,None reported,Yes,"$74,500",445.0,6.6,8 CYLINDER,Mazda3 i Sport,155.0HP 2.0L 4 Cylinder Engine Gasoline Fuel
Mercedes-Benz,2017,"28,399 mi.",Gasoline,7-Speed A/T,None reported,Yes,"$55,600",469.0,4.0,8 CYLINDER,M3 Base,414.0HP 4.0L 8 Cylinder Engine Gasoline Fuel
Jeep,1998,"136,500 mi.",Gasoline,5-Speed M/T,None reported,Yes,"$6,999",181.0,4.0,6 CYLINDER,E-Class E 350,302.0HP 3.5L V6 Cylinder Engine Gasoline Fuel
Porsche,2005,"95,170 mi.",Gasoline,6-Speed M/T,None reported,Yes,"$24,900",280.0,3.2,6 CYLINDER,Bronco Outer Banks Advanced,315.0HP 2.7L V6 Cylinder Engine Gasoline Fuel
BMW,2006,"95,450 mi.",Gasoline,6-Speed M/T,At least 1 accident or damage reported,Yes,"$42,000",333.0,3.2,6 CYLINDER,Model X 75D,518.0HP Electric Motor Electric Fuel System
Chevrolet,2022,"7,652 mi.",Gasoline,Automatic,None reported,No,"$39,998",355.0,6.2,V6,Wrangler Unlimited Sport,205.0HP 3.8L V6 Cylinder Engine Gasoline Fuel
BMW,2011,"169,000 mi.",Gasoline,Transmission w/Dual Shift Mode,At least 1 accident or damage reported,Yes,"$10,999",300.0,3.0,6 CYLINDER,Pilot Elite,3.5L V6 24V GDI SOHC
RAM,2022,"16,744 mi.",Gasoline,8-Speed Automatic,None reported,No,"$46,999",395.0,5.7,V8,TL 3.2,258.0HP 3.2L V6 Cylinder Engine Gasoline Fuel
Mercedes-Benz,2020,"1,025 mi.",Gasoline,7-Speed Automatic,None reported,Yes,"$299,000",362.0,2.0,I4,IS 350 Base,306.0HP 3.5L V6 Cylinder Engine Gasoline Fuel
Chevrolet,2004,"152,000 mi.",Gasoline,A/T,At least 1 accident or damage reported,Yes,"$7,999",195.0,4.3,V6,Equinox LT,264.0HP 3.0L V6 Cylinder Engine Gasoline Fuel
BMW,2020,"46,000 mi.",Gasoline,Transmission w/Dual Shift Mode,None reported,Yes,"$54,999",335.0,3.0,6 CYLINDER,Lancer DE,152.0HP 2.0L 4 Cylinder Engine Gasoline Fuel
BMW,2022,"8,000 mi.",Hybrid,A/T,None reported,Yes,"$85,000",335.0,3.0,6 CYLINDER,Rover LR2 Base,240.0HP 2.0L 4 Cylinder Engine Gasoline Fuel
Ferrari,2016,"14,770 mi.",Gasoline,7-Speed Automatic with Auto-Shift,None reported,No,"$254,900",730.0,6.3,V12,Leaf SV PLUS,Electric
Chevrolet,2016,"84,421 mi.",E85 Flex Fuel,6-Speed A/T,None reported,Yes,"$36,800",360.0,6.0,8 CYLINDER,A5 2.0T Premium,211.0HP 2.0L 4 Cylinder Engine Gasoline Fuel
Mercedes-Benz,2022,"4,760 mi.",Gasoline,9-Speed Automatic,None reported,Yes,"$229,000",362.0,4.0,V8,R1S Launch Edition,835.0HP Electric Motor Electric Fuel System
GMC,2021,"44,691 mi.",Gasoline,10-Speed Automatic,At least 1 accident or damage reported,No,"$56,900",355.0,6.2,V8,RX 450h Base,308.0HP 3.5L V6 Cylinder Engine Gas/Electric Hybrid
Mitsubishi,2022,"11,700 mi.",Gasoline,A/T,None reported,Yes,"$33,000",181.0,2.5,4 CYLINDER,Tahoe LT,355.0HP 5.3L 8 Cylinder Engine Gasoline Fuel
Ford,2019,"2,800 mi.",Gasoline,6-Speed M/T,None reported,Yes,"$91,000",526.0,5.2,8 CYLINDER,G-Class G 550 4MATIC,416.0HP 4.0L 8 Cylinder Engine Gasoline Fuel
MINI,2010,"58,000 mi.",Gasoline,6-Speed A/T,None reported,Yes,"$8,000",118.0,1.6,4 CYLINDER,XTS Luxury,304.0HP 3.6L V6 Cylinder Engine Gasoline Fuel
Toyota,2009,"142,500 mi.",Hybrid,A/T,None reported,Yes,"$6,999",76.0,1.5,4 CYLINDER,Q50 3.0t Red Sport 400,3.0L V6 24V GDI DOHC Twin Turbo
Cadillac,2007,"191,900 mi.",Gasoline,A/T,At least 1 accident or damage reported,Yes,"$9,750",403.0,6.2,8 CYLINDER,Outback 3.6R Limited,256.0HP 3.6L Flat 6 Cylinder Engine Gasoline Fuel
Audi,2016,"63,398 mi.",Gasoline,A/T,At least 1 accident or damage reported,Yes,"$19,500",252.0,2.0,4 CYLINDER,Avalon XLS,210.0HP 3.0L V6 Cylinder Engine Gasoline Fuel
Chevrolet,2008,"162,750 mi.",Gasoline,Transmission Overdrive Switch,At least 1 accident or damage reported,Yes,"$7,200",320.0,5.3,8 CYLINDER,Traverse RS,310.0HP 3.6L V6 Cylinder Engine Gasoline Fuel
Jaguar,2012,"38,383 mi.",Gasoline,6-Speed A/T,None reported,Yes,"$36,949",510.0,5.0,8 CYLINDER,330 i,255.0HP 2.0L 4 Cylinder Engine Gasoline Fuel
Porsche,2022,"1,837 mi.",Gasoline,8-Speed Automatic with Auto-Shift,None reported,No,"$179,900",365.0,3.0,V6,Revero Base,403.0HP 2.0L Electric Motor Electric Fuel System
Ford,2022,"36,294 mi.",Diesel,Automatic,None reported,No,"$77,535",350.0,6.7,V8,GX 460 Base,4.6 Liter
Audi,2011,"90,818 mi.",Gasoline,A/T,At least 1 accident or damage reported,Yes,"$8,300",211.0,2.0,4 CYLINDER,Romeo Stelvio Ti Sport,"2L I-4 gasoline direct injection, MultiAir2 variable valve contr"
Cadillac,2018,"32,000 mi.",Gasoline,A/T,None reported,Yes,"$22,999",272.0,2.0,4 CYLINDER,Sierra 2500 Base,360.0HP 6.0L 8 Cylinder Engine Flex Fuel Capability
Ford,2019,"94,650 mi.",Gasoline,6-Speed A/T,None reported,Yes,"$37,000",275.0,3.7,V6,IS 250 Base,204.0HP 2.5L V6 Cylinder Engine Gasoline Fuel
Mercedes-Benz,2014,"49,899 mi.",Gasoline,A/T,None reported,Yes,"$72,999",536.0,5.5,8 CYLINDER,Panamera 2,300.0HP 3.6L V6 Cylinder Engine Gasoline Fuel
Jeep,2011,"55,000 mi.",Gasoline,4-Speed A/T,At least 1 accident or damage reported,Yes,"$35,000",202.0,3.8,V6,535 i xDrive,306.0HP 3.0L Straight 6 Cylinder Engine Gasoline Fuel
BMW,2015,"23,700 mi.",Gasoline,Transmission w/Dual Shift Mode,None reported,Yes,"$42,800",425.0,3.0,6 CYLINDER,Silverado 2500 High Country,445.0HP 6.6L 8 Cylinder Engine Diesel Fuel
Tesla,2018,"46,000 mi.",electric,A/T,None reported,Yes,"$59,500",518.0,3.5,V6,AMG C 63 Base,469.0HP 4.0L 8 Cylinder Engine Gasoline Fuel
Maserati,2020,"12,118 mi.",Gasoline,8-Speed A/T,None reported,Yes,"$52,900",424.0,3.0,V6,Wrangler Sahara,181.0HP 4.0L Straight 6 Cylinder Engine Gasoline Fuel
Pontiac,2001,"64,000 mi.",Gasoline,6-Speed M/T,None reported,Yes,"$21,000",310.0,5.7,8 CYLINDER,Boxster S,280.0HP 3.2L Flat 6 Cylinder Engine Gasoline Fuel
Ford,2022,"22,169 mi.",Gasoline,10-Speed Automatic,None reported,Yes,"$57,352",350.0,3.5,V6,M3 Base,333.0HP 3.2L Straight 6 Cylinder Engine Gasoline Fuel
Ferrari,2020,"1,575 mi.",Gasoline,Transmission w/Dual Shift Mode,None reported,Yes,"$469,900",788.0,6.5,12 CYLINDER,Camaro LT1,6.2 Liter
Tesla,2021,"46,897 mi.",electric,A/T,None reported,Yes,"$69,000",557.0,3.5,V6,535 i xDrive,300.0HP 3.0L Straight 6 Cylinder Engine Gasoline Fuel
Land,2022,"3,369 mi.",Hybrid,A/T,None reported,Yes,"$139,500",395.0,3.0,6 CYLINDER,1500 Laramie,5.7L V8 16V MPFI OHV
BMW,2011,"135,000 mi.",Gasoline,8-Speed A/T,None reported,Yes,"$9,999",300.0,3.0,6 CYLINDER,Metris Base,2.0L I4 16V GDI DOHC Turbo
BMW,2015,"125,000 mi.",Gasoline,A/T,None reported,Yes,"$15,000",240.0,2.0,4 CYLINDER,Express 1500 Cargo,195.0HP 4.3L V6 Cylinder Engine Gasoline Fuel
Cadillac,2017,"134,000 mi.",Gasoline,8-Speed A/T,None reported,Yes,"$32,999",420.0,6.2,8 CYLINDER,X7 xDrive40i,335.0HP 3.0L Straight 6 Cylinder Engine Gasoline Fuel
BMW,2014,"143,250 mi.",Gasoline,8-Speed A/T,None reported,Yes,"$12,999",300.0,3.0,6 CYLINDER,X7 xDrive40i,335.0HP 3.0L Straight 6 Cylinder Engine Gasoline/Mild Electric Hybrid
Lexus,2017,"82,975 mi.",Gasoline,A/T,None reported,Yes,"$31,000",301.0,4.6,8 CYLINDER,F12berlinetta Base,6.3L V12 48V GDI DOHC
MINI,2016,"91,700 mi.",Gasoline,6-Speed M/T,None reported,Yes,"$13,999",181.0,1.6,4 CYLINDER,Silverado 2500 LT,360.0HP 6.0L 8 Cylinder Engine Flex Fuel Capability
Ford,2018,"72,393 mi.",Gasoline,10-Speed A/T,None reported,Yes,"$35,000",325.0,2.7,V6,Maybach S 580 4MATIC,4.0L V8 32V GDI DOHC Twin Turbo
INFINITI,2016,"71,000 mi.",Gasoline,A/T,None reported,Yes,"$21,500",265.0,3.5,V6,Sierra 1500 Denali,6.2L V8 16V GDI OHV
Lexus,2012,"160,900 mi.",Gasoline,6-Speed A/T,None reported,Yes,"$15,000",270.0,3.5,V6,Outlander SEL,181.0HP 2.5L 4 Cylinder Engine Gasoline Fuel
Dodge,2020,"40,208 mi.",Gasoline,8-Speed A/T,At least 1 accident or damage reported,Yes,"$38,000",485.0,6.4,8 CYLINDER,Shelby GT350 Base,526.0HP 5.2L 8 Cylinder Engine Gasoline Fuel
Lexus,2017,"77,300 mi.",Gasoline,6-Speed A/T,None reported,Yes,"$30,000",306.0,3.5,V6,Cooper Base,118.0HP 1.6L 4 Cylinder Engine Gasoline Fuel
Nissan,2017,"16,700 mi.",Gasoline,A/T,None reported,Yes,"$26,500",131.0,2.0,4 CYLINDER,Prius Touring,76.0HP 1.5L 4 Cylinder Engine Gas/Electric Hybrid
Subaru,2013,"112,000 mi.",Gasoline,CVT Transmission,None reported,Yes,"$9,999",148.0,2.0,4 CYLINDER,Escalade ESV Base,403.0HP 6.2L 8 Cylinder Engine Gasoline Fuel
BMW,2016,"55,250 mi.",Gasoline,6-Speed M/T,None reported,Yes,"$49,999",425.0,3.0,6 CYLINDER,A6 2.0T Premium Plus,252.0HP 2.0L 4 Cylinder Engine Gasoline Fuel
INFINITI,2020,"69,000 mi.",Gasoline,A/T,None reported,Yes,"$31,450",400.0,5.6,8 CYLINDER,Suburban 1500 LT,320.0HP 5.3L 8 Cylinder Engine Gasoline Fuel
Ford,2016,"40,570 mi.",Gasoline,6-Speed M/T,At least 1 accident or damage reported,Yes,"$30,490",435.0,5.0,8 CYLINDER,XK R,510.0HP 5.0L 8 Cylinder Engine Gasoline Fuel
Toyota,2020,"46,500 mi.",Gasoline,8-Speed A/T,None reported,Yes,"$35,200",203.0,2.5,4 CYLINDER,911 Carrera GTS,3.0L H6 24V GDI DOHC Twin Turbo
Honda,2000,"26,900 mi.",Gasoline,M/T,None reported,Yes,"$35,000",240.0,2.0,4 CYLINDER,F-250 XLT,6.7L V8 32V DDI OHV Turbo Diesel
Jeep,2021,"5,779 mi.",Gasoline,8-Speed Automatic,None reported,No,"$41,329",285.0,3.6,V6,A4 2.0T Premium,211.0HP 2.0L 4 Cylinder Engine Gasoline Fuel
Ford,2023,"12,000 mi.",Gasoline,10-Speed A/T,None reported,Yes,"$54,000",275.0,2.3,4 CYLINDER,ATS 2.0L Turbo,272.0HP 2.0L 4 Cylinder Engine Gasoline Fuel
Ford,2022,"30,301 mi.",Gasoline,10-Speed Automatic,None reported,Yes,"$68,420",350.0,3.5,V6,Transit-350 Base,275.0HP 3.7L V6 Cylinder Engine Gasoline Fuel
Toyota,2023,600 mi.,Hybrid,10-Speed A/T,None reported,Yes,"$91,995",437.0,3.4,V6,G-Class G 63 AMG,536.0HP 5.5L 8 Cylinder Engine Gasoline Fuel
Plymouth,2001,"22,300 mi.",Gasoline,4-Speed A/T,None reported,Yes,"$28,500",253.0,3.5,V6,Wrangler Sahara,202.0HP 3.8L V6 Cylinder Engine Gasoline Fuel
Alfa,2023,"9,275 mi.",Gasoline,8-Speed Automatic,None reported,No,"$43,900",280.0,2.0,I4,M4 Base,425.0HP 3.0L Straight 6 Cylinder Engine Gasoline Fuel
Chevrolet,2004,"171,750 mi.",E85 Flex Fuel,4-Speed A/T,At least 1 accident or damage reported,Yes,"$12,998",295.0,5.3,8 CYLINDER,Model S P100D,518.0HP Electric Motor Electric Fuel System
Mitsubishi,2013,"76,500 mi.",Gasoline,5-Speed M/T,None reported,Yes,"$28,000",291.0,2.0,4 CYLINDER,Ghibli S GranLusso,424.0HP 3.0L V6 Cylinder Engine Gasoline Fuel
Mercedes-Benz,2018,"49,000 mi.",Gasoline,9-Speed A/T,At least 1 accident or damage reported,Yes,"$42,995",385.0,3.0,V6,Firebird Trans Am,310.0HP 5.7L 8 Cylinder Engine Gasoline Fuel
Audi,2011,"75,000 mi.",Gasoline,Transmission w/Dual Shift Mode,At least 1 accident or damage reported,Yes,"$74,000",525.0,5.2,10 CYLINDER,Expedition XLT,3.5L V6 24V PDI DOHC Twin Turbo
Ford,2007,"133,300 mi.",Gasoline,4-Speed A/T,None reported,Yes,"$3,000",153.0,2.3,4 CYLINDER,812 Superfast Base,788.0HP 6.5L 12 Cylinder Engine Gasoline Fuel
BMW,2007,"99,700 mi.",Gasoline,6-Speed A/T,None reported,Yes,"$8,500",260.0,3.0,6 CYLINDER,Model X Long Range Plus,557.0HP Electric Motor Electric Fuel System
Chevrolet,2011,"126,700 mi.",Gasoline,Transmission w/Dual Shift Mode,At least 1 accident or damage reported,Yes,"$14,000",312.0,3.6,V6,Rover Range Rover P400 SE SWB,395.0HP 3.0L Straight 6 Cylinder Engine Gasoline/Mild Electric Hybrid
BMW,2016,"28,000 mi.",Gasoline,6-Speed M/T,None reported,Yes,"$36,995",320.0,3.0,6 CYLINDER,535 i xDrive,300.0HP 3.0L Straight 6 Cylinder Engine Gasoline Fuel
Mercedes-Benz,2012,"21,300 mi.",Gasoline,7-Speed A/T,At least 1 accident or damage reported,Yes,"$38,500",382.0,5.5,8 CYLINDER,428 i xDrive,240.0HP 2.0L 4 Cylinder Engine Gasoline Fuel
Cadillac,2019,"92,000 mi.",Gasoline,A/T,None reported,Yes,"$51,900",420.0,6.2,8 CYLINDER,Escalade ESV Platinum,420.0HP 6.2L 8 Cylinder Engine Gasoline Fuel
Chevrolet,2018,"92,149 mi.",Diesel,6-Speed Automatic,None reported,No,"$52,889",355.0,6.6,V8,X5 xDrive35i,300.0HP 3.0L Straight 6 Cylinder Engine Gasoline Fuel
Lexus,2015,"25,756 mi.",Gasoline,8-Speed A/T,None reported,Yes,"$49,995",467.0,5.0,8 CYLINDER,GX 460 Premium,301.0HP 4.6L 8 Cylinder Engine Gasoline Fuel
Kia,2021,"24,534 mi.",Gasoline,CVT Transmission,None reported,Yes,"$21,900",147.0,2.0,4 CYLINDER,Countryman Cooper S ALL4,181.0HP 1.6L 4 Cylinder Engine Gasoline Fuel
Land,2018,"58,100 mi.",Gasoline,8-Speed A/T,None reported,Yes,"$53,499",518.0,5.0,8 CYLINDER,F-150 XLT,325.0HP 2.7L V6 Cylinder Engine Gasoline Fuel
Nissan,2017,"20,220 mi.",Gasoline,7-Speed A/T,None reported,Yes,"$32,324",390.0,5.6,8 CYLINDER,QX60 Base,265.0HP 3.5L V6 Cylinder Engine Gasoline Fuel
Honda,2019,"40,069 mi.",Gasoline,A/T,At least 1 accident or damage reported,Yes,"$27,500",252.0,2.0,4 CYLINDER,RX 350 Base,270.0HP 3.5L V6 Cylinder Engine Gasoline Fuel
Subaru,2017,"60,930 mi.",Gasoline,6-Speed M/T,None reported,Yes,"$23,750",268.0,2.0,4 CYLINDER,Charger Scat Pack,485.0HP 6.4L 8 Cylinder Engine Gasoline Fuel
Audi,2019,"7,300 mi.",Gasoline,7-Speed A/T,None reported,Yes,"$27,900",188.0,2.0,4 CYLINDER,IS 350 Base,306.0HP 3.5L V6 Cylinder Engine Gasoline Fuel
Chevrolet,2012,"56,000 mi.",E85 Flex Fuel,A/T,At least 1 accident or damage reported,Yes,"$18,000",320.0,5.3,8 CYLINDER,NV200 SV,131.0HP 2.0L 4 Cylinder Engine Gasoline Fuel
Mercedes-Benz,2014,"136,000 mi.",Gasoline,Transmission w/Dual Shift Mode,At least 1 accident or damage reported,Yes,"$12,000",208.0,2.0,4 CYLINDER,Impreza 2.0i Premium,148.0HP 2.0L 4 Cylinder Engine Gasoline Fuel
BMW,2020,"31,100 mi.",Gasoline,8-Speed A/T,None reported,Yes,"$26,999",228.0,2.0,4 CYLINDER,M3 Base,425.0HP 3.0L Straight 6 Cylinder Engine Gasoline Fuel
Maserati,2012,"12,100 mi.",Gasoline,Transmission w/Dual Shift Mode,None reported,Yes,"$37,900",440.0,4.7,8 CYLINDER,QX80 Luxe,400.0HP 5.6L 8 Cylinder Engine Gasoline Fuel
Ford,2021,"51,902 mi.",Gasoline,10-Speed Automatic,None reported,Yes,"$57,480",350.0,3.5,V6,Phantom,–
Audi,2007,"93,000 mi.",Gasoline,6-Speed M/T,At least 1 accident or damage reported,Yes,"$10,995",340.0,4.2,8 CYLINDER,Mustang GT Premium,435.0HP 5.0L 8 Cylinder Engine Gasoline Fuel
Land,2016,"99,915 mi.",Gasoline,A/T,At least 1 accident or damage reported,Yes,"$26,500",340.0,3.0,V6,RAV4 TRD Off Road,203.0HP 2.5L 4 Cylinder Engine Gasoline Fuel
Chevrolet,2007,"177,000 mi.",E85 Flex Fuel,4-Speed A/T,At least 1 accident or damage reported,Yes,"$10,750",320.0,5.3,8 CYLINDER,S2000 Base,240.0HP 2.0L 4 Cylinder Engine Gasoline Fuel
Nissan,2008,"100,900 mi.",Gasoline,A/T,None reported,Yes,"$6,999",261.0,4.0,V6,Gladiator Sport,3.6L V6 24V MPFI DOHC
INFINITI,2017,"107,380 mi.",Gasoline,7-Speed A/T,At least 1 accident or damage reported,Yes,"$17,500",300.0,3.0,V6,Bronco Big Bend Advanced,275.0HP 2.3L 4 Cylinder Engine Gasoline Fuel
Ford,2021,"32,957 mi.",Gasoline,10-Speed Automatic,None reported,No,"$77,900",350.0,3.5,V6,Expedition Timberline,3.5L V6 24V PDI DOHC Twin Turbo
Acura,2016,"45,000 mi.",Gasoline,A/T,None reported,Yes,"$16,500",206.0,2.4,4 CYLINDER,Sequoia TRD Pro,437.0HP 3.4L V6 Cylinder Engine Gas/Electric Hybrid
Nissan,2013,"67,000 mi.",Gasoline,5-Speed A/T,None reported,Yes,"$15,500",261.0,4.0,V6,Prowler Base,253.0HP 3.5L V6 Cylinder Engine Gasoline Fuel
Chevrolet,2021,"12,600 mi.",Gasoline,6-Speed M/T,None reported,Yes,"$47,000",455.0,6.2,8 CYLINDER,Romeo Giulia Ti,2.0L I4 16V GDI SOHC Turbo
Porsche,2018,"24,882 mi.",Gasoline,Transmission w/Dual Shift Mode,None reported,Yes,"$59,800",330.0,3.0,V6,Suburban 1500 LS,295.0HP 5.3L 8 Cylinder Engine Flex Fuel Capability
Acura,2020,"6,900 mi.",Gasoline,9-Speed A/T,None reported,Yes,"$43,500",290.0,3.5,V6,Lancer Evolution GSR,291.0HP 2.0L 4 Cylinder Engine Gasoline Fuel
Kia,2019,"66,075 mi.",Gasoline,8-Speed Automatic,None reported,No,"$23,754",290.0,3.3,V6,AMG GLE 43 Coupe 4MATIC,385.0HP 3.0L V6 Cylinder Engine Gasoline Fuel
Hyundai,2021,"68,050 mi.",Gasoline,8-Speed A/T,None reported,Yes,"$29,600",291.0,3.8,V6,R8 5.2 quattro Spyder,525.0HP 5.2L 10 Cylinder Engine Gasoline Fuel
Ford,2017,"128,000 mi.",Diesel,6-Speed A/T,None reported,Yes,"$50,000",440.0,6.7,8 CYLINDER,Escape XLT,153.0HP 2.3L 4 Cylinder Engine Gasoline Fuel
BMW,2021,"9,472 mi.",Gasoline,A/T,None reported,Yes,"$51,000",255.0,2.0,4 CYLINDER,X5 3.0si,260.0HP 3.0L Straight 6 Cylinder Engine Gasoline Fuel
Mitsubishi,2009,"185,963 mi.",Gasoline,CVT Transmission,At least 1 accident or damage reported,Yes,"$5,100",168.0,2.4,4 CYLINDER,Camaro 2LT,312.0HP 3.6L V6 Cylinder Engine Gasoline Fuel
Nissan,2019,"52,000 mi.",Gasoline,CVT Transmission,At least 1 accident or damage reported,Yes,"$19,500",131.0,2.0,4 CYLINDER,340 i,320.0HP 3.0L Straight 6 Cylinder Engine Gasoline Fuel
Buick,2015,"68,653 mi.",Gasoline,6-Speed A/T,At least 1 accident or damage reported,Yes,"$18,950",328.0,3.6,V6,SL-Class SL 550,382.0HP 5.5L 8 Cylinder Engine Gasoline Fuel
Lexus,2004,"151,896 mi.",Gasoline,A/T,None reported,Yes,"$7,900",230.0,3.3,V6,Escalade Platinum,420.0HP 6.2L 8 Cylinder Engine Gasoline Fuel
Lexus,2019,"43,671 mi.",Hybrid,Automatic CVT,None reported,No,"$44,950",301.0,3.5,V6,Silverado 3500 LTZ,6.6L V8 32V DDI OHV Turbo Diesel
Ford,2017,"72,128 mi.",E85 Flex Fuel,6-Speed Automatic,None reported,No,"$45,985",350.0,6.2,V8,RC F Base,467.0HP 5.0L 8 Cylinder Engine Gasoline Fuel
Kia,2013,"134,207 mi.",Gasoline,A/T,At least 1 accident or damage reported,Yes,"$5,500",156.0,2.0,4 CYLINDER,Forte GT-Line,147.0HP 2.0L 4 Cylinder Engine Gasoline Fuel
GMC,2020,"26,470 mi.",Gasoline,9-Speed Automatic,None reported,Yes,"$29,900",355.0,1.5,I4,Rover Range Rover Sport Supercharged Dynamic,518.0HP 5.0L 8 Cylinder Engine Gasoline Fuel
Porsche,2018,"82,300 mi.",Gasoline,7-Speed A/T,None reported,Yes,"$35,000",252.0,2.0,4 CYLINDER,Titan S,390.0HP 5.6L 8 Cylinder Engine Gasoline Fuel
Lexus,2015,"124,000 mi.",Gasoline,Transmission w/Dual Shift Mode,None reported,Yes,"$24,000",306.0,3.5,V6,Accord EX-L 2.0T,252.0HP 2.0L 4 Cylinder Engine Gasoline Fuel
Audi,2020,"23,823 mi.",Gasoline,8-Speed Automatic,None reported,Yes,"$49,995",333.0,3.0,V6,WRX Base,268.0HP 2.0L 4 Cylinder Engine Gasoline Fuel
GMC,2002,"222,600 mi.",Gasoline,4-Speed A/T,None reported,Yes,"$4,999",275.0,4.8,8 CYLINDER,A4 2.0T Titanium Premium,188.0HP 2.0L 4 Cylinder Engine Gasoline Fuel
Lamborghini,2021,"9,500 mi.",Gasoline,A/T,None reported,Yes,"$279,900",641.0,4.0,8 CYLINDER,Mustang EcoBoost Premium,–
INFINITI,2014,"154,247 mi.",Gasoline,A/T,At least 1 accident or damage reported,Yes,"$12,500",265.0,3.5,V6,Avalanche 1500 LS,320.0HP 5.3L 8 Cylinder Engine Flex Fuel Capability
Chevrolet,2008,"128,000 mi.",Gasoline,6-Speed A/T,None reported,Yes,"$23,500",353.0,6.0,8 CYLINDER,CLA-Class CLA 250,208.0HP 2.0L 4 Cylinder Engine Gasoline Fuel
Maserati,2008,"70,000 mi.",Gasoline,A/T,At least 1 accident or damage reported,Yes,"$13,000",405.0,4.2,8 CYLINDER,228 Gran Coupe i xDrive,228.0HP 2.0L 4 Cylinder Engine Gasoline Fuel
BMW,2016,"52,375 mi.",Gasoline,8-Speed A/T,At least 1 accident or damage reported,Yes,"$48,600",567.0,4.4,8 CYLINDER,GranTurismo Base,440.0HP 4.7L 8 Cylinder Engine Gasoline Fuel
Chrysler,2016,"100,574 mi.",Gasoline,8-Speed A/T,At least 1 accident or damage reported,Yes,"$17,500",300.0,3.6,V6,Expedition Platinum,3.5L V6 24V PDI DOHC Twin Turbo
Chrysler,2014,"85,000 mi.",Gasoline,8-Speed A/T,At least 1 accident or damage reported,Yes,"$11,250",292.0,3.6,V6,S4 Base,340.0HP 4.2L 8 Cylinder Engine Gasoline Fuel
Acura,2023,"3,959 mi.",Gasoline,Automatic,None reported,No,"$48,998",279.5,2.0,V6,Rover Range Rover Sport Supercharged HSE,340.0HP 3.0L V6 Cylinder Engine Gasoline Fuel
Chevrolet,2021,"10,400 mi.",Gasoline,8-Speed A/T,None reported,Yes,"$72,900",490.0,6.2,8 CYLINDER,Mustang Mach-E GT,Electric
Chevrolet,2019,"19,200 mi.",Gasoline,6-Speed M/T,None reported,Yes,"$41,500",455.0,6.2,8 CYLINDER,Tahoe LTZ,320.0HP 5.3L 8 Cylinder Engine Flex Fuel Capability
Mercedes-Benz,2013,"81,000 mi.",Gasoline,A/T,At least 1 accident or damage reported,Yes,"$13,000",302.0,3.5,V6,Xterra S,261.0HP 4.0L V6 Cylinder Engine Gasoline Fuel
Ford,2022,"17,451 mi.",Gasoline,10-Speed Automatic,None reported,No,"$77,900",350.0,3.5,V6,Q60 3.0T Premium,300.0HP 3.0L V6 Cylinder Engine Gasoline Fuel
Nissan,2011,"165,000 mi.",Gasoline,A/T,None reported,Yes,"$4,000",122.0,1.8,4 CYLINDER,F-150 Raptor,3.5L V6 24V PDI DOHC Twin Turbo
BMW,2024,124 mi.,Gasoline,Transmission w/Dual Shift Mode,None reported,Yes,"$145,000",543.0,3.0,6 CYLINDER,TLX Base,206.0HP 2.4L 4 Cylinder Engine Gasoline Fuel
Hyundai,2013,"117,500 mi.",Gasoline,6-Speed A/T,At least 1 accident or damage reported,Yes,"$6,500",138.0,1.6,4 CYLINDER,Frontier SV,261.0HP 4.0L V6 Cylinder Engine Gasoline Fuel
Mercedes-Benz,2018,"72,500 mi.",Gasoline,A/T,None reported,Yes,"$60,000",362.0,3.0,V6,Camaro 1SS,455.0HP 6.2L 8 Cylinder Engine Gasoline Fuel
Porsche,2023,265 mi.,Gasoline,6-Speed Manual,None reported,Yes,"$279,950",365.0,4.0,V6,Panamera 4,330.0HP 3.0L V6 Cylinder Engine Gasoline Fuel
Mercedes-Benz,2020,"21,214 mi.",Gasoline,9-Speed Automatic,None reported,No,"$117,900",362.0,4.0,V8,TLX PMC Edition,290.0HP 3.5L V6 Cylinder Engine Gasoline Fuel
Audi,2014,"55,564 mi.",Diesel,8-Speed A/T,At least 1 accident or damage reported,Yes,"$22,500",240.0,3.0,V6,Sorento EX V6,3.3L V6 24V GDI DOHC
Cadillac,2023,"1,090 mi.",electric,A/T,None reported,Yes,"$68,750",500.0,3.5,V6,Palisade SEL,291.0HP 3.8L V6 Cylinder Engine Gasoline Fuel
Volvo,2019,"43,500 mi.",Gasoline,Transmission w/Dual Shift Mode,None reported,Yes,"$30,000",250.0,2.0,4 CYLINDER,F-250 Lariat,440.0HP 6.7L 8 Cylinder Engine Diesel Fuel
Mercedes-Benz,2019,"35,000 mi.",Hybrid,Transmission w/Dual Shift Mode,None reported,Yes,"$83,000",429.0,3.0,6 CYLINDER,430 i,255.0HP 2.0L 4 Cylinder Engine Gasoline Fuel
GMC,2017,"92,031 mi.",Gasoline,A/T,At least 1 accident or damage reported,Yes,"$30,000",355.0,5.3,8 CYLINDER,Lancer GTS,168.0HP 2.4L 4 Cylinder Engine Gasoline Fuel
Lexus,2016,"128,032 mi.",Gasoline,Transmission w/Dual Shift Mode,None reported,Yes,"$18,000",311.0,3.5,V6,NV200 S,131.0HP 2.0L 4 Cylinder Engine Gasoline Fuel
Jaguar,2018,"18,800 mi.",Gasoline,8-Speed A/T,None reported,Yes,"$26,000",247.0,2.0,4 CYLINDER,Enclave Leather,288.0HP 3.6L V6 Cylinder Engine Gasoline Fuel
BMW,2023,"2,900 mi.",Gasoline,8-Speed A/T,None reported,Yes,"$117,500",617.0,4.4,8 CYLINDER,RX 330 Base,230.0HP 3.3L V6 Cylinder Engine Gasoline Fuel
Honda,2017,"91,600 mi.",Gasoline,6-Speed A/T,None reported,Yes,"$26,000",280.0,3.5,V6,RX 450h F Sport,3.5L V6 24V PDI DOHC Hybrid
Toyota,2019,"91,843 mi.",Gasoline,5-Speed A/T,At least 1 accident or damage reported,Yes,"$30,500",270.0,4.0,V6,F-250 Lariat,6.2L V8 16V MPFI SOHC Flexible Fuel
Ford,2021,"28,105 mi.",Gasoline,8-Speed Automatic,None reported,No,"$32,455",350.0,1.5,I3,Forte Koup EX,156.0HP 2.0L 4 Cylinder Engine Gasoline Fuel
Dodge,2017,"73,350 mi.",Gasoline,8-Speed A/T,None reported,Yes,"$37,000",485.0,6.4,8 CYLINDER,Terrain SLE,1.5L I4 16V GDI DOHC Turbo
Mercedes-Benz,2022,"11,875 mi.",Gasoline,Automatic,None reported,No,"$41,598",362.0,2.0,V6,Macan Base,252.0HP 2.0L 4 Cylinder Engine Gasoline Fuel
Tesla,2018,"47,000 mi.",electric,A/T,None reported,Yes,"$49,900",518.0,3.5,V6,RC 350 Base,306.0HP 3.5L V6 Cylinder Engine Gasoline Fuel
INFINITI,2017,"67,000 mi.",Gasoline,Transmission w/Dual Shift Mode,None reported,Yes,"$23,000",300.0,3.0,V6,S4 3.0T Premium Plus,3.0L V6 24V GDI DOHC Turbo
BMW,2016,"117,660 mi.",Gasoline,8-Speed A/T,At least 1 accident or damage reported,Yes,"$19,500",320.0,3.0,6 CYLINDER,Yukon SLT,275.0HP 4.8L 8 Cylinder Engine Gasoline Fuel
Pontiac,2001,"71,448 mi.",Gasoline,4-Speed A/T,None reported,Yes,"$10,500",200.0,3.8,V6,Urus Base,641.0HP 4.0L 8 Cylinder Engine Gasoline Fuel
Nissan,2015,"86,000 mi.",Gasoline,A/T,None reported,Yes,"$29,500",317.0,5.6,8 CYLINDER,QX60 Base,265.0HP 3.5L V6 Cylinder Engine Gasoline Fuel
Lexus,2020,"15,324 mi.",Gasoline,8-Speed Automatic,At least 1 accident or damage reported,No,"$33,364",301.0,3.5,V6,Silverado 2500 LTZ H/D Extended Cab,353.0HP 6.0L 8 Cylinder Engine Gasoline Fuel
BMW,2013,"29,400 mi.",Gasoline,6-Speed M/T,None reported,Yes,"$29,000",320.0,3.0,6 CYLINDER,GranTurismo Base,405.0HP 4.2L 8 Cylinder Engine Gasoline Fuel
Lexus,2017,"68,871 mi.",Gasoline,6-Speed A/T,None reported,Yes,"$28,450",255.0,3.5,V6,Integra GS-R,–
Porsche,2012,"126,000 mi.",Gasoline,Transmission w/Dual Shift Mode,None reported,Yes,"$17,999",400.0,4.8,8 CYLINDER,X6 M Base,567.0HP 4.4L 8 Cylinder Engine Gasoline Fuel
Pontiac,2007,"25,718 mi.",Gasoline,M/T,None reported,Yes,"$17,900",260.0,2.0,4 CYLINDER,300 S,300.0HP 3.6L V6 Cylinder Engine Gasoline Fuel
Porsche,2015,"67,210 mi.",Gasoline,Transmission w/Dual Shift Mode,At least 1 accident or damage reported,Yes,"$51,950",520.0,4.8,8 CYLINDER,300 Base,292.0HP 3.6L V6 Cylinder Engine Gasoline Fuel
BMW,2018,"27,214 mi.",Gasoline,Transmission w/Dual Shift Mode,At least 1 accident or damage reported,Yes,"$40,950",300.0,3.0,6 CYLINDER,RDX w/A-Spec Package,2.0 Liter DOHC Turbo
Ford,2019,"42,728 mi.",Gasoline,Transmission w/Dual Shift Mode,None reported,Yes,"$45,950",395.0,3.5,V6,Corvette Stingray w/1LT,490.0HP 6.2L 8 Cylinder Engine Gasoline Fuel
MINI,2010,"97,395 mi.",Gasoline,6-Speed M/T,None reported,Yes,"$6,699",172.0,1.6,4 CYLINDER,Camaro 1SS,455.0HP 6.2L 8 Cylinder Engine Gasoline Fuel
Mazda,2015,"91,700 mi.",Gasoline,A/T,None reported,Yes,"$12,000",155.0,2.0,4 CYLINDER,E-Class E 350 4MATIC,302.0HP 3.5L V6 Cylinder Engine Gasoline Fuel
Mitsubishi,2011,"94,500 mi.",Gasoline,Transmission w/Dual Shift Mode,None reported,Yes,"$27,000",291.0,2.0,4 CYLINDER,F-150 Raptor,3.5L V6 24V PDI DOHC Twin Turbo
Chevrolet,2014,"196,300 mi.",E85 Flex Fuel,6-Speed A/T,None reported,Yes,"$10,995",320.0,5.3,8 CYLINDER,Versa 1.8 S,122.0HP 1.8L 4 Cylinder Engine Gasoline Fuel
Cadillac,2015,"54,259 mi.",Gasoline,8-Speed Automatic,None reported,Yes,"$19,425",400.0,3.6,V6,M3 CS,543.0HP 3.0L Straight 6 Cylinder Engine Gasoline Fuel
Acura,2021,"36,267 mi.",Gasoline,Automatic,None reported,No,"$39,798",279.5,2.0,V6,Accent GLS,138.0HP 1.6L 4 Cylinder Engine Gasoline Fuel
Land,2015,"175,000 mi.",Gasoline,A/T,None reported,Yes,"$19,500",340.0,3.0,V6,S-Class S 450 4MATIC,362.0HP 3.0L V6 Cylinder Engine Gasoline Fuel
Chevrolet,2015,"159,000 mi.",Gasoline,6-Speed A/T,At least 1 accident or damage reported,Yes,"$26,900",355.0,5.3,8 CYLINDER,911 GT3,4.0L H6 24V GDI DOHC
Chevrolet,2016,"74,000 mi.",Gasoline,8-Speed A/T,None reported,Yes,"$32,000",455.0,6.2,8 CYLINDER,AMG GT 63 S 4-Door,4.0L V8 32V GDI DOHC Twin Turbo
Chevrolet,2011,"82,963 mi.",Hybrid,4-Speed A/T,None reported,Yes,"$20,995",332.0,6.0,8 CYLINDER,Q5 3.0 TDI Premium Plus,240.0HP 3.0L V6 Cylinder Engine Diesel Fuel
Cadillac,2019,"54,323 mi.",Gasoline,Automatic,None reported,No,"$27,998",400.0,3.6,V6,LYRIQ Luxury,500.0HP Electric Motor Electric Fuel System
Nissan,2019,"59,980 mi.",Gasoline,7-Speed A/T,None reported,Yes,"$29,000",390.0,5.6,8 CYLINDER,XC60 T5 R-Design,250.0HP 2.0L 4 Cylinder Engine Gasoline Fuel
Audi,2022,"10,120 mi.",Hybrid,Automatic,None reported,No,"$39,998",333.0,2.0,V6,AMG GT 53 Base,429.0HP 3.0L Straight 6 Cylinder Engine Gasoline/Mild Electric Hybrid
BMW,2017,"25,000 mi.",Gasoline,Transmission w/Dual Shift Mode,At least 1 accident or damage reported,Yes,"$65,000",567.0,4.4,8 CYLINDER,Yukon SLT,355.0HP 5.3L 8 Cylinder Engine Gasoline Fuel
BMW,2012,"126,000 mi.",Gasoline,A/T,At least 1 accident or damage reported,Yes,"$12,700",326.0,3.0,6 CYLINDER,GS 350 Base,311.0HP 3.5L V6 Cylinder Engine Gasoline Fuel
Toyota,2020,"37,428 mi.",Gasoline,6-Speed A/T,None reported,Yes,"$61,599",381.0,5.7,8 CYLINDER,XF 25t Premium,247.0HP 2.0L 4 Cylinder Engine Gasoline Fuel
Volkswagen,2014,"99,499 mi.",Gasoline,Transmission w/Dual Shift Mode,At least 1 accident or damage reported,Yes,"$15,000",210.0,2.0,4 CYLINDER,M8 Gran Coupe Competition,617.0HP 4.4L 8 Cylinder Engine Gasoline Fuel
Honda,2012,"90,742 mi.",Gasoline,A/T,None reported,Yes,"$12,980",192.0,2.4,4 CYLINDER,Ridgeline Black Edition,280.0HP 3.5L V6 Cylinder Engine Gasoline Fuel
Land,2014,"125,000 mi.",E85 Flex Fuel,8-Speed A/T,At least 1 accident or damage reported,Yes,"$22,500",510.0,5.0,8 CYLINDER,4Runner SR5,270.0HP 4.0L V6 Cylinder Engine Gasoline Fuel
Hyundai,2018,"71,669 mi.",Gasoline,A/T,None reported,Yes,"$20,000",240.0,2.0,4 CYLINDER,Bronco Sport Outer Banks,1.5L I3 12V PDI DOHC Turbo
Cadillac,2019,"44,692 mi.",Gasoline,8-Speed Automatic,None reported,No,"$32,368",400.0,3.6,V6,Charger R/T 392,485.0HP 6.4L 8 Cylinder Engine Gasoline Fuel
Jaguar,2018,"16,002 mi.",Gasoline,8-Speed A/T,None reported,Yes,"$74,900",550.0,5.0,8 CYLINDER,GLC 300 GLC 300,2.0 Liter Turbo
Toyota,2014,"86,000 mi.",Gasoline,5-Speed A/T,None reported,Yes,"$41,500",260.0,4.0,V6,Model S P100D,518.0HP Electric Motor Electric Fuel System
Toyota,2019,"56,000 mi.",Gasoline,6-Speed A/T,None reported,Yes,"$42,000",381.0,5.7,8 CYLINDER,Q50 3.0t Signature Edition,300.0HP 3.0L V6 Cylinder Engine Gasoline Fuel
RAM,2017,"41,789 mi.",Gasoline,A/T,At least 1 accident or damage reported,Yes,"$42,500",395.0,5.7,8 CYLINDER,340 i,320.0HP 3.0L Straight 6 Cylinder Engine Gasoline Fuel
Ford,2014,"60,109 mi.",E85 Flex Fuel,6-Speed A/T,None reported,Yes,"$9,499",160.0,2.0,4 CYLINDER,Firebird Trans Am,200.0HP 3.8L V6 Cylinder Engine Gasoline Fuel
Mercedes-Benz,2020,"48,000 mi.",Gasoline,A/T,None reported,Yes,"$49,995",255.0,2.0,4 CYLINDER,NV Passenger NV3500 HD SV V8,317.0HP 5.6L 8 Cylinder Engine Gasoline Fuel
Acura,2008,"122,000 mi.",Gasoline,Transmission w/Dual Shift Mode,None reported,Yes,"$11,500",286.0,3.5,V6,ES 350 Base,3.5L V6 24V PDI DOHC
Land,2012,"102,800 mi.",Gasoline,A/T,None reported,Yes,"$16,000",385.0,5.0,8 CYLINDER,135 is,320.0HP 3.0L Straight 6 Cylinder Engine Gasoline Fuel
MINI,2022,"15,544 mi.",Gasoline,A/T,None reported,No,"$28,000",134.0,1.5,3 CYLINDER,IS 300 Base,255.0HP 3.5L V6 Cylinder Engine Gasoline Fuel
Mazda,2019,"69,771 mi.",Gasoline,A/T,None reported,Yes,"$27,500",227.0,2.5,4 CYLINDER,Cayenne S,400.0HP 4.8L 8 Cylinder Engine Gasoline Fuel
Acura,2023,"2,118 mi.",Gasoline,Automatic,None reported,No,"$41,998",279.5,2.0,V6,Solstice GXP,260.0HP 2.0L 4 Cylinder Engine Gasoline Fuel
Ford,2021,"28,260 mi.",Gasoline,10-Speed A/T,None reported,Yes,"$72,950",450.0,3.5,V6,Panamera Turbo,520.0HP 4.8L 8 Cylinder Engine Gasoline Fuel
Honda,2020,"6,025 mi.",Gasoline,6-Speed M/T,None reported,Yes,"$27,500",205.0,1.5,4 CYLINDER,X6 xDrive35i,300.0HP 3.0L Straight 6 Cylinder Engine Gasoline Fuel
Hyundai,2018,"32,697 mi.",Gasoline,6-Speed A/T,At least 1 accident or damage reported,Yes,"$15,900",147.0,2.0,4 CYLINDER,F-150 Limited,450.0HP 3.5L V6 Cylinder Engine Gasoline Fuel
Ford,2001,"239,000 mi.",Gasoline,A/T,None reported,Yes,"$8,000",395.0,6.8,10 CYLINDER,Cooper S Base,172.0HP 1.6L 4 Cylinder Engine Gasoline Fuel
Jaguar,2017,"34,150 mi.",Gasoline,8-Speed A/T,None reported,Yes,"$45,999",380.0,3.0,V6,Mazda3 i SV,155.0HP 2.0L 4 Cylinder Engine Gasoline Fuel
Honda,2022,"9,642 mi.",Gasoline,9-Speed Automatic,None reported,No,"$38,999",205.0,3.5,V6,Lancer Evolution MR,291.0HP 2.0L 4 Cylinder Engine Gasoline Fuel
Pontiac,2006,"100,545 mi.",Gasoline,4-Speed A/T,None reported,Yes,"$5,995",201.0,3.5,V6,Tahoe LTZ,320.0HP 5.3L 8 Cylinder Engine Flex Fuel Capability
Mercedes-Benz,2021,"11,111 mi.",Gasoline,Automatic,None reported,No,"$38,998",362.0,2.0,V6,CTS 3.6L Luxury,3.6L V6 24V GDI DOHC
Toyota,2007,"162,000 mi.",Gasoline,5-Speed A/T,None reported,Yes,"$23,977",239.0,4.0,V6,RDX w/Advance Package,2.0 Liter Turbo
Buick,2020,"87,555 mi.",Gasoline,9-Speed Automatic,At least 1 accident or damage reported,Yes,"$31,650",310.0,3.6,V6,Rover Range Rover Sport Supercharged HSE,340.0HP 3.0L V6 Cylinder Engine Gasoline Fuel
Chevrolet,2015,"102,200 mi.",Gasoline,A/T,None reported,Yes,"$25,000",355.0,5.3,8 CYLINDER,Suburban 1500 LTZ,355.0HP 5.3L 8 Cylinder Engine Gasoline Fuel
Bentley,2013,"18,950 mi.",Gasoline,Transmission w/Dual Shift Mode,None reported,Yes,"$77,999",500.0,4.0,8 CYLINDER,Camaro 2SS,455.0HP 6.2L 8 Cylinder Engine Gasoline Fuel
Mercedes-Benz,2015,"16,000 mi.",Gasoline,7-Speed A/T,At least 1 accident or damage reported,Yes,"$30,500",302.0,3.5,V6,Silverado 1500 Hybrid 1HY,332.0HP 6.0L 8 Cylinder Engine Gas/Electric Hybrid
Cadillac,2022,"19,250 mi.",Gasoline,10-Speed A/T,None reported,Yes,"$86,999",420.0,6.2,8 CYLINDER,XT5 Luxury,3.6 Liter DOHC
BMW,2015,"65,000 mi.",Gasoline,Transmission w/Dual Shift Mode,None reported,Yes,"$24,995",300.0,3.0,6 CYLINDER,Armada SL,390.0HP 5.6L 8 Cylinder Engine Gasoline Fuel
MINI,2007,"110,022 mi.",Gasoline,6-Speed M/T,None reported,Yes,"$6,250",172.0,1.6,4 CYLINDER,Q5 S line Premium,2.0 Liter TFSI
Bentley,2012,"79,089 mi.",E85 Flex Fuel,A/T,None reported,Yes,"$46,999",567.0,6.0,12 CYLINDER,X6 M Base,567.0HP 4.4L 8 Cylinder Engine Gasoline Fuel
Lexus,2023,"2,533 mi.",Gasoline,A/T,None reported,Yes,"$64,900",301.0,4.6,8 CYLINDER,740 i,326.0HP 3.0L Straight 6 Cylinder Engine Gasoline Fuel
Audi,2014,"96,273 mi.",Gasoline,8-Speed A/T,At least 1 accident or damage reported,Yes,"$15,495",280.0,3.0,V6,Sequoia TRD Pro,381.0HP 5.7L 8 Cylinder Engine Gasoline Fuel
Cadillac,2020,"22,187 mi.",Gasoline,10-Speed Automatic,At least 1 accident or damage reported,Yes,"$45,480",400.0,3.6,V6,Jetta GLI,210.0HP 2.0L 4 Cylinder Engine Gasoline Fuel
GMC,2009,"137,000 mi.",Gasoline,A/T,None reported,Yes,"$20,000",295.0,4.8,8 CYLINDER,Crosstour EX-L,192.0HP 2.4L 4 Cylinder Engine Gasoline Fuel
Nissan,2009,"60,747 mi.",Gasoline,6-Speed A/T,At least 1 accident or damage reported,Yes,"$71,999",480.0,3.8,V6,Rover Range Rover Sport Supercharged,510.0HP 5.0L 8 Cylinder Engine Flex Fuel Capability
Dodge,2007,"36,500 mi.",Gasoline,A/T,None reported,Yes,"$16,000",210.0,3.7,V6,Santa Fe Sport 2.0L Turbo Ultimate,240.0HP 2.0L 4 Cylinder Engine Gasoline Fuel
Ford,2021,"19,590 mi.",Gasoline,10-Speed A/T,None reported,Yes,"$54,999",315.0,2.7,V6,XT5 Luxury,3.6L V6 24V GDI DOHC
Nissan,2015,"16,850 mi.",Gasoline,Transmission w/Dual Shift Mode,None reported,Yes,"$95,000",545.0,3.8,V6,F-TYPE R,550.0HP 5.0L 8 Cylinder Engine Gasoline Fuel
Cadillac,2021,"4,500 mi.",Gasoline,10-Speed A/T,None reported,No,"$105,000",420.0,6.2,8 CYLINDER,FJ Cruiser Base,260.0HP 4.0L V6 Cylinder Engine Gasoline Fuel
Chevrolet,2012,"194,000 mi.",Gasoline,6-Speed A/T,At least 1 accident or damage reported,Yes,"$4,900",138.0,1.4,4 CYLINDER,Tundra SR5,381.0HP 5.7L 8 Cylinder Engine Gasoline Fuel
Lexus,2020,"48,210 mi.",Gasoline,6-Speed Automatic,At least 1 accident or damage reported,Yes,"$47,449",301.0,4.6,V8,300ZX Base,–
BMW,2018,"81,500 mi.",Gasoline,8-Speed A/T,None reported,Yes,"$41,250",445.0,4.4,8 CYLINDER,1500 Sport,395.0HP 5.7L 8 Cylinder Engine Gasoline Fuel
Ford,2021,"77,107 mi.",Gasoline,10-Speed Automatic,None reported,No,"$39,995",350.0,3.5,V6,Focus SE,160.0HP 2.0L 4 Cylinder Engine Flex Fuel Capability
BMW,2015,"58,664 mi.",Gasoline,8-Speed A/T,At least 1 accident or damage reported,Yes,"$20,950",300.0,3.0,6 CYLINDER,GLE 350 Base 4MATIC,255.0HP 2.0L 4 Cylinder Engine Gasoline Fuel
Mitsubishi,2004,"145,000 mi.",Gasoline,A/T,None reported,Yes,"$8,950",395.0,3.8,V6,TL Type S,286.0HP 3.5L V6 Cylinder Engine Gasoline Fuel
Lexus,2018,"15,055 mi.",Gasoline,A/T,None reported,Yes,"$59,000",416.0,3.5,V6,Rover Range Rover HSE,385.0HP 5.0L 8 Cylinder Engine Gasoline Fuel
Tesla,2015,"67,647 mi.",electric,1-Speed A/T,None reported,Yes,"$28,000",422.0,3.5,V6,Convertible Cooper,134.0HP 1.5L 3 Cylinder Engine Gasoline Fuel
Lexus,2021,915 mi.,Gasoline,10-Speed A/T,None reported,Yes,"$159,000",471.0,5.0,8 CYLINDER,CX-9 Signature,227.0HP 2.5L 4 Cylinder Engine Gasoline Fuel
Mazda,2003,"46,873 mi.",Gasoline,5-Speed M/T,None reported,Yes,"$11,500",142.0,1.8,4 CYLINDER,TLX Tech,2.0 Liter DOHC Turbo
Cadillac,2021,"53,169 mi.",Gasoline,A/T,None reported,Yes,"$81,500",420.0,6.2,8 CYLINDER,F-150 Raptor,450.0HP 3.5L V6 Cylinder Engine Gasoline Fuel
Lexus,2022,"35,700 mi.",Gasoline,A/T,At least 1 accident or damage reported,Yes,"$51,900",301.0,4.6,8 CYLINDER,Civic Si Base,205.0HP 1.5L 4 Cylinder Engine Gasoline Fuel
Nissan,2014,"112,600 mi.",Gasoline,CVT Transmission,At least 1 accident or damage reported,Yes,"$13,000",260.0,3.5,V6,Elantra SE,147.0HP 2.0L 4 Cylinder Engine Gasoline Fuel
GMC,2015,"112,552 mi.",Gasoline,6-Speed Automatic,At least 1 accident or damage reported,Yes,"$24,440",355.0,5.3,V8,Excursion Limited,310.0HP 6.8L 10 Cylinder Engine Gasoline Fuel
BMW,2003,"127,273 mi.",Gasoline,6-Speed M/T,None reported,Yes,"$15,000",333.0,3.2,6 CYLINDER,F-TYPE S British Design Edition,380.0HP 3.0L V6 Cylinder Engine Gasoline Fuel
Lexus,2007,"189,887 mi.",Gasoline,A/T,At least 1 accident or damage reported,Yes,"$3,995",204.0,2.5,V6,Ridgeline RTL-E,3.5L V6 24V GDI SOHC
BMW,2012,"76,465 mi.",Gasoline,8-Speed A/T,At least 1 accident or damage reported,Yes,"$22,500",315.0,3.0,6 CYLINDER,G6 GTP,201.0HP 3.5L V6 Cylinder Engine Gasoline Fuel
Mitsubishi,2007,"136,400 mi.",Gasoline,5-Speed A/T,At least 1 accident or damage reported,Yes,"$6,750",260.0,3.8,V6,C-Class C300 4MATIC,2.0 Liter Turbo
Ford,2004,"79,635 mi.",Gasoline,A/T,None reported,Yes,"$13,500",280.0,3.9,8 CYLINDER,FJ Cruiser Base,239.0HP 4.0L V6 Cylinder Engine Gasoline Fuel
Buick,2011,"170,000 mi.",Gasoline,6-Speed A/T,At least 1 accident or damage reported,Yes,"$4,000",288.0,3.6,V6,Enclave Premium,3.6L V6 24V GDI DOHC
Ford,2018,"67,650 mi.",Gasoline,A/T,None reported,Yes,"$30,000",375.0,3.5,V6,Tahoe LTZ,355.0HP 5.3L 8 Cylinder Engine Gasoline Fuel
Lexus,2016,"119,850 mi.",Gasoline,A/T,None reported,Yes,"$19,000",268.0,3.5,V6,Continental GTC V8,500.0HP 4.0L 8 Cylinder Engine Gasoline Fuel
Acura,2008,"116,500 mi.",Gasoline,6-Speed M/T,None reported,Yes,"$15,999",286.0,3.5,V6,SLK-Class SLK 350,302.0HP 3.5L V6 Cylinder Engine Gasoline Fuel
Ford,2010,"169,802 mi.",Gasoline,4-Speed Automatic,None reported,Yes,"$9,985",350.0,2.0,I4,Escalade Premium Luxury,420.0HP 6.2L 8 Cylinder Engine Gasoline Fuel
BMW,2021,"36,905 mi.",Gasoline,Transmission w/Dual Shift Mode,None reported,Yes,"$50,000",382.0,3.0,6 CYLINDER,535 i xDrive,300.0HP 3.0L Straight 6 Cylinder Engine Gasoline Fuel
Jeep,2022,"8,400 mi.",Gasoline,8-Speed A/T,At least 1 accident or damage reported,Yes,"$47,000",285.0,3.6,V6,Cooper S Base,172.0HP 1.6L 4 Cylinder Engine Gasoline Fuel
Hummer,2003,"149,961 mi.",Gasoline,A/T,At least 1 accident or damage reported,Yes,"$12,500",316.0,6.0,8 CYLINDER,Continental GT Base,567.0HP 6.0L 12 Cylinder Engine Flex Fuel Capability
Mercedes-Benz,2014,"84,500 mi.",Gasoline,7-Speed A/T,None reported,Yes,"$41,500",451.0,6.2,8 CYLINDER,GX 460 Premium,301.0HP 4.6L 8 Cylinder Engine Gasoline Fuel
Lamborghini,2016,"3,254 mi.",Gasoline,7-Speed Automatic with Auto-Shift,None reported,No,"$399,900",700.0,6.5,V12,Q7 3.0T Premium Plus,280.0HP 3.0L V6 Cylinder Engine Gasoline Fuel
Mercedes-Benz,2016,"96,000 mi.",Gasoline,A/T,None reported,Yes,"$65,000",416.0,4.0,8 CYLINDER,CT6 Luxury,3.6L V6 24V GDI DOHC
Nissan,2009,"88,000 mi.",Gasoline,Transmission w/Dual Shift Mode,At least 1 accident or damage reported,Yes,"$57,000",480.0,3.8,V6,Sierra 1500 SL Crew Cab,295.0HP 4.8L 8 Cylinder Engine Gasoline Fuel
Audi,2011,"35,322 mi.",Gasoline,6-Speed Manual,None reported,No,"$94,900",333.0,4.2,V8,GT-R Premium,480.0HP 3.8L V6 Cylinder Engine Gasoline Fuel
Acura,2020,"32,500 mi.",Gasoline,A/T,None reported,Yes,"$32,000",206.0,2.4,4 CYLINDER,Ram 1500 ST,210.0HP 3.7L V6 Cylinder Engine Gasoline Fuel
Audi,2016,"71,280 mi.",Gasoline,A/T,None reported,Yes,"$22,000",333.0,3.0,V6,Bronco Outer Banks,315.0HP 2.7L V6 Cylinder Engine Gasoline Fuel
Porsche,2011,"37,200 mi.",Gasoline,7-Speed A/T,None reported,Yes,"$27,500",300.0,3.6,V6,GT-R Black Edition,545.0HP 3.8L V6 Cylinder Engine Gasoline Fuel
Saturn,2008,"94,291 mi.",Gasoline,A/T,None reported,Yes,"$14,500",260.0,2.0,4 CYLINDER,Escalade ESV Sport,420.0HP 6.2L 8 Cylinder Engine Gasoline Fuel
Maserati,2006,"54,082 mi.",Gasoline,Transmission w/Dual Shift Mode,None reported,Yes,"$17,000",390.0,4.2,8 CYLINDER,Cruze LT,138.0HP 1.4L 4 Cylinder Engine Gasoline Fuel
Volvo,2022,"7,800 mi.",Plug-In Hybrid,8-Speed A/T,None reported,Yes,"$66,000",455.0,2.0,4 CYLINDER,GX 460 Base,4.6L V8 32V MPFI DOHC
Jeep,2016,"86,250 mi.",Gasoline,5-Speed A/T,None reported,Yes,"$22,000",285.0,3.6,V6,750 i,445.0HP 4.4L 8 Cylinder Engine Gasoline Fuel
BMW,2016,"75,479 mi.",Gasoline,Transmission w/Dual Shift Mode,None reported,Yes,"$27,899",445.0,4.4,8 CYLINDER,F-150 XLT,3.5L V6 24V PDI DOHC Twin Turbo
BMW,2017,"24,650 mi.",Gasoline,A/T,None reported,Yes,"$50,000",445.0,4.4,8 CYLINDER,535 i xDrive,300.0HP 3.0L Straight 6 Cylinder Engine Gasoline Fuel
Volkswagen,2013,"102,750 mi.",Gasoline,6-Speed M/T,None reported,Yes,"$20,000",256.0,2.0,4 CYLINDER,Montero Limited,215.0HP 3.8L V6 Cylinder Engine Gasoline Fuel
Alfa,2018,"50,000 mi.",Gasoline,A/T,None reported,Yes,"$27,500",280.0,2.0,4 CYLINDER,LS 500 F Sport,416.0HP 3.5L V6 Cylinder Engine Gasoline Fuel
BMW,2017,"72,700 mi.",Gasoline,A/T,None reported,Yes,"$27,499",300.0,3.0,6 CYLINDER,Model S 85D,422.0HP Electric Motor Electric Fuel System
BMW,2018,"54,293 mi.",Gasoline,8-Speed A/T,At least 1 accident or damage reported,Yes,"$49,000",567.0,4.4,8 CYLINDER,LC 500 Base,471.0HP 5.0L 8 Cylinder Engine Gasoline Fuel
Lexus,2018,"16,000 mi.",Gasoline,6-Speed A/T,At least 1 accident or damage reported,Yes,"$30,500",260.0,3.5,V6,MX-5 Miata Shinsen,142.0HP 1.8L 4 Cylinder Engine Gasoline Fuel
Lamborghini,2006,"19,500 mi.",Gasoline,6-Speed A/T,None reported,Yes,"$129,000",493.0,5.0,10 CYLINDER,Escalade ESV Premium Luxury,420.0HP 6.2L 8 Cylinder Engine Gasoline Fuel
BMW,2014,"71,000 mi.",Gasoline,Transmission w/Dual Shift Mode,At least 1 accident or damage reported,Yes,"$16,700",240.0,2.0,4 CYLINDER,GX 460 Premium,301.0HP 4.6L 8 Cylinder Engine Gasoline Fuel
BMW,2019,"60,000 mi.",Gasoline,8-Speed A/T,None reported,Yes,"$36,500",335.0,3.0,6 CYLINDER,Pathfinder Platinum,260.0HP 3.5L V6 Cylinder Engine Gasoline Fuel
Porsche,1998,"75,539 mi.",Gasoline,5-Speed M/T,None reported,Yes,"$11,995",201.0,2.5,6 CYLINDER,Yukon SLE,5.3L V8 16V GDI OHV
Alfa,2017,"36,000 mi.",Gasoline,8-Speed A/T,None reported,Yes,"$21,000",280.0,2.0,4 CYLINDER,M3 Base,333.0HP 3.2L Straight 6 Cylinder Engine Gasoline Fuel
Mercedes-Benz,2019,"76,422 mi.",Gasoline,Automatic,None reported,No,"$28,998",362.0,2.0,V6,IS 250 Base,204.0HP 2.5L V6 Cylinder Engine Gasoline Fuel
Nissan,2016,"42,600 mi.",Gasoline,7-Speed A/T,At least 1 accident or damage reported,Yes,"$31,950",350.0,3.7,V6,640 i,315.0HP 3.0L Straight 6 Cylinder Engine Gasoline Fuel
Rivian,2023,211 mi.,electric,A/T,None reported,Yes,"$99,000",835.0,3.5,V6,Eclipse Spyder GT,260.0HP 3.8L V6 Cylinder Engine Gasoline Fuel
Chevrolet,2017,"98,888 mi.",Gasoline,A/T,At least 1 accident or damage reported,Yes,"$29,000",355.0,6.0,8 CYLINDER,Thunderbird Deluxe,280.0HP 3.9L 8 Cylinder Engine Gasoline Fuel
Ford,2019,"64,532 mi.",Hybrid,A/T,At least 1 accident or damage reported,Yes,"$19,395",188.0,2.0,4 CYLINDER,Model Y Long Range,Dual Motor - Standard
BMW,2011,"75,500 mi.",Gasoline,A/T,None reported,Yes,"$12,975",300.0,3.0,6 CYLINDER,Enclave 1XL,288.0HP 3.6L V6 Cylinder Engine Gasoline Fuel
Buick,2019,"32,000 mi.",Gasoline,A/T,None reported,Yes,"$27,000",228.0,2.5,4 CYLINDER,F-150 XLT,375.0HP 3.5L V6 Cylinder Engine Gasoline Fuel
Buick,2019,"47,839 mi.",Gasoline,6-Speed Automatic,None reported,Yes,"$24,991",228.0,2.5,I4,ES 350 Base,268.0HP 3.5L V6 Cylinder Engine Gasoline Fuel
Porsche,2013,"98,413 mi.",Gasoline,Transmission w/Dual Shift Mode,At least 1 accident or damage reported,Yes,"$34,900",420.0,4.8,8 CYLINDER,TL Type S,286.0HP 3.5L V6 Cylinder Engine Gasoline Fuel
Audi,2022,"9,628 mi.",Gasoline,8-Speed A/T,None reported,Yes,"$78,500",444.0,2.9,V6,Capri XR2,–
Jaguar,1999,"15,000 mi.",Gasoline,5-Speed A/T,None reported,Yes,"$16,370",290.0,4.0,8 CYLINDER,Transit Connect XLT,2.0L I4 16V MPFI DOHC
Audi,2021,"6,397 mi.",Gasoline,7-Speed Automatic with Auto-Shift,None reported,No,"$172,900",333.0,5.2,V6,X3 M40i,382.0HP 3.0L Straight 6 Cylinder Engine Gasoline Fuel
Honda,2022,"22,564 mi.",Gasoline,Automatic,None reported,No,"$44,998",205.0,3.5,V6,Gladiator Willys,285.0HP 3.6L V6 Cylinder Engine Gasoline Fuel
Lexus,2015,"110,000 mi.",Gasoline,Transmission w/Dual Shift Mode,None reported,Yes,"$28,000",270.0,3.5,V6,H2 Base,316.0HP 6.0L 8 Cylinder Engine Gasoline Fuel
Mercedes-Benz,2022,105 mi.,Diesel,7-Speed A/T,None reported,Yes,"$200,000",161.0,2.0,4 CYLINDER,C-Class C 63 AMG,451.0HP 6.2L 8 Cylinder Engine Gasoline Fuel
Toyota,2004,"186,117 mi.",Gasoline,A/T,None reported,Yes,"$13,000",395.0,4.0,V6,Aventador LP700-4,6.5L V12 48V MPFI DOHC
Jeep,2002,"103,500 mi.",Gasoline,M/T,None reported,Yes,"$12,500",190.0,4.0,6 CYLINDER,G-Class G 550 4MATIC,416.0HP 4.0L 8 Cylinder Engine Gasoline Fuel
Cadillac,2019,"8,074 mi.",Gasoline,10-Speed Automatic,None reported,No,"$76,700",400.0,4.2,V8,GT-R Premium,480.0HP 3.8L V6 Cylinder Engine Gasoline Fuel
BMW,2011,"43,000 mi.",Gasoline,6-Speed M/T,None reported,Yes,"$50,900",414.0,4.0,8 CYLINDER,R8 4.2 quattro Spyder,4.2L V8 32V GDI DOHC
BMW,2015,"70,700 mi.",Gasoline,8-Speed A/T,At least 1 accident or damage reported,Yes,"$23,000",445.0,4.4,8 CYLINDER,TLX A-Spec,206.0HP 2.4L 4 Cylinder Engine Gasoline Fuel
Chevrolet,2022,"42,479 mi.",Gasoline,9-Speed Automatic,None reported,Yes,"$28,495",355.0,1.3,I3,A6 3.0T Premium Plus,333.0HP 3.0L V6 Cylinder Engine Gasoline Fuel
Ford,2000,"205,000 mi.",Gasoline,A/T,At least 1 accident or damage reported,Yes,"$9,950",310.0,6.8,10 CYLINDER,Panamera 2,300.0HP 3.6L V6 Cylinder Engine Gasoline Fuel
Audi,2019,"22,300 mi.",Gasoline,8-Speed A/T,None reported,Yes,"$38,999",349.0,3.0,V6,Sky Red Line,260.0HP 2.0L 4 Cylinder Engine Gasoline Fuel
Ford,2017,"104,000 mi.",Gasoline,A/T,At least 1 accident or damage reported,Yes,"$19,995",395.0,3.5,V6,Coupe Cambiocorsa,390.0HP 4.2L 8 Cylinder Engine Gasoline Fuel
Ford,2022,"13,865 mi.",Gasoline,8-Speed Automatic,None reported,Yes,"$29,182",350.0,1.5,I3,XC90 Recharge Plug-In Hybrid T8 Inscription 7 Passenger,455.0HP 2.0L 4 Cylinder Engine Plug-In Electric/Gas
BMW,2022,"15,882 mi.",Gasoline,8-Speed A/T,None reported,Yes,"$84,995",503.0,3.0,6 CYLINDER,Wrangler Sport,285.0HP 3.6L V6 Cylinder Engine Gasoline Fuel
Land,2022,"12,209 mi.",Gasoline,8-Speed Automatic,None reported,No,"$104,900",380.0,5.0,V8,X5 xDrive50i,445.0HP 4.4L 8 Cylinder Engine Gasoline Fuel
Mercedes-Benz,2021,"10,483 mi.",Gasoline,Automatic,None reported,No,"$60,998",362.0,3.0,V6,750 i,445.0HP 4.4L 8 Cylinder Engine Gasoline Fuel
Nissan,2017,"31,150 mi.",Gasoline,Transmission w/Dual Shift Mode,None reported,Yes,"$113,000",565.0,3.8,V6,Golf R 4-Door,256.0HP 2.0L 4 Cylinder Engine Gasoline Fuel
Chrysler,2015,"44,000 mi.",E85 Flex Fuel,A/T,At least 1 accident or damage reported,Yes,"$12,700",295.0,3.6,V6,Romeo Stelvio Base,280.0HP 2.0L 4 Cylinder Engine Gasoline Fuel
Hummer,2003,"109,000 mi.",Gasoline,A/T,None reported,Yes,"$17,500",316.0,6.0,8 CYLINDER,X5 xDrive35i,300.0HP 3.0L Straight 6 Cylinder Engine Gasoline Fuel
BMW,2020,"31,350 mi.",Gasoline,Transmission w/Dual Shift Mode,None reported,Yes,"$62,450",425.0,3.0,6 CYLINDER,X6 M Base,567.0HP 4.4L 8 Cylinder Engine Gasoline Fuel
Audi,2021,"30,000 mi.",Hybrid,8-Speed A/T,None reported,Yes,"$62,000",335.0,3.0,V6,IS 300 Base,260.0HP 3.5L V6 Cylinder Engine Gasoline Fuel
Land,2012,"66,500 mi.",Gasoline,A/T,None reported,Yes,"$19,950",385.0,5.0,8 CYLINDER,Gallardo SE,493.0HP 5.0L 10 Cylinder Engine Gasoline Fuel
Nissan,2012,"96,600 mi.",Gasoline,A/T,At least 1 accident or damage reported,Yes,"$17,000",261.0,4.0,V6,428 i,240.0HP 2.0L 4 Cylinder Engine Gasoline Fuel
Toyota,2015,"198,000 mi.",Gasoline,A/T,None reported,Yes,"$14,000",270.0,3.5,V6,X5 xDrive40i,335.0HP 3.0L Straight 6 Cylinder Engine Gasoline Fuel
Audi,2013,"91,877 mi.",Gasoline,A/T,At least 1 accident or damage reported,Yes,"$24,000",333.0,3.0,V6,Boxster Base,201.0HP 2.5L Flat 6 Cylinder Engine Gasoline Fuel
Ford,2018,"45,578 mi.",Gasoline,10-Speed A/T,None reported,Yes,"$45,023",395.0,3.5,V6,Romeo Giulia Base,280.0HP 2.0L 4 Cylinder Engine Gasoline Fuel
BMW,2015,"54,000 mi.",Gasoline,6-Speed M/T,At least 1 accident or damage reported,Yes,"$19,996",240.0,2.0,4 CYLINDER,C-Class C 300,2.0 Liter Turbo
Land,2020,"52,000 mi.",Hybrid,8-Speed A/T,None reported,Yes,"$55,000",395.0,3.0,6 CYLINDER,370Z NISMO Tech,350.0HP 3.7L V6 Cylinder Engine Gasoline Fuel
Mercedes-Benz,2020,"23,044 mi.",Hybrid,Automatic,None reported,No,"$72,598",362.0,3.0,V6,R1S Adventure Package,835.0HP Electric Motor Electric Fuel System
Porsche,2008,"132,500 mi.",Gasoline,6-Speed M/T,None reported,Yes,"$35,000",325.0,3.6,6 CYLINDER,Suburban LT,6.0L 8 Cylinder Engine Gasoline Fuel
Dodge,2006,"256,000 mi.",Gasoline,A/T,None reported,Yes,"$4,000",357.5,4.7,8 CYLINDER,Fusion Hybrid SE,188.0HP 2.0L 4 Cylinder Engine Gas/Electric Hybrid
Mercedes-Benz,2009,"31,370 mi.",Gasoline,Transmission w/Dual Shift Mode,None reported,Yes,"$65,700",518.0,6.3,8 CYLINDER,X3 xDrive35i,300.0HP 3.0L Straight 6 Cylinder Engine Gasoline Fuel
Chrysler,2008,"67,303 mi.",Gasoline,A/T,None reported,Yes,"$4,900",173.0,2.4,4 CYLINDER,Envision Preferred,197.0HP 2.5L 4 Cylinder Engine Gasoline Fuel
Chevrolet,2021,"12,000 mi.",Gasoline,A/T,At least 1 accident or damage reported,Yes,"$99,900",490.0,6.2,8 CYLINDER,Envision Essence,2.5L I4 16V GDI DOHC
Ford,2023,"16,500 mi.",Gasoline,A/T,None reported,Yes,"$54,000",275.0,2.3,4 CYLINDER,Cayenne GTS,420.0HP 4.8L 8 Cylinder Engine Gasoline Fuel
Toyota,2018,"28,800 mi.",Gasoline,"Manual, 6-Spd",None reported,No,"$42,900",270.0,3.5,V6,RS 5 2.9T,444.0HP 2.9L V6 Cylinder Engine Gasoline Fuel
RAM,2019,"88,000 mi.",Gasoline,6-Speed A/T,At least 1 accident or damage reported,Yes,"$39,900",280.0,3.6,V6,XK8 Base,290.0HP 4.0L 8 Cylinder Engine Gasoline Fuel
Ford,2018,"18,515 mi.",Gasoline,6-Speed M/T,At least 1 accident or damage reported,Yes,"$60,867",526.0,5.2,8 CYLINDER,R8 5.2 V10,5.2L V10 40V PDI DOHC
Tesla,2018,"92,813 mi.",electric,1-Speed A/T,None reported,Yes,"$30,499",271.0,3.5,V6,Pilot Black Edition,3.5 Liter
Land,2023,"2,100 mi.",Gasoline,8-Speed A/T,None reported,Yes,"$172,000",523.0,4.4,8 CYLINDER,RX 350 Crafted Line F Sport,270.0HP 3.5L V6 Cylinder Engine Gasoline Fuel
Volvo,2019,"58,600 mi.",Gasoline,A/T,At least 1 accident or damage reported,Yes,"$29,000",330.0,2.0,4 CYLINDER,Sprinter 3500 High Roof,161.0HP 2.0L 4 Cylinder Engine Diesel Fuel
Lexus,2015,"74,500 mi.",Gasoline,Transmission w/Dual Shift Mode,None reported,Yes,"$33,900",386.0,4.6,8 CYLINDER,4Runner Limited,245.0HP 4.0L V6 Cylinder Engine Gasoline Fuel
Tesla,2018,"33,500 mi.",electric,A/T,None reported,Yes,"$51,900",518.0,3.5,V6,Wrangler Sport,190.0HP 4.0L Straight 6 Cylinder Engine Gasoline Fuel
Cadillac,2023,222 mi.,Gasoline,A/T,None reported,Yes,"$69,000",310.0,3.6,V6,CT6-V 4.2L Blackwing Twin Turbo,4.2L V8 32V GDI DOHC Twin Turbo
Chevrolet,2007,"75,124 mi.",E85 Flex Fuel,A/T,None reported,Yes,"$16,499",310.0,5.3,8 CYLINDER,M3 Base,414.0HP 4.0L 8 Cylinder Engine Gasoline Fuel
Chevrolet,2013,"15,500 mi.",Gasoline,Transmission w/Dual Shift Mode,None reported,Yes,"$45,000",430.0,6.2,8 CYLINDER,750 i,445.0HP 4.4L 8 Cylinder Engine Gasoline Fuel
Audi,2020,"34,300 mi.",Hybrid,8-Speed A/T,None reported,Yes,"$52,500",335.0,3.0,V6,Trailblazer RS,1.3L I3 12V GDI DOHC Turbo
Honda,2019,"82,000 mi.",Gasoline,10-Speed A/T,None reported,Yes,"$32,471",280.0,3.5,V6,Excursion XLT 4WD,310.0HP 6.8L 10 Cylinder Engine Gasoline Fuel
Acura,2023,"3,389 mi.",Gasoline,Automatic,None reported,No,"$38,598",279.5,2.0,V6,SQ5 3.0T Premium Plus,349.0HP 3.0L V6 Cylinder Engine Gasoline Fuel
Porsche,2023,"10,000 mi.",Gasoline,8-Speed A/T,None reported,Yes,"$145,000",453.0,4.0,8 CYLINDER,Expedition EL Limited,365.0HP 3.5L V6 Cylinder Engine Gasoline Fuel
Cadillac,2005,"96,000 mi.",Gasoline,A/T,At least 1 accident or damage reported,Yes,"$4,999",260.0,3.6,V6,Bronco Sport Base,1.5L I3 12V PDI DOHC Turbo
Dodge,2021,"7,751 mi.",Gasoline,8-Speed A/T,None reported,Yes,"$41,950",370.0,5.7,8 CYLINDER,M4 Competition xDrive,503.0HP 3.0L Straight 6 Cylinder Engine Gasoline Fuel
Audi,2017,"66,250 mi.",Gasoline,8-Speed A/T,At least 1 accident or damage reported,Yes,"$59,200",605.0,4.0,8 CYLINDER,Rover Defender,5.0L V8 32V GDI DOHC Supercharged
Lexus,2012,"109,000 mi.",Hybrid,A/T,At least 1 accident or damage reported,Yes,"$14,945",134.0,1.8,4 CYLINDER,AMG GLC 43 AMG GLC 43,3.0 Liter Twin Turbo
Hyundai,2015,"60,000 mi.",Gasoline,Transmission w/Dual Shift Mode,None reported,Yes,"$17,000",348.0,3.8,V6,GT-R Premium,565.0HP 3.8L V6 Cylinder Engine Gasoline Fuel
Tesla,2020,"14,700 mi.",electric,1-Speed A/T,None reported,Yes,"$63,000",778.0,3.5,V6,200 C,295.0HP 3.6L V6 Cylinder Engine Flex Fuel Capability
Mercedes-Benz,2022,"9,006 mi.",Gasoline,9-Speed A/T,None reported,Yes,"$56,999",255.0,2.0,4 CYLINDER,H2 Base,316.0HP 6.0L 8 Cylinder Engine Gasoline Fuel
Toyota,2022,"13,400 mi.",Gasoline,6-Speed A/T,None reported,Yes,"$33,499",228.0,2.4,4 CYLINDER,M4 Base,425.0HP 3.0L Straight 6 Cylinder Engine Gasoline Fuel
Porsche,2020,"28,570 mi.",Gasoline,Automatic,None reported,No,"$55,998",365.0,3.0,V6,Q8 55 Premium Plus,335.0HP 3.0L V6 Cylinder Engine Gasoline/Mild Electric Hybrid
Dodge,2018,"78,000 mi.",Gasoline,Transmission w/Dual Shift Mode,At least 1 accident or damage reported,Yes,"$44,700",475.0,6.4,8 CYLINDER,Rover Range Rover HSE,385.0HP 5.0L 8 Cylinder Engine Gasoline Fuel
Lexus,2013,"134,000 mi.",Gasoline,A/T,At least 1 accident or damage reported,Yes,"$29,995",383.0,5.7,8 CYLINDER,Frontier SV,261.0HP 4.0L V6 Cylinder Engine Gasoline Fuel
Kia,2013,"104,994 mi.",Hybrid,6-Speed A/T,None reported,Yes,"$9,000",199.0,2.4,4 CYLINDER,Highlander LE Plus,270.0HP 3.5L V6 Cylinder Engine Gasoline Fuel
Bentley,2016,"31,500 mi.",Gasoline,8-Speed A/T,None reported,Yes,"$103,900",521.0,4.0,8 CYLINDER,S4 3.0T Premium Plus,333.0HP 3.0L V6 Cylinder Engine Gasoline Fuel
Alfa,2020,"30,000 mi.",Gasoline,8-Speed A/T,None reported,Yes,"$28,900",280.0,2.0,4 CYLINDER,Expedition Max Limited,375.0HP 3.5L V6 Cylinder Engine Gasoline Fuel
Lexus,2023,490 mi.,Gasoline,A/T,None reported,Yes,"$124,999",409.0,3.4,V6,228 i,240.0HP 2.0L 4 Cylinder Engine Gasoline Fuel
Porsche,2020,"18,000 mi.",electric,A/T,None reported,Yes,"$105,000",616.0,3.5,V6,Rover Range Rover Sport HST MHEV,395.0HP 3.0L Straight 6 Cylinder Engine Gasoline/Mild Electric Hybrid
Toyota,2017,"67,000 mi.",E85 Flex Fuel,6-Speed A/T,None reported,Yes,"$37,999",395.0,5.7,8 CYLINDER,E-Class AMG E 53,3.0 Liter Turbo
Kia,2021,"8,263 mi.",Gasoline,A/T,None reported,Yes,"$29,000",290.0,1.6,4 CYLINDER,911 Carrera,325.0HP 3.6L Flat 6 Cylinder Engine Gasoline Fuel
RAM,2021,"35,003 mi.",Gasoline,8-Speed Automatic,None reported,Yes,"$40,999",350.0,5.7,V8,Dakota SLT Quad Cab,4.7L 8 Cylinder Engine Gasoline Fuel
Chevrolet,2008,"80,000 mi.",Gasoline,6-Speed A/T,None reported,Yes,"$31,000",430.0,6.2,8 CYLINDER,SL-Class SL63 AMG Roadster,518.0HP 6.3L 8 Cylinder Engine Gasoline Fuel
Chevrolet,2022,"6,200 mi.",Gasoline,Transmission w/Dual Shift Mode,None reported,Yes,"$99,999",490.0,6.2,8 CYLINDER,Sebring LX,173.0HP 2.4L 4 Cylinder Engine Gasoline Fuel
Jaguar,2014,"74,595 mi.",Gasoline,8-Speed A/T,At least 1 accident or damage reported,Yes,"$32,450",495.0,5.0,8 CYLINDER,Corvette Stingray w/3LT,490.0HP 6.2L 8 Cylinder Engine Gasoline Fuel
Audi,2013,"87,066 mi.",Gasoline,8-Speed A/T,None reported,Yes,"$20,999",310.0,3.0,V6,Bronco Outer Banks,275.0HP 2.3L 4 Cylinder Engine Gasoline Fuel
Audi,2019,"38,360 mi.",Gasoline,8-Speed Automatic,None reported,No,"$49,936",333.0,3.0,V6,Tacoma TRD Pro,"3.5L V-6 port/direct injection, DOHC, VVT-iE variable valve cont"
Kia,2020,"38,000 mi.",Gasoline,8-Speed A/T,None reported,Yes,"$41,999",291.0,3.8,V6,ProMaster 2500 High Roof,280.0HP 3.6L V6 Cylinder Engine Gasoline Fuel
Toyota,2018,"69,641 mi.",Hybrid,CVT Transmission,At least 1 accident or damage reported,Yes,"$23,995",208.0,2.5,4 CYLINDER,Shelby GT350 Base,526.0HP 5.2L 8 Cylinder Engine Gasoline Fuel
Toyota,2022,"1,275 mi.",Gasoline,6-Speed A/T,None reported,Yes,"$47,999",228.0,2.4,4 CYLINDER,Model 3 Performance,271.0HP Electric Motor Electric Fuel System
BMW,2001,"60,000 mi.",Gasoline,6-Speed M/T,None reported,Yes,"$25,000",333.0,3.2,6 CYLINDER,Rover Range Rover P530 SE LWB 7 Seat,523.0HP 4.4L 8 Cylinder Engine Gasoline Fuel
Jeep,2014,"99,450 mi.",Gasoline,6-Speed M/T,None reported,Yes,"$21,000",285.0,3.6,V6,XC60 T6 Inscription,330.0HP 2.0L 4 Cylinder Engine Gasoline Fuel
Toyota,2023,200 mi.,Hybrid,10-Speed A/T,None reported,Yes,"$82,500",437.0,3.4,V6,LS 460 Crafted Line,386.0HP 4.6L 8 Cylinder Engine Gasoline Fuel
Porsche,2016,"68,000 mi.",Gasoline,Transmission w/Dual Shift Mode,At least 1 accident or damage reported,Yes,"$32,950",310.0,3.6,V6,Model S 100D,518.0HP Electric Motor Electric Fuel System
Lexus,2010,"212,000 mi.",Gasoline,A/T,At least 1 accident or damage reported,Yes,"$9,450",303.0,3.5,V6,XT6 Premium Luxury AWD,310.0HP 3.6L V6 Cylinder Engine Gasoline Fuel
GMC,2019,"73,091 mi.",Diesel,A/T,At least 1 accident or damage reported,Yes,"$58,500",445.0,6.6,8 CYLINDER,Avalanche 1500 LTZ,310.0HP 5.3L 8 Cylinder Engine Flex Fuel Capability
Kia,2023,"9,400 mi.",Plug-In Hybrid,A/T,None reported,Yes,"$31,500",180.0,1.6,4 CYLINDER,Corvette Grand Sport,430.0HP 6.2L 8 Cylinder Engine Gasoline Fuel
Porsche,2014,"117,697 mi.",Gasoline,8-Speed A/T,At least 1 accident or damage reported,Yes,"$16,975",300.0,3.6,V6,Q8 55 Premium,335.0HP 3.0L V6 Cylinder Engine Gasoline/Mild Electric Hybrid
Mercedes-Benz,2015,"95,428 mi.",Gasoline,A/T,None reported,Yes,"$55,000",621.0,6.0,12 CYLINDER,Odyssey Elite,280.0HP 3.5L V6 Cylinder Engine Gasoline Fuel
Lexus,2017,"116,300 mi.",Gasoline,6-Speed A/T,None reported,Yes,"$31,950",301.0,4.6,8 CYLINDER,TLX,2.0 Liter DOHC Turbo
Acura,2019,"56,778 mi.",Hybrid,7-Speed A/T,None reported,Yes,"$41,899",321.0,3.0,V6,Cayenne GTS Coupe AWD,453.0HP 4.0L 8 Cylinder Engine Gasoline Fuel
Audi,2023,"5,682 mi.",Hybrid,Automatic,None reported,No,"$48,698",333.0,2.0,V6,STS V6,260.0HP 3.6L V6 Cylinder Engine Gasoline Fuel
BMW,2017,"37,000 mi.",Gasoline,A/T,None reported,Yes,"$31,000",248.0,2.0,4 CYLINDER,Charger R/T,370.0HP 5.7L 8 Cylinder Engine Gasoline Fuel
Kia,2015,"103,748 mi.",Gasoline,A/T,None reported,Yes,"$8,500",173.0,2.0,4 CYLINDER,RS 7 4.0T Performance Prestige,605.0HP 4.0L 8 Cylinder Engine Gasoline Fuel
Toyota,2005,"86,000 mi.",Gasoline,A/T,None reported,Yes,"$22,500",395.0,4.7,8 CYLINDER,CT 200h Premium,134.0HP 1.8L 4 Cylinder Engine Gas/Electric Hybrid
Land,2013,"125,900 mi.",Gasoline,A/T,None reported,Yes,"$21,000",375.0,5.0,8 CYLINDER,Genesis Coupe 3.8 Base,348.0HP 3.8L V6 Cylinder Engine Gasoline Fuel
Nissan,2023,"6,200 mi.",Gasoline,9-Speed A/T,None reported,Yes,"$48,000",400.0,5.6,8 CYLINDER,Model S Performance,778.0HP Electric Motor Electric Fuel System
Ford,2019,"85,000 mi.",Diesel,6-Speed A/T,At least 1 accident or damage reported,Yes,"$52,500",450.0,6.7,8 CYLINDER,E-Class E 350 4MATIC,255.0HP 2.0L 4 Cylinder Engine Gasoline Fuel
Mercedes-Benz,2017,"19,324 mi.",Gasoline,Transmission w/Dual Shift Mode,None reported,Yes,"$75,000",456.0,4.0,8 CYLINDER,GR86 Base,228.0HP 2.4L 4 Cylinder Engine Gasoline Fuel
Cadillac,2018,"49,273 mi.",Gasoline,A/T,None reported,Yes,"$54,000",420.0,6.2,8 CYLINDER,Macan S,3.0 Liter Turbo
BMW,2017,"44,000 mi.",Gasoline,7-Speed A/T,None reported,Yes,"$55,000",425.0,3.0,6 CYLINDER,Durango SRT,475.0HP 6.4L 8 Cylinder Engine Gasoline Fuel
Chevrolet,2012,"148,377 mi.",Gasoline,6-Speed A/T,None reported,No,"$5,500",138.0,1.4,4 CYLINDER,LX 570 Base,383.0HP 5.7L 8 Cylinder Engine Gasoline Fuel
Dodge,2010,"70,000 mi.",Gasoline,6-Speed M/T,None reported,Yes,"$22,000",425.0,6.1,8 CYLINDER,Optima Hybrid EX,199.0HP 2.4L 4 Cylinder Engine Gas/Electric Hybrid
Mercedes-Benz,2016,"143,290 mi.",Diesel,A/T,None reported,Yes,"$33,490",161.0,2.1,4 CYLINDER,Continental GT V8 S,521.0HP 4.0L 8 Cylinder Engine Gasoline Fuel
Ford,2019,"69,205 mi.",Diesel,Transmission w/Dual Shift Mode,None reported,Yes,"$73,500",450.0,6.7,8 CYLINDER,Romeo Giulia Base,280.0HP 2.0L 4 Cylinder Engine Gasoline Fuel
Chevrolet,2015,"123,500 mi.",Gasoline,6-Speed A/T,None reported,Yes,"$25,650",355.0,5.3,8 CYLINDER,LX 600 F SPORT,409.0HP 3.4L V6 Cylinder Engine Gasoline Fuel
Audi,2018,"70,773 mi.",Gasoline,A/T,None reported,Yes,"$30,950",333.0,3.0,V6,Taycan Turbo,616.0HP Electric Motor Electric Fuel System
Jeep,2015,"109,000 mi.",Gasoline,A/T,At least 1 accident or damage reported,Yes,"$7,599",158.0,2.0,4 CYLINDER,Sequoia Limited,381.0HP 5.7L 8 Cylinder Engine Flex Fuel Capability
INFINITI,2014,"71,097 mi.",Gasoline,7-Speed A/T,None reported,Yes,"$18,995",325.0,3.7,V6,K5 EX,180.0HP 1.6L 4 Cylinder Engine Gasoline Fuel
BMW,2013,"76,309 mi.",Gasoline,A/T,None reported,No,"$12,000",300.0,3.0,6 CYLINDER,1500 Big Horn,5.7L V8 16V MPFI OHV
Land,2023,"4,126 mi.",Hybrid,A/T,None reported,No,"$155,000",395.0,3.0,6 CYLINDER,Corvette Base,430.0HP 6.2L 8 Cylinder Engine Gasoline Fuel
Cadillac,2014,"80,400 mi.",Gasoline,A/T,At least 1 accident or damage reported,Yes,"$15,000",202.0,2.5,4 CYLINDER,Corvette Stingray w/1LT,490.0HP 6.2L 8 Cylinder Engine Gasoline Fuel
Toyota,2010,"123,620 mi.",Gasoline,4-Speed A/T,At least 1 accident or damage reported,Yes,"$9,900",179.0,2.5,4 CYLINDER,F-TYPE S,495.0HP 5.0L 8 Cylinder Engine Gasoline Fuel
Acura,2011,"187,883 mi.",Gasoline,A/T,None reported,Yes,"$5,500",201.0,2.4,4 CYLINDER,A7 3.0T Prestige,310.0HP 3.0L V6 Cylinder Engine Gasoline Fuel
Mercedes-Benz,2020,"45,000 mi.",Gasoline,A/T,None reported,Yes,"$133,000",416.0,4.0,8 CYLINDER,Q8 3.0T Prestige,3.0L V6 24V GDI DOHC Turbo
Honda,2022,"25,420 mi.",Gasoline,CVT Transmission,None reported,Yes,"$24,500",158.0,2.0,4 CYLINDER,Telluride SX,291.0HP 3.8L V6 Cylinder Engine Gasoline Fuel
BMW,2011,"129,999 mi.",Gasoline,6-Speed M/T,None reported,Yes,"$29,999",414.0,4.0,8 CYLINDER,Camry Hybrid XLE,208.0HP 2.5L 4 Cylinder Engine Gas/Electric Hybrid
BMW,2008,"41,048 mi.",Gasoline,Transmission w/Dual Shift Mode,None reported,Yes,"$38,490",414.0,4.0,8 CYLINDER,GR86 Premium,228.0HP 2.4L 4 Cylinder Engine Gasoline Fuel
Nissan,2010,"72,500 mi.",Gasoline,6-Speed M/T,None reported,Yes,"$6,750",122.0,1.8,4 CYLINDER,M3 Base,333.0HP 3.2L Straight 6 Cylinder Engine Gasoline Fuel
RAM,2014,"143,390 mi.",Gasoline,6-Speed A/T,None reported,Yes,"$13,000",280.0,3.6,V6,Wrangler Rubicon,285.0HP 3.6L V6 Cylinder Engine Gasoline Fuel
Acura,2018,"68,425 mi.",Gasoline,6-Speed A/T,At least 1 accident or damage reported,Yes,"$23,500",279.0,3.5,V6,Tundra Hybrid Capstone,437.0HP 3.4L V6 Cylinder Engine Gas/Electric Hybrid
Toyota,2018,"95,000 mi.",Gasoline,A/T,None reported,Yes,"$33,000",395.0,4.0,V6,Panamera 4 Edition,310.0HP 3.6L V6 Cylinder Engine Gasoline Fuel
RAM,2019,"29,000 mi.",Gasoline,8-Speed A/T,At least 1 accident or damage reported,Yes,"$49,500",395.0,5.7,8 CYLINDER,GS 350 Base,303.0HP 3.5L V6 Cylinder Engine Gasoline Fuel
Chevrolet,2003,"145,000 mi.",Gasoline,A/T,None reported,Yes,"$22,000",350.0,5.7,8 CYLINDER,Sierra 3500 Denali,445.0HP 6.6L 8 Cylinder Engine Diesel Fuel
Land,2020,"29,700 mi.",Hybrid,8-Speed A/T,None reported,No,"$68,000",395.0,3.0,6 CYLINDER,Niro Plug-In Hybrid EX,180.0HP 1.6L 4 Cylinder Engine Plug-In Electric/Gas
Jeep,2011,"98,658 mi.",Gasoline,5-Speed A/T,None reported,Yes,"$14,995",360.0,5.7,8 CYLINDER,Cayenne Base,300.0HP 3.6L V6 Cylinder Engine Gasoline Fuel
Volvo,2009,"97,615 mi.",Gasoline,6-Speed A/T,None reported,Yes,"$10,500",281.0,3.0,6 CYLINDER,S-Class S 65 AMG,621.0HP 6.0L 12 Cylinder Engine Gasoline Fuel
Porsche,2014,"36,000 mi.",Gasoline,8-Speed A/T,None reported,Yes,"$37,000",400.0,4.8,8 CYLINDER,GX 460 Premium,301.0HP 4.6L 8 Cylinder Engine Gasoline Fuel
Mazda,2021,"61,874 mi.",Gasoline,6-Speed Automatic,None reported,Yes,"$22,389",186.0,2.5,I4,MDX Sport Hybrid 3.0L w/Technology Package,321.0HP 3.0L V6 Cylinder Engine Gas/Electric Hybrid
Chrysler,2012,"74,582 mi.",E85 Flex Fuel,6-Speed A/T,None reported,Yes,"$8,500",283.0,3.6,V6,Q5 S line Premium Plus,2.0 Liter TFSI
INFINITI,2013,"51,500 mi.",Gasoline,A/T,None reported,Yes,"$23,900",325.0,3.7,V6,530 i,248.0HP 2.0L 4 Cylinder Engine Gasoline Fuel
Toyota,2007,"193,827 mi.",Gasoline,A/T,None reported,Yes,"$14,950",239.0,4.0,V6,Forte Koup EX,173.0HP 2.0L 4 Cylinder Engine Gasoline Fuel
Chevrolet,2019,"53,433 mi.",Gasoline,A/T,None reported,Yes,"$36,950",355.0,5.3,8 CYLINDER,Sequoia Limited,282.0HP 4.7L 8 Cylinder Engine Gasoline Fuel
Mercedes-Benz,2012,"103,000 mi.",Gasoline,7-Speed A/T,At least 1 accident or damage reported,Yes,"$40,000",451.0,6.3,8 CYLINDER,Rover LR4 HSE,375.0HP 5.0L 8 Cylinder Engine Gasoline Fuel
BMW,2016,"59,000 mi.",Gasoline,Transmission w/Dual Shift Mode,At least 1 accident or damage reported,Yes,"$20,999",240.0,2.0,4 CYLINDER,Titan SV,400.0HP 5.6L 8 Cylinder Engine Gasoline Fuel
Lexus,2017,"82,000 mi.",Gasoline,A/T,None reported,Yes,"$32,900",301.0,4.6,8 CYLINDER,F-250 Lariat,450.0HP 6.7L 8 Cylinder Engine Diesel Fuel
Porsche,2016,"60,000 mi.",Gasoline,A/T,None reported,Yes,"$45,000",310.0,3.6,V6,AMG GT AMG GT,456.0HP 4.0L 8 Cylinder Engine Gasoline Fuel
Cadillac,2017,"93,971 mi.",Gasoline,A/T,None reported,Yes,"$47,000",420.0,6.2,8 CYLINDER,Escalade Platinum,420.0HP 6.2L 8 Cylinder Engine Gasoline Fuel
Lexus,2015,"62,600 mi.",Gasoline,Transmission w/Dual Shift Mode,None reported,Yes,"$27,500",306.0,3.5,V6,Model 3 Standard Range Plus,Electric Motor Electric Fuel System
Mercedes-Benz,2014,"84,450 mi.",Gasoline,7-Speed A/T,None reported,Yes,"$19,000",302.0,3.5,V6,M3 Base,425.0HP 3.0L Straight 6 Cylinder Engine Gasoline Fuel
Audi,2022,"18,099 mi.",Hybrid,Automatic,None reported,No,"$40,798",333.0,2.0,V6,Cruze LT,138.0HP 1.4L 4 Cylinder Engine Gasoline Fuel
Mercedes-Benz,2014,"76,500 mi.",Gasoline,7-Speed A/T,None reported,Yes,"$17,999",302.0,3.5,V6,Challenger SRT8,425.0HP 6.1L 8 Cylinder Engine Gasoline Fuel
Chevrolet,2017,"74,000 mi.",Gasoline,A/T,None reported,Yes,"$19,800",275.0,2.0,4 CYLINDER,Sprinter 2500,161.0HP 2.1L 4 Cylinder Engine Diesel Fuel
RAM,2022,"15,607 mi.",Gasoline,8-Speed Automatic,None reported,No,"$45,999",395.0,5.7,V8,F-350 Platinum,450.0HP 6.7L 8 Cylinder Engine Diesel Fuel
Chevrolet,2014,"111,095 mi.",E85 Flex Fuel,6-Speed A/T,At least 1 accident or damage reported,Yes,"$26,000",355.0,5.3,8 CYLINDER,Tahoe LTZ,355.0HP 5.3L 8 Cylinder Engine Gasoline Fuel
Toyota,2007,"37,216 mi.",Gasoline,A/T,At least 1 accident or damage reported,Yes,"$14,995",210.0,3.3,V6,Q7 3.0T Prestige,333.0HP 3.0L V6 Cylinder Engine Gasoline Fuel
Jaguar,2015,"25,786 mi.",Gasoline,8-Speed A/T,None reported,Yes,"$38,500",380.0,3.0,V6,Patriot Latitude,158.0HP 2.0L 4 Cylinder Engine Gasoline Fuel
Jeep,2021,"15,520 mi.",Gasoline,8-Speed Automatic,None reported,Yes,"$40,459",285.0,3.6,V6,QX70 Base,325.0HP 3.7L V6 Cylinder Engine Gasoline Fuel
RAM,2021,"49,583 mi.",Gasoline,8-Speed Automatic,None reported,No,"$42,816",350.0,5.7,V8,X5 xDrive35i,300.0HP 3.0L Straight 6 Cylinder Engine Gasoline Fuel
Porsche,2015,"97,300 mi.",Diesel,8-Speed A/T,None reported,Yes,"$29,995",240.0,3.0,V6,Model 3,Electric
Chevrolet,2002,"89,000 mi.",Gasoline,A/T,None reported,Yes,"$10,400",200.0,3.8,V6,Rover Range Rover P400 SE LWB 7 Seat,395.0HP 3.0L Straight 6 Cylinder Engine Gasoline/Mild Electric Hybrid
Porsche,2015,"52,111 mi.",Gasoline,8-Speed A/T,At least 1 accident or damage reported,Yes,"$37,500",420.0,3.6,V6,240SX Base,–
Dodge,2019,"75,800 mi.",Gasoline,Automatic,None reported,No,"$35,998",357.5,6.4,V6,ATS 2.5L,202.0HP 2.5L 4 Cylinder Engine Gasoline Fuel
Lexus,2010,"113,500 mi.",Gasoline,A/T,At least 1 accident or damage reported,Yes,"$11,000",272.0,3.5,V6,RAV4 Base,179.0HP 2.5L 4 Cylinder Engine Gasoline Fuel
Audi,2015,"155,382 mi.",Gasoline,A/T,At least 1 accident or damage reported,Yes,"$13,500",200.0,2.0,4 CYLINDER,TSX Technology,201.0HP 2.4L 4 Cylinder Engine Gasoline Fuel
Mercedes-Benz,2016,"49,643 mi.",Gasoline,7-Speed A/T,At least 1 accident or damage reported,Yes,"$33,995",402.0,4.7,8 CYLINDER,G-Class G 550 4MATIC,416.0HP 4.0L 8 Cylinder Engine Gasoline Fuel
BMW,2015,"76,474 mi.",Gasoline,Transmission w/Dual Shift Mode,None reported,Yes,"$32,000",445.0,4.4,8 CYLINDER,Civic Sport,158.0HP 2.0L 4 Cylinder Engine Gasoline Fuel
Porsche,2016,"10,431 mi.",Gasoline,7-Speed A/T,None reported,Yes,"$50,999",275.0,2.7,6 CYLINDER,M3 Base,414.0HP 4.0L 8 Cylinder Engine Gasoline Fuel
INFINITI,2009,"190,120 mi.",Gasoline,7-Speed A/T,At least 1 accident or damage reported,Yes,"$12,500",390.0,5.0,8 CYLINDER,M3 Base,414.0HP 4.0L 8 Cylinder Engine Gasoline Fuel
Ford,2020,"92,000 mi.",Gasoline,10-Speed A/T,None reported,Yes,"$29,999",375.0,3.5,V6,Cube 1.8 S,122.0HP 1.8L 4 Cylinder Engine Gasoline Fuel
Chevrolet,2017,"24,000 mi.",Gasoline,6-Speed M/T,None reported,Yes,"$32,000",335.0,3.6,V6,ProMaster 3500 Tradesman,280.0HP 3.6L V6 Cylinder Engine Gasoline Fuel
RAM,2020,"25,396 mi.",Gasoline,8-Speed Automatic,None reported,Yes,"$43,250",350.0,5.7,V8,RDX Base,279.0HP 3.5L V6 Cylinder Engine Gasoline Fuel
Chevrolet,2001,"167,000 mi.",Gasoline,4-Speed A/T,At least 1 accident or damage reported,Yes,"$6,500",300.0,6.0,8 CYLINDER,4Runner Limited,270.0HP 4.0L V6 Cylinder Engine Gasoline Fuel
RAM,2022,"18,645 mi.",Gasoline,Automatic,None reported,Yes,"$49,700",395.0,5.7,V8,1500 Limited,395.0HP 5.7L 8 Cylinder Engine Gasoline Fuel
Porsche,2018,"28,470 mi.",Gasoline,Transmission w/Dual Shift Mode,At least 1 accident or damage reported,Yes,"$147,500",540.0,3.8,6 CYLINDER,Corvette Base,350.0HP 5.7L 8 Cylinder Engine Gasoline Fuel
Ford,2016,"54,000 mi.",Gasoline,6-Speed A/T,None reported,Yes,"$23,999",300.0,3.7,V6,Rover Defender 110 SE,395.0HP 3.0L Straight 6 Cylinder Engine Gasoline/Mild Electric Hybrid
Hyundai,2003,"83,000 mi.",Gasoline,M/T,None reported,Yes,"$2,900",104.0,1.6,4 CYLINDER,Grand Cherokee Laredo,360.0HP 5.7L 8 Cylinder Engine Gasoline Fuel
Audi,2022,"10,071 mi.",Hybrid,Automatic,None reported,No,"$40,598",333.0,2.0,V6,S80 T6,281.0HP 3.0L Straight 6 Cylinder Engine Gasoline Fuel
Ford,2021,"43,329 mi.",Gasoline,10-Speed Automatic,None reported,Yes,"$43,642",350.0,3.5,V6,Cayenne S,400.0HP 4.8L 8 Cylinder Engine Gasoline Fuel
Lexus,2015,"51,400 mi.",Gasoline,8-Speed A/T,None reported,Yes,"$43,000",467.0,5.0,8 CYLINDER,CX-30 Select,2.5L I4 16V GDI DOHC
Chevrolet,2015,"153,800 mi.",E85 Flex Fuel,6-Speed A/T,At least 1 accident or damage reported,Yes,"$23,000",355.0,5.3,8 CYLINDER,Town & Country Touring,283.0HP 3.6L V6 Cylinder Engine Flex Fuel Capability
Land,2022,"9,000 mi.",Gasoline,A/T,None reported,Yes,"$115,000",575.0,5.0,8 CYLINDER,FX37 Base,325.0HP 3.7L V6 Cylinder Engine Gasoline Fuel
Dodge,2003,"10,800 mi.",Gasoline,6-Speed M/T,None reported,Yes,"$65,499",500.0,8.3,10 CYLINDER,FJ Cruiser Base,239.0HP 4.0L V6 Cylinder Engine Gasoline Fuel
RAM,2020,"10,458 mi.",Gasoline,8-Speed Automatic,None reported,Yes,"$48,815",395.0,5.7,V8,Silverado 1500 LT,355.0HP 5.3L 8 Cylinder Engine Gasoline Fuel
BMW,2014,"84,709 mi.",Gasoline,8-Speed A/T,None reported,Yes,"$13,800",240.0,2.0,4 CYLINDER,C-Class C 63 AMG,451.0HP 6.3L 8 Cylinder Engine Gasoline Fuel
Mercedes-Benz,2019,"33,500 mi.",Gasoline,9-Speed A/T,None reported,Yes,"$45,770",385.0,3.0,V6,428 Gran Coupe i xDrive,240.0HP 2.0L 4 Cylinder Engine Gasoline Fuel
BMW,2015,"98,000 mi.",Gasoline,Transmission w/Dual Shift Mode,None reported,Yes,"$32,999",425.0,3.0,6 CYLINDER,GX 460 Premium,301.0HP 4.6L 8 Cylinder Engine Gasoline Fuel
BMW,2008,"94,653 mi.",Gasoline,A/T,At least 1 accident or damage reported,Yes,"$7,300",360.0,4.8,8 CYLINDER,Panamera Edition,310.0HP 3.6L V6 Cylinder Engine Gasoline Fuel
Ford,2023,"9,281 mi.",Gasoline,A/T,None reported,Yes,"$85,000",395.0,3.5,V6,Escalade ESV Platinum,420.0HP 6.2L 8 Cylinder Engine Gasoline Fuel
Chevrolet,2023,"11,806 mi.",Gasoline,9-Speed A/T,None reported,Yes,"$47,000",310.0,3.6,V6,IS 350 Base,306.0HP 3.5L V6 Cylinder Engine Gasoline Fuel
Cadillac,2020,"48,613 mi.",Gasoline,A/T,At least 1 accident or damage reported,Yes,"$61,500",420.0,6.2,8 CYLINDER,E-Class E 350 4MATIC,302.0HP 3.5L V6 Cylinder Engine Gasoline Fuel
RAM,2023,"2,990 mi.",Diesel,A/T,At least 1 accident or damage reported,Yes,"$69,900",400.0,6.7,6 CYLINDER,Q5 S line Premium,2.0 Liter TFSI
Audi,2005,"124,747 mi.",Gasoline,Transmission w/Dual Shift Mode,None reported,Yes,"$6,900",180.0,1.8,4 CYLINDER,E-Class E 350 4MATIC,302.0HP 3.5L V6 Cylinder Engine Gasoline Fuel
RAM,2021,"24,000 mi.",Hybrid,A/T,None reported,Yes,"$42,000",350.0,5.7,8 CYLINDER,Camaro 1LT,275.0HP 2.0L 4 Cylinder Engine Gasoline Fuel
Mazda,2009,"113,000 mi.",Gasoline,6-Speed A/T,None reported,Yes,"$5,499",244.0,2.3,4 CYLINDER,1500 Laramie,5.7L V8 16V MPFI OHV
INFINITI,2017,"89,106 mi.",Gasoline,Transmission w/Dual Shift Mode,None reported,Yes,"$18,000",295.0,3.5,V6,Silverado 1500 1LZ,355.0HP 5.3L 8 Cylinder Engine Flex Fuel Capability
Ford,2017,"22,000 mi.",E85 Flex Fuel,6-Speed A/T,At least 1 accident or damage reported,Yes,"$53,000",385.0,6.2,8 CYLINDER,Camry Solara SLE,210.0HP 3.3L V6 Cylinder Engine Gasoline Fuel
Jeep,2022,"20,472 mi.",Gasoline,9-Speed Automatic,None reported,No,"$28,298",395.0,2.4,I4,F-TYPE S,380.0HP 3.0L V6 Cylinder Engine Gasoline Fuel
INFINITI,2023,"8,600 mi.",Gasoline,7-Speed A/T,None reported,No,"$78,990",400.0,5.6,8 CYLINDER,Gladiator Sport,3.6L V6 24V MPFI DOHC
Chevrolet,2022,"4,753 mi.",Gasoline,10-Speed A/T,None reported,Yes,"$57,000",395.0,5.3,8 CYLINDER,1500 Big Horn,5.7L V8 16V MPFI OHV
Hyundai,2010,"65,000 mi.",Gasoline,A/T,None reported,No,"$8,900",210.0,2.0,4 CYLINDER,Cayenne Diesel,240.0HP 3.0L V6 Cylinder Engine Diesel Fuel
Chevrolet,2021,"15,000 mi.",Gasoline,6-Speed M/T,None reported,Yes,"$43,500",455.0,6.2,8 CYLINDER,Camaro Base,200.0HP 3.8L V6 Cylinder Engine Gasoline Fuel
Chevrolet,1997,"229,000 mi.",Diesel,A/T,At least 1 accident or damage reported,Yes,"$19,500",180.0,6.5,8 CYLINDER,Cayenne S,420.0HP 3.6L V6 Cylinder Engine Gasoline Fuel
Audi,2014,"42,400 mi.",Diesel,8-Speed A/T,None reported,Yes,"$26,500",240.0,3.0,V6,Challenger R/T Scat Pack,6.4 Liter
Land,2023,"15,840 mi.",Gasoline,8-Speed A/T,None reported,Yes,"$69,900",296.0,2.0,4 CYLINDER,ES 350 Base,272.0HP 3.5L V6 Cylinder Engine Gasoline Fuel
Porsche,2016,"76,200 mi.",Gasoline,Transmission w/Dual Shift Mode,None reported,Yes,"$42,000",420.0,3.6,V6,Q3 2.0T Premium Plus,200.0HP 2.0L 4 Cylinder Engine Gasoline Fuel
Chevrolet,2019,"105,667 mi.",Gasoline,6-Speed A/T,None reported,Yes,"$39,000",355.0,5.3,8 CYLINDER,E-Class E 550,402.0HP 4.7L 8 Cylinder Engine Gasoline Fuel
Chevrolet,2019,"51,338 mi.",Gasoline,6-Speed A/T,None reported,Yes,"$49,900",355.0,5.3,8 CYLINDER,650 i xDrive,445.0HP 4.4L 8 Cylinder Engine Gasoline Fuel
Dodge,2016,"76,857 mi.",Gasoline,M/T,At least 1 accident or damage reported,Yes,"$8,100",160.0,2.0,4 CYLINDER,Cayman Base,275.0HP 2.7L Flat 6 Cylinder Engine Gasoline Fuel
Ford,2019,"80,200 mi.",E85 Flex Fuel,A/T,None reported,Yes,"$42,500",385.0,6.2,8 CYLINDER,FX50 Base,390.0HP 5.0L 8 Cylinder Engine Gasoline Fuel
Toyota,2002,"244,200 mi.",Gasoline,A/T,At least 1 accident or damage reported,Yes,"$3,950",240.0,4.7,8 CYLINDER,F-150 XLT,375.0HP 3.5L V6 Cylinder Engine Gasoline Fuel
Ford,2014,"38,560 mi.",Gasoline,6-Speed M/T,At least 1 accident or damage reported,Yes,"$28,500",420.0,5.0,8 CYLINDER,Camaro 2LT,335.0HP 3.6L V6 Cylinder Engine Gasoline Fuel
Chevrolet,2020,"12,500 mi.",Gasoline,Transmission w/Dual Shift Mode,None reported,Yes,"$84,999",490.0,6.2,8 CYLINDER,1500 Big Horn,5.7L V8 16V MPFI OHV
Hyundai,2016,"45,303 mi.",Gasoline,8-Speed A/T,None reported,Yes,"$20,999",348.0,3.8,V6,Silverado 2500 H/D,300.0HP 6.0L 8 Cylinder Engine Gasoline Fuel
Ford,2014,"110,000 mi.",Gasoline,6-Speed M/T,None reported,Yes,"$9,495",252.0,2.0,4 CYLINDER,1500 Laramie,5.7L V8 16V MPFI OHV
Cadillac,2011,"66,200 mi.",Gasoline,6-Speed A/T,None reported,Yes,"$16,499",270.0,3.0,V6,911 Turbo,540.0HP 3.8L Flat 6 Cylinder Engine Gasoline Fuel
Subaru,2003,"71,000 mi.",Gasoline,5-Speed M/T,None reported,Yes,"$14,900",165.0,2.5,4 CYLINDER,Mustang V6,300.0HP 3.7L V6 Cylinder Engine Gasoline Fuel
Toyota,2019,"81,301 mi.",Gasoline,8-Speed Automatic,None reported,Yes,"$30,275",270.0,3.5,V6,Accent GL,104.0HP 1.6L 4 Cylinder Engine Gasoline Fuel
Chevrolet,2019,"7,033 mi.",Gasoline,8-Speed A/T,None reported,Yes,"$63,900",460.0,6.2,8 CYLINDER,Q5 S line Premium Plus,2.0 Liter TFSI
Dodge,2020,"36,000 mi.",Gasoline,8-Speed A/T,None reported,Yes,"$62,000",475.0,6.4,8 CYLINDER,F-150 XLT,3.5L V6 24V PDI DOHC Twin Turbo
Acura,2010,"116,000 mi.",Gasoline,6-Speed M/T,At least 1 accident or damage reported,Yes,"$9,000",201.0,2.4,4 CYLINDER,RC F Base,467.0HP 5.0L 8 Cylinder Engine Gasoline Fuel
Chevrolet,2018,"42,780 mi.",Gasoline,Transmission w/Dual Shift Mode,At least 1 accident or damage reported,Yes,"$41,100",455.0,6.2,8 CYLINDER,Suburban 1500 LT,355.0HP 5.3L 8 Cylinder Engine Flex Fuel Capability
BMW,2014,"39,886 mi.",Gasoline,Transmission w/Dual Shift Mode,At least 1 accident or damage reported,Yes,"$26,000",315.0,3.0,6 CYLINDER,Rover Range Rover Sport SVR Carbon Edition,575.0HP 5.0L 8 Cylinder Engine Gasoline Fuel
Audi,2014,"151,400 mi.",Gasoline,Transmission w/Dual Shift Mode,None reported,Yes,"$15,400",333.0,3.0,V6,Viper SRT-10,500.0HP 8.3L 10 Cylinder Engine Gasoline Fuel
Alfa,2017,"48,000 mi.",Gasoline,A/T,None reported,Yes,"$20,500",280.0,2.0,4 CYLINDER,1500 Laramie,5.7L V8 16V MPFI OHV
Toyota,2023,"8,727 mi.",Gasoline,8-Speed Automatic,None reported,No,"$44,596",270.0,2.4,I4,328 i,240.0HP 2.0L 4 Cylinder Engine Gasoline Fuel
Rolls-Royce,2011,"79,000 mi.",Gasoline,8-Speed A/T,At least 1 accident or damage reported,Yes,"$80,300",563.0,6.6,12 CYLINDER,AMG C 43 AMG C 43 4MATIC,385.0HP 3.0L V6 Cylinder Engine Gasoline Fuel
Dodge,2020,"54,000 mi.",Gasoline,8-Speed A/T,None reported,Yes,"$34,000",372.0,5.7,8 CYLINDER,M4 Base,425.0HP 3.0L Straight 6 Cylinder Engine Gasoline Fuel
Porsche,2016,"110,000 mi.",Gasoline,A/T,At least 1 accident or damage reported,Yes,"$25,900",300.0,3.6,V6,750 i,360.0HP 4.8L 8 Cylinder Engine Gasoline Fuel
Chevrolet,2020,"49,688 mi.",electric,A/T,None reported,Yes,"$24,900",200.0,3.5,V6,Expedition Limited,440.0HP 3.5L V6 Cylinder Engine Gasoline Fuel
Mercedes-Benz,2020,"14,000 mi.",Gasoline,7-Speed A/T,None reported,Yes,"$48,000",208.0,2.0,4 CYLINDER,Traverse Premier,310.0HP 3.6L V6 Cylinder Engine Gasoline Fuel
Dodge,2023,"5,000 mi.",Gasoline,Transmission w/Dual Shift Mode,None reported,Yes,"$110,000",717.0,6.2,8 CYLINDER,E-Class D 2.5 Turbo,–
Chevrolet,2022,"11,597 mi.",Gasoline,Automatic,None reported,No,"$68,590",355.0,6.2,V8,Escalade Platinum,420.0HP 6.2L 8 Cylinder Engine Gasoline Fuel
Mercedes-Benz,2017,"86,101 mi.",Gasoline,A/T,At least 1 accident or damage reported,Yes,"$72,777",577.0,5.5,8 CYLINDER,3500 Tradesman,400.0HP 6.7L Straight 6 Cylinder Engine Diesel Fuel
Chevrolet,2017,"58,816 mi.",Gasoline,6-Speed Electronically Controlled Automatic with O,None reported,No,"$36,590",355.0,5.3,V8,TT 1.8L,180.0HP 1.8L 4 Cylinder Engine Gasoline Fuel
Lexus,2016,"77,856 mi.",Gasoline,6-Speed Automatic,None reported,Yes,"$30,919",301.0,3.5,V6,1500 Big Horn,395.0HP 5.7L 8 Cylinder Engine Gasoline/Mild Electric Hybrid
Lamborghini,2021,"20,069 mi.",Gasoline,8-Speed Automatic,None reported,No,"$229,900",641.0,4.0,V8,CX-7 Sport,244.0HP 2.3L 4 Cylinder Engine Gasoline Fuel
GMC,2015,"115,282 mi.",Gasoline,6-Speed Automatic,At least 1 accident or damage reported,Yes,"$12,433",355.0,3.6,V6,QX60 Base,295.0HP 3.5L V6 Cylinder Engine Gasoline Fuel
Porsche,2016,"30,700 mi.",Gasoline,7-Speed A/T,None reported,Yes,"$138,999",475.0,3.8,6 CYLINDER,F-250 Platinum,385.0HP 6.2L 8 Cylinder Engine Flex Fuel Capability
MINI,2003,"103,726 mi.",Gasoline,5-Speed M/T,At least 1 accident or damage reported,Yes,"$5,995",115.0,1.6,4 CYLINDER,Compass Limited,2.4L I4 16V MPFI SOHC
Mazda,2008,"39,800 mi.",Gasoline,Transmission w/Dual Shift Mode,None reported,Yes,"$13,250",158.0,2.0,4 CYLINDER,QX80 SENSORY,400.0HP 5.6L 8 Cylinder Engine Gasoline Fuel
Toyota,2019,"79,500 mi.",Gasoline,A/T,None reported,Yes,"$33,333",270.0,4.0,V6,Silverado 1500 Limited LT Trail Boss,355.0HP 5.3L 8 Cylinder Engine Gasoline Fuel
Toyota,2008,"165,520 mi.",Gasoline,A/T,At least 1 accident or damage reported,Yes,"$9,000",395.0,3.5,V6,Genesis Coupe 2.0T,210.0HP 2.0L 4 Cylinder Engine Gasoline Fuel
BMW,2014,"92,000 mi.",Gasoline,Transmission w/Dual Shift Mode,At least 1 accident or damage reported,Yes,"$24,000",445.0,4.4,8 CYLINDER,Camaro 1SS,455.0HP 6.2L 8 Cylinder Engine Gasoline Fuel
Hyundai,2023,"1,500 mi.",Gasoline,Transmission w/Dual Shift Mode,None reported,Yes,"$55,000",291.0,3.8,V6,Tahoe Base,180.0HP 6.5L 8 Cylinder Engine Diesel Fuel
Pontiac,2008,"38,100 mi.",Gasoline,5-Speed M/T,None reported,Yes,"$19,950",260.0,2.0,4 CYLINDER,A6 3.0 TDI Premium Plus,240.0HP 3.0L V6 Cylinder Engine Diesel Fuel
Land,2018,"42,125 mi.",Gasoline,Transmission w/Dual Shift Mode,None reported,Yes,"$38,999",237.0,2.0,4 CYLINDER,Rover Defender S,296.0HP 2.0L 4 Cylinder Engine Gasoline Fuel
Porsche,2014,"86,818 mi.",Diesel,Transmission w/Dual Shift Mode,None reported,Yes,"$33,500",240.0,3.0,V6,Cayenne S,420.0HP 3.6L V6 Cylinder Engine Gasoline Fuel
BMW,2023,"3,490 mi.",Gasoline,8-Speed A/T,None reported,Yes,"$95,580",503.0,3.0,6 CYLINDER,Suburban Premier,355.0HP 5.3L 8 Cylinder Engine Gasoline Fuel
Toyota,2008,"111,300 mi.",Gasoline,Transmission w/Dual Shift Mode,None reported,Yes,"$7,900",395.0,3.5,V6,Suburban Premier,355.0HP 5.3L 8 Cylinder Engine Gasoline Fuel
BMW,2011,"98,200 mi.",Gasoline,7-Speed A/T,None reported,Yes,"$27,000",414.0,4.0,8 CYLINDER,Dart SE,160.0HP 2.0L 4 Cylinder Engine Gasoline Fuel
Porsche,2018,"42,500 mi.",Gasoline,8-Speed A/T,At least 1 accident or damage reported,Yes,"$53,999",330.0,3.0,V6,F-250 Lariat,385.0HP 6.2L 8 Cylinder Engine Flex Fuel Capability
Jeep,2001,"171,000 mi.",Gasoline,5-Speed M/T,At least 1 accident or damage reported,Yes,"$15,000",181.0,4.0,6 CYLINDER,Sequoia SR5,240.0HP 4.7L 8 Cylinder Engine Gasoline Fuel
Honda,2023,"11,649 mi.",Gasoline,9-Speed A/T,None reported,No,"$39,999",280.0,3.5,V6,Mustang GT,420.0HP 5.0L 8 Cylinder Engine Gasoline Fuel
Mercedes-Benz,2013,"24,933 mi.",Gasoline,Transmission w/Dual Shift Mode,At least 1 accident or damage reported,Yes,"$40,250",429.0,4.6,8 CYLINDER,Corvette Stingray w/2LT,490.0HP 6.2L 8 Cylinder Engine Gasoline Fuel
Audi,2007,"99,769 mi.",Gasoline,6-Speed M/T,None reported,Yes,"$29,995",420.0,4.2,8 CYLINDER,Genesis Coupe 3.8 Base,348.0HP 3.8L V6 Cylinder Engine Gasoline Fuel
Toyota,2022,"16,156 mi.",Gasoline,8-Speed Automatic,None reported,No,"$39,390",395.0,3.5,V6,Focus ST Base,252.0HP 2.0L 4 Cylinder Engine Gasoline Fuel
Mercedes-Benz,2008,"67,250 mi.",Gasoline,A/T,None reported,Yes,"$11,900",268.0,3.5,V6,CTS Luxury,270.0HP 3.0L V6 Cylinder Engine Gasoline Fuel
GMC,2021,"30,022 mi.",Gasoline,A/T,At least 1 accident or damage reported,Yes,"$74,500",420.0,6.2,8 CYLINDER,Baja Base,165.0HP 2.5L 4 Cylinder Engine Gasoline Fuel
Porsche,2017,"42,596 mi.",Gasoline,Transmission w/Dual Shift Mode,None reported,Yes,"$78,000",440.0,2.9,V6,Highlander XLE,3.5L V6 24V PDI DOHC
Ford,2021,"33,705 mi.",Gasoline,10-Speed Automatic,At least 1 accident or damage reported,Yes,"$36,995",350.0,2.3,I4,Corvette Stingray Z51,460.0HP 6.2L 8 Cylinder Engine Gasoline Fuel
Land,2016,"63,300 mi.",Gasoline,8-Speed A/T,None reported,Yes,"$31,000",340.0,3.0,V6,Durango SRT,475.0HP 6.4L 8 Cylinder Engine Gasoline Fuel
Acura,2023,"4,700 mi.",Gasoline,10-Speed A/T,None reported,Yes,"$52,000",355.0,3.0,V6,TSX 2.4,201.0HP 2.4L 4 Cylinder Engine Gasoline Fuel
Toyota,2020,"27,256 mi.",Gasoline,6 Speed At/Mt,None reported,No,"$42,998",270.0,3.5,V6,Camaro 2SS,455.0HP 6.2L 8 Cylinder Engine Gasoline Fuel
Hummer,2010,"107,481 mi.",Gasoline,A/T,None reported,Yes,"$13,500",239.0,3.7,5 CYLINDER,640 Gran Coupe i,315.0HP 3.0L Straight 6 Cylinder Engine Gasoline Fuel
Tesla,2018,"61,700 mi.",electric,A/T,None reported,Yes,"$25,900",271.0,3.5,V6,S5 3.0T Premium Plus,333.0HP 3.0L V6 Cylinder Engine Gasoline Fuel
Jeep,2017,"128,000 mi.",Gasoline,5-Speed A/T,None reported,Yes,"$26,800",285.0,3.6,V6,Romeo Giulia Base,280.0HP 2.0L 4 Cylinder Engine Gasoline Fuel
Chevrolet,2018,"26,000 mi.",Gasoline,8-Speed A/T,None reported,Yes,"$39,000",455.0,6.2,8 CYLINDER,Highlander XLE,2.4L I4 16V PDI DOHC Turbo
Audi,2015,"74,000 mi.",Gasoline,7-Speed A/T,None reported,Yes,"$29,950",420.0,4.0,8 CYLINDER,Ghost Base,563.0HP 6.6L 12 Cylinder Engine Gasoline Fuel
Audi,2012,"54,900 mi.",Gasoline,6-Speed M/T,None reported,No,"$28,900",360.0,2.5,5 CYLINDER,Challenger R/T,372.0HP 5.7L 8 Cylinder Engine Gasoline Fuel
INFINITI,2012,"141,775 mi.",Gasoline,Transmission w/Dual Shift Mode,None reported,Yes,"$11,500",400.0,5.6,8 CYLINDER,Cayenne Base,300.0HP 3.6L V6 Cylinder Engine Gasoline Fuel
Volkswagen,2001,"63,250 mi.",Gasoline,4-Speed A/T,None reported,Yes,"$12,000",115.0,2.0,4 CYLINDER,Bolt EV LT,200.0HP Electric Motor Electric Fuel System
Audi,2022,"13,895 mi.",Hybrid,Automatic,None reported,No,"$44,998",333.0,2.0,V6,Metris Base,208.0HP 2.0L 4 Cylinder Engine Gasoline Fuel
Lamborghini,2017,"10,654 mi.",Gasoline,Automatic,None reported,No,"$449,991",750.0,6.5,V12,Charger SRT Hellcat Widebody,717.0HP 6.2L 8 Cylinder Engine Gasoline Fuel
Ford,2014,"35,900 mi.",E85 Flex Fuel,Transmission w/Dual Shift Mode,At least 1 accident or damage reported,Yes,"$27,900",385.0,6.2,8 CYLINDER,Silverado 1500 ZR2,6.2L V8 16V GDI OHV
GMC,2022,"48,306 mi.",Gasoline,10-Speed Automatic,At least 1 accident or damage reported,Yes,"$71,999",355.0,6.2,V8,AMG S 63 Base 4MATIC,577.0HP 5.5L 8 Cylinder Engine Gasoline Fuel
Audi,2012,"125,000 mi.",Gasoline,8-Speed A/T,None reported,Yes,"$10,500",211.0,2.0,4 CYLINDER,Silverado 1500 LT,5.3L V8 16V GDI OHV
Mazda,2021,"45,303 mi.",Gasoline,6-Speed Automatic,None reported,No,"$25,382",186.0,2.5,I4,RC 350 Base,3.5L V6 24V PDI DOHC
Lexus,2016,"53,900 mi.",Gasoline,A/T,None reported,Yes,"$27,500",268.0,3.5,V6,Urus Base,4.0L V8 32V GDI DOHC Twin Turbo
Jeep,2008,"54,000 mi.",Gasoline,A/T,None reported,Yes,"$20,000",202.0,3.8,V6,Acadia SLE-1,3.6L V6 24V GDI DOHC
Chevrolet,2007,"129,000 mi.",Gasoline,A/T,None reported,Yes,"$17,950",366.0,6.0,8 CYLINDER,911 GT3,475.0HP 3.8L Flat 6 Cylinder Engine Gasoline Fuel
Jeep,2022,"10,232 mi.",Gasoline,Automatic,None reported,Yes,"$44,646",285.0,3.6,V6,Cooper Base,115.0HP 1.6L 4 Cylinder Engine Gasoline Fuel
Acura,2023,"3,708 mi.",Gasoline,Automatic,None reported,No,"$58,998",279.5,3.5,V6,MX-5 Miata Sport,158.0HP 2.0L 4 Cylinder Engine Gasoline Fuel
Nissan,2018,"167,000 mi.",Gasoline,A/T,None reported,No,"$14,500",284.0,3.5,V6,4Runner TRD Off Road,270.0HP 4.0L V6 Cylinder Engine Gasoline Fuel
Tesla,2019,"37,000 mi.",electric,1-Speed A/T,None reported,Yes,"$58,000",518.0,3.5,V6,Highlander Limited,270.0HP 3.5L V6 Cylinder Engine Gasoline Fuel
Subaru,2022,"10,419 mi.",Gasoline,Variable,At least 1 accident or damage reported,No,"$24,998",265.0,2.0,V6,650 Gran Coupe i,445.0HP 4.4L 8 Cylinder Engine Gasoline Fuel
Audi,2014,"96,238 mi.",Gasoline,Transmission w/Dual Shift Mode,At least 1 accident or damage reported,Yes,"$22,500",420.0,4.0,8 CYLINDER,Palisade Calligraphy,291.0HP 3.8L V6 Cylinder Engine Gasoline Fuel
Subaru,2022,"12,700 mi.",Gasoline,CVT Transmission,None reported,Yes,"$38,500",395.0,2.4,4 CYLINDER,Solstice GXP,260.0HP 2.0L 4 Cylinder Engine Gasoline Fuel
Chevrolet,2007,"244,000 mi.",E85 Flex Fuel,A/T,None reported,Yes,"$16,900",320.0,5.3,8 CYLINDER,Rover Range Rover Evoque SE Premium,237.0HP 2.0L 4 Cylinder Engine Gasoline Fuel
Porsche,2015,"124,000 mi.",Gasoline,8-Speed A/T,None reported,Yes,"$25,000",420.0,3.6,V6,Cayenne Diesel,240.0HP 3.0L V6 Cylinder Engine Diesel Fuel
BMW,2009,"123,000 mi.",Gasoline,A/T,None reported,Yes,"$15,000",300.0,3.0,6 CYLINDER,M3 Competition xDrive,503.0HP 3.0L Straight 6 Cylinder Engine Gasoline Fuel
GMC,2022,"24,900 mi.",Gasoline,8-Speed A/T,None reported,Yes,"$49,900",395.0,2.7,4 CYLINDER,Avalon Limited,268.0HP 3.5L V6 Cylinder Engine Gasoline Fuel
Ford,2016,"95,500 mi.",Gasoline,Transmission w/Dual Shift Mode,None reported,Yes,"$20,000",365.0,3.5,V6,M3 Base,414.0HP 4.0L 8 Cylinder Engine Gasoline Fuel
Cadillac,2021,"4,283 mi.",Gasoline,10-Speed Automatic,None reported,Yes,"$479,995",400.0,6.2,V8,Panamera Base,330.0HP 3.0L V6 Cylinder Engine Gasoline Fuel
Lexus,2021,"48,300 mi.",Gasoline,A/T,None reported,Yes,"$82,000",383.0,5.7,8 CYLINDER,Wrangler Sport,181.0HP 4.0L Straight 6 Cylinder Engine Gasoline Fuel
BMW,2008,"94,000 mi.",Gasoline,6-Speed M/T,None reported,Yes,"$25,999",414.0,4.0,8 CYLINDER,Passport TrailSport,280.0HP 3.5L V6 Cylinder Engine Gasoline Fuel
Nissan,2011,"183,000 mi.",Gasoline,A/T,At least 1 accident or damage reported,Yes,"$12,000",261.0,4.0,V6,SL-Class SL 550,429.0HP 4.6L 8 Cylinder Engine Gasoline Fuel
Ford,2013,"126,225 mi.",Hybrid,CVT Transmission,At least 1 accident or damage reported,Yes,"$11,500",188.0,2.0,4 CYLINDER,RS 4 Base,420.0HP 4.2L 8 Cylinder Engine Gasoline Fuel
Volkswagen,2016,"87,892 mi.",Gasoline,6-Speed M/T,None reported,Yes,"$16,000",210.0,2.0,4 CYLINDER,Avalon Limited,3.5L V6 24V PDI DOHC
Cadillac,2012,"45,000 mi.",Gasoline,6-Speed A/T,None reported,Yes,"$41,500",556.0,6.2,8 CYLINDER,E-Class E 350 4MATIC,268.0HP 3.5L V6 Cylinder Engine Gasoline Fuel
Aston,2022,"1,023 mi.",Gasoline,8-Speed A/T,None reported,Yes,"$156,900",503.0,4.0,8 CYLINDER,Yukon Denali,420.0HP 6.2L 8 Cylinder Engine Gasoline Fuel
Lexus,2015,"106,000 mi.",Gasoline,A/T,None reported,Yes,"$37,500",301.0,4.6,8 CYLINDER,Panamera 4S,440.0HP 2.9L V6 Cylinder Engine Gasoline Fuel
GMC,2019,"51,300 mi.",Gasoline,6-Speed A/T,At least 1 accident or damage reported,Yes,"$25,500",193.0,2.5,4 CYLINDER,Explorer XLT,2.3L I4 16V GDI DOHC Turbo
Ford,2021,"30,176 mi.",Gasoline,8-Speed Automatic,None reported,Yes,"$28,979",350.0,1.5,I3,Rover LR4 HSE LUX Landmark Edition,340.0HP 3.0L V6 Cylinder Engine Gasoline Fuel
Nissan,2021,"27,598 mi.",Gasoline,9-Speed Automatic,None reported,No,"$39,884",284.0,5.6,V8,TLX Type S w/Performance Tire,355.0HP 3.0L V6 Cylinder Engine Gasoline Fuel
Volkswagen,2012,"107,000 mi.",Gasoline,A/T,None reported,Yes,"$9,499",170.0,2.5,5 CYLINDER,Tacoma Base,3.5 Liter
Land,2019,"17,500 mi.",Gasoline,8-Speed A/T,None reported,Yes,"$65,000",518.0,5.0,8 CYLINDER,H3 Base,239.0HP 3.7L 5 Cylinder Engine Gasoline Fuel
RAM,2017,"117,878 mi.",Diesel,Transmission w/Dual Shift Mode,None reported,Yes,"$42,000",395.0,6.7,6 CYLINDER,Model 3 Long Range,271.0HP Electric Motor Electric Fuel System
Nissan,2010,"138,700 mi.",Gasoline,CVT Transmission,At least 1 accident or damage reported,Yes,"$7,000",265.0,3.5,V6,850 Turbo,–
Cadillac,2009,"152,068 mi.",E85 Flex Fuel,6-Speed A/T,At least 1 accident or damage reported,Yes,"$12,350",403.0,6.2,8 CYLINDER,Wrangler Unlimited Sahara,285.0HP 3.6L V6 Cylinder Engine Gasoline Fuel
BMW,2016,"77,000 mi.",Gasoline,Transmission w/Dual Shift Mode,At least 1 accident or damage reported,Yes,"$26,999",240.0,2.0,4 CYLINDER,Camaro 2SS,455.0HP 6.2L 8 Cylinder Engine Gasoline Fuel
Ford,2017,"26,000 mi.",Gasoline,6-Speed M/T,None reported,Yes,"$37,000",350.0,2.3,4 CYLINDER,S6 4.0T,420.0HP 4.0L 8 Cylinder Engine Gasoline Fuel
Lexus,2014,"131,200 mi.",Hybrid,A/T,None reported,Yes,"$14,000",134.0,1.8,4 CYLINDER,TT RS Base,360.0HP 2.5L 5 Cylinder Engine Gasoline Fuel
Buick,2017,"83,280 mi.",Gasoline,6-Speed Automatic,None reported,No,"$20,599",328.0,3.6,V6,QX56 Base,400.0HP 5.6L 8 Cylinder Engine Gasoline Fuel
BMW,2015,"59,000 mi.",Gasoline,6-Speed M/T,None reported,Yes,"$53,500",425.0,3.0,6 CYLINDER,New Beetle GLS,115.0HP 2.0L 4 Cylinder Engine Gasoline Fuel
Volkswagen,2020,"15,500 mi.",Gasoline,8-Speed A/T,None reported,Yes,"$30,000",268.0,2.0,4 CYLINDER,Q5 S line Premium Plus,2.0 Liter TFSI
BMW,2013,"90,000 mi.",Gasoline,8-Speed A/T,None reported,Yes,"$19,950",300.0,3.0,6 CYLINDER,Aventador LP750-4 Superveloce,"6.5L V-12 DOHC, variable valve control, premium unleaded, engine"
INFINITI,2006,"94,000 mi.",Gasoline,Transmission w/Dual Shift Mode,At least 1 accident or damage reported,Yes,"$10,995",280.0,3.5,V6,F-250 XL,385.0HP 6.2L 8 Cylinder Engine Flex Fuel Capability
Hummer,2008,"63,750 mi.",Gasoline,6-Speed A/T,At least 1 accident or damage reported,Yes,"$55,000",393.0,6.2,8 CYLINDER,Yukon XL Denali,6.2L V8 16V GDI OHV
Mercedes-Benz,2011,"95,500 mi.",Gasoline,A/T,At least 1 accident or damage reported,Yes,"$15,990",228.0,3.0,V6,A4 2.0T Premium,211.0HP 2.0L 4 Cylinder Engine Gasoline Fuel
Acura,2019,"37,900 mi.",Gasoline,A/T,None reported,Yes,"$26,000",201.0,2.4,4 CYLINDER,Challenger SRT 392,–
Porsche,2015,"13,250 mi.",Gasoline,7-Speed A/T,None reported,Yes,"$154,900",475.0,3.8,6 CYLINDER,Model S P100D,Electric Motor Electric Fuel System
RAM,2019,"76,249 mi.",Gasoline,8-Speed Automatic,At least 1 accident or damage reported,No,"$40,995",395.0,5.7,V8,CX-30 Premium Package,2.5L I4 16V GDI DOHC
BMW,2001,"81,000 mi.",Gasoline,6-Speed M/T,None reported,Yes,"$39,000",333.0,3.2,6 CYLINDER,ES 350 Base,268.0HP 3.5L V6 Cylinder Engine Gasoline Fuel
Chevrolet,2022,"37,806 mi.",Gasoline,10-Speed A/T,None reported,Yes,"$60,894",355.0,5.3,8 CYLINDER,Wrangler Sahara,202.0HP 3.8L V6 Cylinder Engine Gasoline Fuel
Dodge,2010,"151,544 mi.",Gasoline,5-Speed A/T,At least 1 accident or damage reported,Yes,"$17,700",355.0,5.7,8 CYLINDER,Avalanche 1500 LTZ,366.0HP 6.0L 8 Cylinder Engine Gasoline Fuel
Chevrolet,2012,"60,345 mi.",Gasoline,6-Speed A/T,None reported,Yes,"$26,950",400.0,6.2,8 CYLINDER,Grand Cherokee L Laredo,3.6L V6 24V MPFI DOHC
Dodge,2010,"90,305 mi.",Gasoline,A/T,None reported,Yes,"$12,000",250.0,3.5,V6,MDX w/Advance Package,3.5 Liter SOHC
Jeep,2022,"13,275 mi.",Gasoline,8-Speed Automatic,None reported,No,"$42,599",395.0,3.6,V6,Pathfinder SL,284.0HP 3.5L V6 Cylinder Engine Gasoline Fuel
Chevrolet,2018,"8,660 mi.",Gasoline,8-Speed A/T,None reported,Yes,"$45,000",455.0,6.2,8 CYLINDER,Model X Long Range,518.0HP Electric Motor Electric Fuel System
Ford,2021,"28,220 mi.",Diesel,10-Speed A/T,None reported,Yes,"$73,600",475.0,6.7,8 CYLINDER,Impreza Premium,"2L H-4 gasoline direct injection, DOHC, variable valve control,"
Ford,2015,"97,700 mi.",Diesel,6-Speed A/T,None reported,Yes,"$39,950",440.0,6.7,8 CYLINDER,A8 4.0T,420.0HP 4.0L 8 Cylinder Engine Gasoline Fuel
Chevrolet,2023,"4,200 mi.",Gasoline,A/T,None reported,Yes,"$98,000",490.0,6.2,8 CYLINDER,Ascent Limited 7-Passenger,260.0HP 2.4L 4 Cylinder Engine Gasoline Fuel
Bentley,2020,"27,404 mi.",Gasoline,Automatic,None reported,No,"$199,991",580.0,4.0,V8,Avalanche 1500 LT,320.0HP 5.3L 8 Cylinder Engine Flex Fuel Capability
Lincoln,2016,"100,000 mi.",Gasoline,Transmission w/Dual Shift Mode,None reported,Yes,"$24,000",240.0,2.0,4 CYLINDER,Cayenne S,420.0HP 3.6L V6 Cylinder Engine Gasoline Fuel
Ford,2001,"333,361 mi.",Diesel,A/T,At least 1 accident or damage reported,Yes,"$17,000",395.0,7.3,8 CYLINDER,335 i,300.0HP 3.0L Straight 6 Cylinder Engine Gasoline Fuel
Land,2018,"63,295 mi.",Gasoline,8-Speed A/T,None reported,Yes,"$29,993",340.0,3.0,V6,Sierra 1500 Limited Elevation,310.0HP 2.7L 4 Cylinder Engine Gasoline Fuel
Land,2022,"3,000 mi.",Gasoline,8-Speed A/T,None reported,Yes,"$96,500",518.0,5.0,8 CYLINDER,Explorer Sport,365.0HP 3.5L V6 Cylinder Engine Gasoline Fuel
Chevrolet,2014,"102,604 mi.",E85 Flex Fuel,6-Speed A/T,None reported,Yes,"$25,500",355.0,5.3,8 CYLINDER,Escalade ESV Sport,6.2L V8 16V GDI OHV
Mercedes-Benz,2017,"39,800 mi.",Gasoline,7-Speed A/T,None reported,Yes,"$99,000",563.0,5.5,8 CYLINDER,LX 570 Three-Row,383.0HP 5.7L 8 Cylinder Engine Gasoline Fuel
Ford,2019,"124,000 mi.",E85 Flex Fuel,6-Speed A/T,None reported,Yes,"$40,100",385.0,6.2,8 CYLINDER,M3 Base,414.0HP 4.0L 8 Cylinder Engine Gasoline Fuel
Tesla,2022,"12,080 mi.",electric,A/T,None reported,Yes,"$36,750",271.0,3.5,V6,Xterra Pro-4X,261.0HP 4.0L V6 Cylinder Engine Gasoline Fuel
Lexus,2018,"39,300 mi.",Gasoline,Transmission w/Dual Shift Mode,None reported,Yes,"$69,500",383.0,5.7,8 CYLINDER,Fusion Hybrid SE Hybrid,188.0HP 2.0L 4 Cylinder Engine Gas/Electric Hybrid
INFINITI,2019,"51,000 mi.",Gasoline,CVT Transmission,At least 1 accident or damage reported,Yes,"$29,000",295.0,3.5,V6,Golf GTI 2.0T SE 4-Door,210.0HP 2.0L 4 Cylinder Engine Gasoline Fuel
Rivian,2023,250 mi.,electric,1-Speed A/T,None reported,No,"$97,500",835.0,3.5,V6,CTS-V Base,556.0HP 6.2L 8 Cylinder Engine Gasoline Fuel
Land,2017,"67,000 mi.",Gasoline,8-Speed A/T,None reported,Yes,"$35,999",340.0,3.0,V6,Martin Vantage Base,503.0HP 4.0L 8 Cylinder Engine Gasoline Fuel
INFINITI,2014,"95,400 mi.",Gasoline,A/T,None reported,No,"$14,195",265.0,3.5,V6,GX 460 Base,301.0HP 4.6L 8 Cylinder Engine Gasoline Fuel
Hyundai,2013,"136,991 mi.",Gasoline,6-Speed A/T,None reported,Yes,"$11,000",198.0,2.4,4 CYLINDER,Acadia SLT-1,193.0HP 2.5L 4 Cylinder Engine Gasoline Fuel
Toyota,2022,"3,959 mi.",Gasoline,10-Speed A/T,None reported,Yes,"$55,000",395.0,3.4,V6,Bronco Sport Big Bend,1.5L I3 12V PDI DOHC Turbo
Jeep,2020,"47,500 mi.",Gasoline,A/T,None reported,Yes,"$31,000",395.0,3.6,V6,Titan SV,5.6L V8 32V GDI DOHC
Ford,2005,"176,691 mi.",Diesel,A/T,At least 1 accident or damage reported,Yes,"$13,000",325.0,6.0,8 CYLINDER,Jetta SportWagen SE,170.0HP 2.5L 5 Cylinder Engine Gasoline Fuel
Tesla,2021,"33,000 mi.",electric,1-Speed A/T,None reported,Yes,"$55,000",455.0,3.5,V6,Rover Range Rover 5.0L V8 Supercharged,518.0HP 5.0L 8 Cylinder Engine Gasoline Fuel
Mercedes-Benz,2014,"34,600 mi.",Gasoline,Transmission w/Dual Shift Mode,None reported,Yes,"$27,500",402.0,4.7,8 CYLINDER,2500 Laramie,350.0HP 6.7L Straight 6 Cylinder Engine Diesel Fuel
RAM,2014,"84,500 mi.",Gasoline,A/T,None reported,Yes,"$34,000",410.0,6.4,8 CYLINDER,Murano SL,265.0HP 3.5L V6 Cylinder Engine Gasoline Fuel
Kia,2022,"36,100 mi.",Hybrid,6-Speed A/T,None reported,Yes,"$37,500",227.0,1.6,4 CYLINDER,Escalade ESV Base,403.0HP 6.2L 8 Cylinder Engine Flex Fuel Capability
Hyundai,2015,"92,225 mi.",Gasoline,A/T,At least 1 accident or damage reported,Yes,"$17,000",311.0,3.8,V6,428 i xDrive SULEV,240.0HP 2.0L 4 Cylinder Engine Gasoline Fuel
Jeep,2020,"17,500 mi.",Gasoline,9-Speed A/T,None reported,Yes,"$25,695",180.0,2.4,4 CYLINDER,Focus RS Base,350.0HP 2.3L 4 Cylinder Engine Gasoline Fuel
Ford,2011,"114,323 mi.",Gasoline,6-Speed A/T,None reported,Yes,"$6,000",175.0,2.5,4 CYLINDER,CT 200h Premium,134.0HP 1.8L 4 Cylinder Engine Gas/Electric Hybrid
Toyota,2014,"92,000 mi.",Gasoline,A/T,None reported,Yes,"$27,500",260.0,4.0,V6,Enclave Leather,3.6L V6 24V GDI DOHC
BMW,2018,"29,025 mi.",Gasoline,Automatic,None reported,No,"$29,998",335.0,2.0,V6,M3 Base,425.0HP 3.0L Straight 6 Cylinder Engine Gasoline Fuel
Dodge,2021,"17,000 mi.",Gasoline,Transmission w/Dual Shift Mode,None reported,Yes,"$65,000",475.0,6.4,8 CYLINDER,Arteon 2.0T SEL R-Line,268.0HP 2.0L 4 Cylinder Engine Gasoline Fuel
Hyundai,2015,"96,476 mi.",Gasoline,6-Speed A/T,None reported,Yes,"$13,000",290.0,3.3,V6,X6 xDrive35i,300.0HP 3.0L Straight 6 Cylinder Engine Gasoline Fuel
Volkswagen,2021,"36,311 mi.",Gasoline,8-Speed Automatic,None reported,Yes,"$39,127",200.0,3.6,V6,G35 Base,280.0HP 3.5L V6 Cylinder Engine Gasoline Fuel
Land,2016,"56,842 mi.",Gasoline,Transmission w/Dual Shift Mode,None reported,Yes,"$35,000",510.0,5.0,8 CYLINDER,H2 Base,393.0HP 6.2L 8 Cylinder Engine Gasoline Fuel
Nissan,2021,"23,677 mi.",Gasoline,Automatic CVT,None reported,No,"$29,510",284.0,3.5,V6,C-Class C 300 4MATIC Luxury,228.0HP 3.0L V6 Cylinder Engine Gasoline Fuel
Buick,2020,"27,340 mi.",Gasoline,6-Speed Automatic,None reported,No,"$31,700",228.0,2.5,I4,ILX Premium Package,201.0HP 2.4L 4 Cylinder Engine Gasoline Fuel
Chevrolet,2020,"26,177 mi.",Gasoline,Automatic,None reported,No,"$41,986",355.0,5.3,V8,911 GT3,475.0HP 3.8L Flat 6 Cylinder Engine Gasoline Fuel
Pontiac,2009,"122,348 mi.",Gasoline,A/T,At least 1 accident or damage reported,Yes,"$10,000",260.0,2.0,4 CYLINDER,1500 Longhorn,5.7L V8 16V MPFI OHV
BMW,2015,"98,000 mi.",Gasoline,Transmission w/Dual Shift Mode,None reported,Yes,"$22,500",315.0,3.0,6 CYLINDER,M3 Base,333.0HP 3.2L Straight 6 Cylinder Engine Gasoline Fuel
MINI,2019,"18,997 mi.",Gasoline,Transmission w/Dual Shift Mode,None reported,Yes,"$26,750",189.0,2.0,4 CYLINDER,Suburban LT,355.0HP 5.3L 8 Cylinder Engine Gasoline Fuel
Porsche,2016,"40,350 mi.",Gasoline,7-Speed A/T,None reported,Yes,"$67,995",330.0,3.4,6 CYLINDER,Ram 2500 ST,355.0HP 5.7L 8 Cylinder Engine Gasoline Fuel
Ford,2011,"156,856 mi.",E85 Flex Fuel,6-Speed A/T,None reported,Yes,"$14,300",310.0,5.4,8 CYLINDER,Camaro 2SS,400.0HP 6.2L 8 Cylinder Engine Gasoline Fuel
Bentley,2022,"1,919 mi.",Gasoline,8-SPEED A/T,None reported,No,"$289,991",580.0,3.5,12 CYLINDER,Challenger SE,250.0HP 3.5L V6 Cylinder Engine Gasoline Fuel
BMW,2017,"61,773 mi.",Gasoline,Transmission w/Dual Shift Mode,None reported,Yes,"$46,000",567.0,4.4,8 CYLINDER,Grand Cherokee L Limited,3.6L V6 24V MPFI DOHC
Ford,2011,"74,500 mi.",Gasoline,6-Speed M/T,None reported,Yes,"$22,000",412.0,5.0,8 CYLINDER,Camaro 2SS,455.0HP 6.2L 8 Cylinder Engine Gasoline Fuel
Jeep,2016,"99,000 mi.",Gasoline,6-Speed A/T,At least 1 accident or damage reported,Yes,"$5,000",172.0,2.4,4 CYLINDER,F-350 Lariat,475.0HP 6.7L 8 Cylinder Engine Diesel Fuel
INFINITI,2008,"63,496 mi.",Gasoline,6-Speed M/T,None reported,Yes,"$15,000",330.0,3.7,V6,F-250 King Ranch,440.0HP 6.7L 8 Cylinder Engine Diesel Fuel
Ford,2022,"18,465 mi.",Gasoline,10-Speed A/T,None reported,Yes,"$47,500",400.0,3.5,V6,Corvette Stingray w/3LT,490.0HP 6.2L 8 Cylinder Engine Gasoline Fuel
Porsche,2007,"42,635 mi.",Gasoline,Transmission w/Dual Shift Mode,None reported,Yes,"$72,995",355.0,3.8,6 CYLINDER,Continental GT V8 First Edition,"4L V-8 gasoline direct injection, DOHC, variable valve control,"
INFINITI,2005,"99,000 mi.",Gasoline,6-Speed M/T,None reported,Yes,"$18,900",298.0,3.5,V6,MKC Reserve,240.0HP 2.0L 4 Cylinder Engine Gasoline Fuel
Chrysler,2013,"87,500 mi.",Gasoline,8-Speed A/T,None reported,Yes,"$13,750",292.0,3.6,V6,Excursion Limited,250.0HP 7.3L 8 Cylinder Engine Diesel Fuel
Toyota,2007,"138,000 mi.",Gasoline,5-Speed A/T,None reported,Yes,"$6,800",210.0,3.3,V6,Rover Discovery SE,340.0HP 3.0L V6 Cylinder Engine Gasoline Fuel
Lexus,2018,"70,891 mi.",Gasoline,Transmission w/Dual Shift Mode,None reported,Yes,"$28,995",260.0,3.5,V6,Rover Defender V8,518.0HP 5.0L 8 Cylinder Engine Gasoline Fuel
Buick,2020,"55,403 mi.",Gasoline,9-Speed A/T,At least 1 accident or damage reported,Yes,"$29,444",310.0,3.6,V6,Silverado 1500 2LT,355.0HP 5.3L 8 Cylinder Engine Flex Fuel Capability
BMW,2022,"3,213 mi.",Gasoline,8-Speed A/T,None reported,Yes,"$89,995",503.0,3.0,6 CYLINDER,AMG G 63 Base,563.0HP 5.5L 8 Cylinder Engine Gasoline Fuel
Pontiac,2005,"142,314 mi.",Gasoline,6-Speed M/T,At least 1 accident or damage reported,Yes,"$21,999",400.0,6.0,8 CYLINDER,F-250 XLT,385.0HP 6.2L 8 Cylinder Engine Flex Fuel Capability
Toyota,2013,"53,000 mi.",Gasoline,A/T,None reported,Yes,"$36,740",260.0,4.0,V6,Model 3 Base,271.0HP Electric Motor Electric Fuel System
Hyundai,2014,"120,250 mi.",Gasoline,A/T,None reported,Yes,"$7,500",145.0,1.8,4 CYLINDER,LX 570 Three-Row,383.0HP 5.7L 8 Cylinder Engine Gasoline Fuel
Porsche,2015,"72,329 mi.",Gasoline,7-Speed A/T,None reported,Yes,"$29,500",340.0,3.0,V6,QX60 Luxe,295.0HP 3.5L V6 Cylinder Engine Gasoline Fuel
Hummer,2007,"153,692 mi.",Gasoline,4-Speed A/T,None reported,Yes,"$9,995",242.0,3.7,5 CYLINDER,R1S Adventure Package,835.0HP Electric Motor Electric Fuel System
Ford,2018,"235,000 mi.",Gasoline,A/T,None reported,No,"$18,000",275.0,3.7,V6,Rover Range Rover Sport 3.0L Supercharged HSE,340.0HP 3.0L V6 Cylinder Engine Gasoline Fuel
Rivian,2022,"8,681 mi.",electric,A/T,None reported,Yes,"$82,000",835.0,3.5,V6,QX60 Base,265.0HP 3.5L V6 Cylinder Engine Gasoline Fuel
Audi,2012,"98,400 mi.",Gasoline,7-Speed A/T,None reported,Yes,"$18,000",333.0,3.0,V6,Sonata GLS,198.0HP 2.4L 4 Cylinder Engine Gasoline Fuel
Toyota,2023,"1,400 mi.",Gasoline,A/T,None reported,Yes,"$46,500",270.0,4.0,V6,Tundra Limited,389.0HP 3.4L V6 Cylinder Engine Gasoline Fuel
Tesla,2018,"32,000 mi.",electric,A/T,None reported,Yes,"$29,999",271.0,3.5,V6,Grand Cherokee Limited,293.0HP 3.6L V6 Cylinder Engine Gasoline Fuel
Ford,1997,"92,800 mi.",Gasoline,4-Speed A/T,None reported,Yes,"$9,000",210.0,5.8,8 CYLINDER,F-350 Lariat Crew Cab Super Duty DRW,325.0HP 6.0L 8 Cylinder Engine Diesel Fuel
Mercedes-Benz,2021,"75,151 mi.",Gasoline,A/T,None reported,Yes,"$130,000",416.0,4.0,8 CYLINDER,Model 3 Performance,455.0HP Electric Motor Electric Fuel System
Subaru,2008,"94,000 mi.",Gasoline,6-Speed M/T,None reported,Yes,"$12,500",243.0,2.5,4 CYLINDER,CLS-Class CLS 550,402.0HP 4.7L 8 Cylinder Engine Gasoline Fuel
Mercedes-Benz,2014,"67,350 mi.",Gasoline,7-Speed A/T,At least 1 accident or damage reported,Yes,"$18,700",302.0,3.5,V6,2500 SLT,410.0HP 6.4L 8 Cylinder Engine Gasoline Fuel
BMW,2001,"66,500 mi.",Gasoline,6-Speed M/T,None reported,Yes,"$21,000",333.0,3.2,6 CYLINDER,Sorento Hybrid EX,227.0HP 1.6L 4 Cylinder Engine Gas/Electric Hybrid
Mercedes-Benz,2014,"70,612 mi.",Gasoline,7-Speed A/T,None reported,Yes,"$14,500",201.0,1.8,4 CYLINDER,Genesis 3.8,311.0HP 3.8L V6 Cylinder Engine Gasoline Fuel
Toyota,2007,"112,630 mi.",Gasoline,5-Speed A/T,At least 1 accident or damage reported,Yes,"$11,500",395.0,3.5,V6,Compass Latitude,180.0HP 2.4L 4 Cylinder Engine Gasoline Fuel
Dodge,2014,"124,705 mi.",E85 Flex Fuel,A/T,None reported,Yes,"$6,499",283.0,3.6,V6,Fusion SE,175.0HP 2.5L 4 Cylinder Engine Gasoline Fuel
BMW,2018,"61,000 mi.",Gasoline,6-Speed M/T,At least 1 accident or damage reported,Yes,"$34,000",335.0,3.0,6 CYLINDER,FJ Cruiser Base,260.0HP 4.0L V6 Cylinder Engine Gasoline Fuel
RAM,2017,"157,272 mi.",Diesel,6-Speed A/T,At least 1 accident or damage reported,Yes,"$32,999",350.0,6.7,6 CYLINDER,430 Gran Coupe i xDrive,2.0 Liter DOHC T/C
Mercedes-Benz,2015,"84,000 mi.",Gasoline,7-Speed A/T,None reported,Yes,"$20,399",362.0,3.0,V6,Durango SRT 392,475.0HP 6.4L 8 Cylinder Engine Gasoline Fuel
Jeep,2020,"27,981 mi.",Gasoline,A/T,None reported,Yes,"$47,500",285.0,3.6,V6,Santa Fe GLS,290.0HP 3.3L V6 Cylinder Engine Gasoline Fuel
Bentley,2009,"18,000 mi.",Gasoline,A/T,None reported,Yes,"$63,000",552.0,6.0,12 CYLINDER,Atlas 3.6L SEL Premium,3.6L V6 24V GDI DOHC
Tesla,2019,"27,123 mi.",electric,A/T,None reported,Yes,"$38,200",425.0,3.5,V6,Rover Range Rover Sport 5.0L Supercharged Dynamic,510.0HP 5.0L 8 Cylinder Engine Gasoline Fuel
Chevrolet,2021,"3,053 mi.",Gasoline,Transmission w/Dual Shift Mode,None reported,Yes,"$83,900",490.0,6.2,8 CYLINDER,Murano SV,3.5L V6 24V MPFI DOHC
Audi,2015,"60,251 mi.",Gasoline,A/T,At least 1 accident or damage reported,Yes,"$19,000",272.0,3.0,V6,Envision Essence,2.5L I4 16V GDI DOHC
Mazda,2021,"5,093 mi.",Gasoline,6-Speed M/T,None reported,Yes,"$28,000",181.0,2.0,4 CYLINDER,Silverado 1500 RST,5.3L V8 16V GDI OHV
Bentley,2018,"31,875 mi.",Gasoline,8-Speed A/T,None reported,Yes,"$115,785",600.0,6.0,12 CYLINDER,Solstice GXP,260.0HP 2.0L 4 Cylinder Engine Gasoline Fuel
Mercedes-Benz,2005,"175,722 mi.",Gasoline,A/T,None reported,Yes,"$7,000",302.0,5.0,8 CYLINDER,640 Gran Coupe i xDrive,315.0HP 3.0L Straight 6 Cylinder Engine Gasoline Fuel
BMW,2015,"17,900 mi.",Gasoline,Transmission w/Dual Shift Mode,None reported,Yes,"$59,900",560.0,4.4,8 CYLINDER,Model 3 Standard Range Plus,Electric Motor Electric Fuel System
GMC,2015,"142,792 mi.",Gasoline,6-Speed A/T,None reported,Yes,"$22,999",355.0,5.3,8 CYLINDER,Countryman Cooper S,189.0HP 2.0L 4 Cylinder Engine Gasoline Fuel
BMW,2001,"53,814 mi.",Gasoline,5-Speed A/T,None reported,No,"$11,800",326.0,5.4,12 CYLINDER,Boxster GTS,330.0HP 3.4L Flat 6 Cylinder Engine Gasoline Fuel
Toyota,2010,"89,400 mi.",Gasoline,A/T,None reported,Yes,"$26,900",395.0,5.7,8 CYLINDER,Expedition EL King Ranch,310.0HP 5.4L 8 Cylinder Engine Flex Fuel Capability
Chrysler,2007,"86,000 mi.",Gasoline,5-Speed A/T,None reported,Yes,"$15,000",340.0,5.7,8 CYLINDER,Continental GT GT Speed,12 Cylinder Engine
smart,2008,"61,595 mi.",Gasoline,5-Speed A/T,None reported,Yes,"$5,000",70.0,1.0,3 CYLINDER,X5 M Base,567.0HP 4.4L 8 Cylinder Engine Gasoline Fuel
Toyota,2018,"74,000 mi.",E85 Flex Fuel,6-Speed A/T,At least 1 accident or damage reported,Yes,"$38,000",381.0,5.7,8 CYLINDER,Mustang GT Premium,412.0HP 5.0L 8 Cylinder Engine Gasoline Fuel
Hummer,2004,"130,000 mi.",Gasoline,4-Speed A/T,At least 1 accident or damage reported,Yes,"$16,500",316.0,6.0,8 CYLINDER,Compass Sport,172.0HP 2.4L 4 Cylinder Engine Gasoline Fuel
BMW,2015,"86,000 mi.",Gasoline,8-Speed A/T,At least 1 accident or damage reported,Yes,"$29,000",540.0,4.4,8 CYLINDER,G37 Sport,330.0HP 3.7L V6 Cylinder Engine Gasoline Fuel
Land,2008,"140,600 mi.",Gasoline,6-Speed A/T,None reported,Yes,"$7,500",390.0,4.2,8 CYLINDER,F-150 XLT,400.0HP 3.5L V6 Cylinder Engine Gasoline Fuel
Audi,2018,"27,532 mi.",Gasoline,7-Speed A/T,None reported,Yes,"$27,900",252.0,2.0,4 CYLINDER,911 Carrera 4S,355.0HP 3.8L Flat 6 Cylinder Engine Gasoline Fuel
Ford,2017,"91,000 mi.",E85 Flex Fuel,6-Speed A/T,None reported,Yes,"$12,500",160.0,2.0,4 CYLINDER,G35 Base,298.0HP 3.5L V6 Cylinder Engine Gasoline Fuel
Mercedes-Benz,2014,"63,000 mi.",Gasoline,7-Speed A/T,None reported,Yes,"$28,500",402.0,4.7,8 CYLINDER,300C Base,292.0HP 3.6L V6 Cylinder Engine Gasoline Fuel
Jeep,2022,"10,500 mi.",Plug-In Hybrid,8-Speed A/T,None reported,Yes,"$49,999",375.0,2.0,4 CYLINDER,Camry Solara SLE,210.0HP 3.3L V6 Cylinder Engine Gasoline Fuel
Mercedes-Benz,2014,"75,073 mi.",E85 Flex Fuel,7-Speed A/T,None reported,Yes,"$21,500",302.0,3.5,V6,IS 300 Base,260.0HP 3.5L V6 Cylinder Engine Gasoline Fuel
Jeep,2008,"140,000 mi.",Gasoline,A/T,At least 1 accident or damage reported,Yes,"$9,000",202.0,3.8,V6,Enclave Essence,310.0HP 3.6L V6 Cylinder Engine Gasoline Fuel
Mercedes-Benz,2019,"30,300 mi.",Gasoline,7-Speed A/T,None reported,Yes,"$30,500",188.0,2.0,4 CYLINDER,M4 Competition xDrive,503.0HP 3.0L Straight 6 Cylinder Engine Gasoline Fuel
Chevrolet,2009,"139,000 mi.",Gasoline,A/T,None reported,Yes,"$4,200",169.0,2.4,4 CYLINDER,GTO Base,400.0HP 6.0L 8 Cylinder Engine Gasoline Fuel
Hummer,2006,"118,000 mi.",Gasoline,A/T,None reported,Yes,"$17,900",220.0,3.5,5 CYLINDER,FJ Cruiser Base,260.0HP 4.0L V6 Cylinder Engine Gasoline Fuel
BMW,2015,"51,000 mi.",Plug-In Hybrid,Transmission w/Dual Shift Mode,None reported,Yes,"$53,000",357.0,1.5,3 CYLINDER,Elantra SE,145.0HP 1.8L 4 Cylinder Engine Gasoline Fuel
Cadillac,2009,"69,423 mi.",Gasoline,A/T,None reported,Yes,"$36,500",320.0,4.6,8 CYLINDER,Macan S,340.0HP 3.0L V6 Cylinder Engine Gasoline Fuel
Lincoln,2017,"52,284 mi.",Gasoline,6-Speed A/T,At least 1 accident or damage reported,Yes,"$12,500",240.0,2.0,4 CYLINDER,H3 Base,242.0HP 3.7L 5 Cylinder Engine Gasoline Fuel
Chevrolet,2006,"111,228 mi.",Gasoline,A/T,At least 1 accident or damage reported,Yes,"$4,000",195.0,4.3,V6,Model 3 Long Range,Electric Motor Electric Fuel System
Land,2019,"52,300 mi.",Gasoline,Transmission w/Dual Shift Mode,None reported,Yes,"$49,900",340.0,3.0,V6,Transit-350 Base,275.0HP 3.7L V6 Cylinder Engine Gasoline Fuel
Nissan,2021,"95,993 mi.",Gasoline,9-Speed Automatic,None reported,Yes,"$32,612",284.0,5.6,V8,R1T Launch Edition,835.0HP Electric Motor Electric Fuel System
Kia,2022,"26,716 mi.",Gasoline,Automatic,None reported,No,"$47,541",291.0,3.8,V6,S4 3.0 Prestige,333.0HP 3.0L V6 Cylinder Engine Gasoline Fuel
Chevrolet,2023,"39,517 mi.",Gasoline,10-Speed Automatic,At least 1 accident or damage reported,No,"$67,190",355.0,5.3,V8,4Runner SR5 Premium,270.0HP 4.0L V6 Cylinder Engine Gasoline Fuel
Ford,2019,"31,600 mi.",Gasoline,6-Speed M/T,None reported,Yes,"$41,000",460.0,5.0,8 CYLINDER,Model 3 Mid Range,271.0HP Electric Motor Electric Fuel System
BMW,2017,"83,298 mi.",Gasoline,A/T,None reported,Yes,"$18,300",248.0,2.0,4 CYLINDER,F-250 Base,210.0HP 5.8L 8 Cylinder Engine Gasoline Fuel
Land,2017,"95,212 mi.",Gasoline,8-Speed A/T,None reported,Yes,"$31,599",340.0,3.0,V6,G-Class G 550 4MATIC,416.0HP 4.0L 8 Cylinder Engine Gasoline Fuel
Porsche,2010,"61,600 mi.",Gasoline,7-Speed A/T,None reported,Yes,"$51,750",345.0,3.6,6 CYLINDER,Legacy 2.5 GT spec.B,243.0HP 2.5L 4 Cylinder Engine Gasoline Fuel
INFINITI,2011,"130,921 mi.",Gasoline,Transmission Overdrive Switch,None reported,Yes,"$12,000",400.0,5.6,8 CYLINDER,E-Class E 350,302.0HP 3.5L V6 Cylinder Engine Gasoline Fuel
RAM,2020,"41,000 mi.",Gasoline,8-Speed A/T,None reported,No,"$45,515",410.0,6.4,8 CYLINDER,M3 Base,333.0HP 3.2L Straight 6 Cylinder Engine Gasoline Fuel
BMW,2024,"1,500 mi.",Gasoline,A/T,None reported,Yes,"$90,000",335.0,3.0,6 CYLINDER,C-Class C 250 Sport,201.0HP 1.8L 4 Cylinder Engine Gasoline Fuel
MINI,2017,"79,950 mi.",Gasoline,A/T,None reported,Yes,"$17,390",189.0,2.0,4 CYLINDER,Sienna XLE Limited,266.0HP 3.5L V6 Cylinder Engine Gasoline Fuel
Cadillac,2021,"31,500 mi.",Gasoline,A/T,None reported,Yes,"$95,000",420.0,6.2,8 CYLINDER,Avenger SE,283.0HP 3.6L V6 Cylinder Engine Flex Fuel Capability
Audi,2017,"61,000 mi.",Gasoline,Transmission w/Dual Shift Mode,None reported,Yes,"$140,000",610.0,5.2,10 CYLINDER,M240 i,335.0HP 3.0L Straight 6 Cylinder Engine Gasoline Fuel
RAM,2021,"45,867 mi.",Gasoline,Automatic,None reported,Yes,"$43,449",350.0,6.4,V8,3500 SLT,350.0HP 6.7L Straight 6 Cylinder Engine Diesel Fuel
Porsche,2014,"22,700 mi.",Gasoline,7-Speed M/T,At least 1 accident or damage reported,Yes,"$85,500",350.0,3.4,6 CYLINDER,GL-Class GL 450 4MATIC,362.0HP 3.0L V6 Cylinder Engine Gasoline Fuel
Bentley,2009,"43,000 mi.",Gasoline,A/T,None reported,Yes,"$48,500",552.0,6.0,12 CYLINDER,Gladiator Rubicon,285.0HP 3.6L V6 Cylinder Engine Gasoline Fuel
Toyota,2015,"99,000 mi.",Gasoline,6-Speed A/T,None reported,Yes,"$27,000",310.0,4.6,8 CYLINDER,Continental GT Base,552.0HP 6.0L 12 Cylinder Engine Gasoline Fuel
Toyota,2006,"135,000 mi.",Gasoline,A/T,None reported,Yes,"$16,900",236.0,4.0,V6,Model 3 Long Range,425.0HP Electric Motor Electric Fuel System
Cadillac,2019,"46,000 mi.",Gasoline,8-Speed A/T,At least 1 accident or damage reported,Yes,"$29,000",265.0,2.0,4 CYLINDER,Corvette Stingray w/2LT,490.0HP 6.2L 8 Cylinder Engine Gasoline Fuel
Ford,2014,"79,615 mi.",Gasoline,6-Speed Automatic with Auto-Shift,None reported,Yes,"$10,995",350.0,2.0,I4,Q5 3.0T Premium Plus,272.0HP 3.0L V6 Cylinder Engine Gasoline Fuel
BMW,2021,"13,250 mi.",Gasoline,8-Speed Automatic,None reported,No,"$86,900",335.0,4.4,V8,MX-5 Miata Club,181.0HP 2.0L 4 Cylinder Engine Gasoline Fuel
Land,2019,"41,200 mi.",Gasoline,Transmission w/Dual Shift Mode,None reported,Yes,"$60,500",380.0,3.0,V6,Bentayga W12 Signature,600.0HP 6.0L 12 Cylinder Engine Gasoline Fuel
Cadillac,2016,"116,500 mi.",Gasoline,8-Speed A/T,At least 1 accident or damage reported,Yes,"$30,500",420.0,6.2,8 CYLINDER,S-Class S500,302.0HP 5.0L 8 Cylinder Engine Gasoline Fuel
Chevrolet,2018,"24,059 mi.",Gasoline,8-Speed A/T,None reported,Yes,"$87,150",650.0,6.2,8 CYLINDER,M6 Base,560.0HP 4.4L 8 Cylinder Engine Gasoline Fuel
Audi,2015,"118,500 mi.",E85 Flex Fuel,A/T,At least 1 accident or damage reported,Yes,"$15,400",220.0,2.0,4 CYLINDER,Yukon SLT,355.0HP 5.3L 8 Cylinder Engine Gasoline Fuel
BMW,2020,"15,097 mi.",Gasoline,Automatic,None reported,No,"$99,998",335.0,4.4,V6,750 iL,326.0HP 5.4L 12 Cylinder Engine Gasoline Fuel
Maserati,2018,"20,000 mi.",Gasoline,A/T,None reported,Yes,"$43,000",424.0,3.0,V6,Tundra Limited,381.0HP 5.7L 8 Cylinder Engine Gasoline Fuel
BMW,2020,"10,426 mi.",Gasoline,Automatic,None reported,No,"$30,798",335.0,2.0,V6,300C Base,340.0HP 5.7L 8 Cylinder Engine Gasoline Fuel
Ford,2023,"9,500 mi.",Gasoline,10-Speed A/T,At least 1 accident or damage reported,Yes,"$63,500",395.0,3.5,V6,ForTwo Pure,70.0HP 1.0L 3 Cylinder Engine Gasoline Fuel
Nissan,2006,"134,000 mi.",Gasoline,A/T,At least 1 accident or damage reported,Yes,"$8,500",265.0,4.0,V6,Tundra SR,381.0HP 5.7L 8 Cylinder Engine Flex Fuel Capability
Subaru,2022,"10,500 mi.",Gasoline,Transmission w/Dual Shift Mode,None reported,Yes,"$32,500",395.0,2.4,4 CYLINDER,H2 Base,316.0HP 6.0L 8 Cylinder Engine Gasoline Fuel
Chevrolet,2018,"53,100 mi.",Gasoline,6-Speed A/T,None reported,Yes,"$17,500",160.0,1.5,4 CYLINDER,ALPINA B7 Base,540.0HP 4.4L 8 Cylinder Engine Gasoline Fuel
Ford,2017,"80,134 mi.",E85 Flex Fuel,6-Speed Automatic with Auto-Shift,None reported,Yes,"$13,895",350.0,2.0,I4,Rover Range Rover Sport Supercharged,390.0HP 4.2L 8 Cylinder Engine Gasoline Fuel
Nissan,2021,"24,000 mi.",Gasoline,A/T,None reported,Yes,"$25,500",141.0,2.0,4 CYLINDER,A4 2.0T Tech Premium,252.0HP 2.0L 4 Cylinder Engine Gasoline Fuel
Volvo,2006,"61,000 mi.",Gasoline,6-Speed M/T,None reported,Yes,"$10,299",218.0,2.5,5 CYLINDER,Focus SE,160.0HP 2.0L 4 Cylinder Engine Flex Fuel Capability
Lincoln,2021,"19,700 mi.",Gasoline,A/T,None reported,Yes,"$48,000",335.0,2.7,V6,E-Class E 550 4MATIC,402.0HP 4.7L 8 Cylinder Engine Gasoline Fuel
Mercedes-Benz,2018,"28,182 mi.",Gasoline,7-Speed A/T,At least 1 accident or damage reported,Yes,"$84,500",469.0,4.0,8 CYLINDER,Wrangler Unlimited 4xe Sahara,375.0HP 2.0L 4 Cylinder Engine Plug-In Electric/Gas
Ford,2017,"59,500 mi.",Gasoline,A/T,At least 1 accident or damage reported,Yes,"$21,000",310.0,2.3,4 CYLINDER,M-Class ML 350 4MATIC,302.0HP 3.5L V6 Cylinder Engine Flex Fuel Capability
Ford,1999,"115,402 mi.",E85 Flex Fuel,A/T,None reported,Yes,"$8,000",152.0,3.0,V6,Wrangler Sahara,202.0HP 3.8L V6 Cylinder Engine Gasoline Fuel
GMC,2018,"85,500 mi.",Gasoline,A/T,At least 1 accident or damage reported,Yes,"$35,899",355.0,5.3,8 CYLINDER,A-Class A 220 4MATIC,188.0HP 2.0L 4 Cylinder Engine Gasoline Fuel
RAM,2020,"51,000 mi.",Gasoline,6-Speed A/T,None reported,Yes,"$44,900",350.0,6.4,8 CYLINDER,Malibu 1LT,169.0HP 2.4L 4 Cylinder Engine Gasoline Fuel
Tesla,2021,"17,500 mi.",electric,A/T,None reported,Yes,"$45,000",455.0,3.5,V6,H3 Base,220.0HP 3.5L 5 Cylinder Engine Gasoline Fuel
Lexus,2011,"132,000 mi.",Gasoline,A/T,None reported,Yes,"$9,999",272.0,3.5,V6,i8 Base,357.0HP 1.5L 3 Cylinder Engine Plug-In Electric/Gas
Jeep,2016,"67,882 mi.",Gasoline,Automatic,None reported,No,"$32,798",285.0,3.6,V6,XLR Base,320.0HP 4.6L 8 Cylinder Engine Gasoline Fuel
Volvo,2018,"62,000 mi.",Gasoline,8-Speed A/T,None reported,Yes,"$30,500",316.0,2.0,4 CYLINDER,MKZ Select,240.0HP 2.0L 4 Cylinder Engine Gasoline Fuel
Porsche,2016,"12,454 mi.",Gasoline,6-Speed M/T,None reported,Yes,"$210,000",500.0,4.0,6 CYLINDER,Silverado 1500 W/T,195.0HP 4.3L V6 Cylinder Engine Gasoline Fuel
BMW,2017,"27,965 mi.",Gasoline,7-Speed A/T,None reported,Yes,"$58,000",560.0,4.4,8 CYLINDER,Rover Range Rover Sport HSE,340.0HP 3.0L V6 Cylinder Engine Gasoline Fuel
Cadillac,2013,"119,000 mi.",E85 Flex Fuel,A/T,None reported,No,"$20,500",403.0,6.2,8 CYLINDER,Titan SL,5.6L V8 32V GDI DOHC
BMW,2018,"48,000 mi.",Gasoline,8-Speed A/T,None reported,Yes,"$32,000",300.0,3.0,6 CYLINDER,Telluride SX,"LAMBDA II 3.8L V-6 gasoline direct injection, DOHC, D-CVVT varia"
BMW,2020,"5,541 mi.",Gasoline,Automatic,None reported,No,"$56,598",335.0,3.0,V6,Tahoe RST,5.3L V8 16V GDI OHV
Mitsubishi,2018,"29,000 mi.",Gasoline,A/T,None reported,Yes,"$19,500",166.0,2.4,4 CYLINDER,Mustang GT Premium,460.0HP 5.0L 8 Cylinder Engine Gasoline Fuel
Dodge,2010,"131,100 mi.",E85 Flex Fuel,A/T,At least 1 accident or damage reported,Yes,"$12,995",310.0,4.7,8 CYLINDER,330 i,248.0HP 2.0L 4 Cylinder Engine Gasoline Fuel
Subaru,2015,"102,242 mi.",Gasoline,Manual,At least 1 accident or damage reported,No,"$11,498",265.0,2.0,V6,Rover Range Rover Sport 3.0L Supercharged HSE,340.0HP 3.0L V6 Cylinder Engine Gasoline Fuel
Mercedes-Benz,2016,"18,069 mi.",Gasoline,7-Speed A/T,None reported,Yes,"$79,999",523.0,6.0,12 CYLINDER,911 Carrera,345.0HP 3.6L Flat 6 Cylinder Engine Gasoline Fuel
Kia,2023,"13,000 mi.",Gasoline,A/T,None reported,Yes,"$31,900",181.0,2.5,4 CYLINDER,QX56 Base,400.0HP 5.6L 8 Cylinder Engine Gasoline Fuel
Porsche,2008,"51,000 mi.",Gasoline,Transmission w/Dual Shift Mode,At least 1 accident or damage reported,Yes,"$69,500",480.0,3.6,6 CYLINDER,2500 Tradesman,410.0HP 6.4L 8 Cylinder Engine Gasoline Fuel
Hummer,2007,"137,333 mi.",Gasoline,4-Speed A/T,At least 1 accident or damage reported,Yes,"$10,000",242.0,3.7,5 CYLINDER,840 i xDrive,335.0HP 3.0L Straight 6 Cylinder Engine Gasoline Fuel
Buick,2014,"125,559 mi.",Gasoline,A/T,At least 1 accident or damage reported,Yes,"$11,200",304.0,3.6,V6,Clubman Cooper S ALL4,189.0HP 2.0L 4 Cylinder Engine Gasoline Fuel
Chevrolet,2020,"88,161 mi.",Gasoline,Automatic,At least 1 accident or damage reported,Yes,"$48,889",355.0,6.2,V8,Escalade ESV Premium Luxury Platinum,420.0HP 6.2L 8 Cylinder Engine Gasoline Fuel
Toyota,2016,"101,900 mi.",Gasoline,5-Speed A/T,None reported,Yes,"$29,000",270.0,4.0,V6,R8 5.2 V10 plus,610.0HP 5.2L 10 Cylinder Engine Gasoline Fuel
Cadillac,2015,"159,500 mi.",Gasoline,6-Speed A/T,At least 1 accident or damage reported,Yes,"$18,800",420.0,6.2,8 CYLINDER,2500 Big Horn,6.4L V8 16V MPFI OHV
Subaru,2015,"68,860 mi.",Gasoline,CVT Transmission,At least 1 accident or damage reported,Yes,"$15,000",175.0,2.5,4 CYLINDER,911 Carrera 4,350.0HP 3.4L Flat 6 Cylinder Engine Gasoline Fuel
Tesla,2018,"43,000 mi.",electric,1-Speed A/T,At least 1 accident or damage reported,Yes,"$30,499",271.0,3.5,V6,Continental GT Base,552.0HP 6.0L 12 Cylinder Engine Gasoline Fuel
Ford,2017,"182,000 mi.",Gasoline,A/T,At least 1 accident or damage reported,Yes,"$16,500",365.0,3.5,V6,Tundra SR5,310.0HP 4.6L 8 Cylinder Engine Gasoline Fuel
Tesla,2022,"21,404 mi.",electric,A/T,None reported,Yes,"$49,500",425.0,3.5,V6,4Runner SR5,236.0HP 4.0L V6 Cylinder Engine Gasoline Fuel
Ford,2017,"81,000 mi.",Gasoline,Transmission w/Dual Shift Mode,None reported,Yes,"$27,000",395.0,3.5,V6,CTS 2.0L Turbo Luxury,265.0HP 2.0L 4 Cylinder Engine Gasoline Fuel
Chevrolet,2021,"62,257 mi.",Gasoline,8-Speed Automatic,None reported,No,"$42,590",355.0,5.3,V8,Focus SE,2.0L I4 16V GDI DOHC
BMW,2011,"82,000 mi.",Gasoline,7-Speed A/T,At least 1 accident or damage reported,Yes,"$20,000",320.0,3.0,6 CYLINDER,M5 Base,4.4L V8 32V GDI DOHC Twin Turbo
Ford,2012,"207,100 mi.",Gasoline,6-Speed A/T,At least 1 accident or damage reported,Yes,"$15,000",365.0,3.5,V6,Rover Range Rover 3.0L V6 Supercharged HSE,380.0HP 3.0L V6 Cylinder Engine Gasoline Fuel
Land,2023,450 mi.,Hybrid,8-Speed A/T,None reported,Yes,"$124,000",395.0,3.0,6 CYLINDER,Escalade ESV Luxury,420.0HP 6.2L 8 Cylinder Engine Gasoline Fuel
Porsche,2016,"77,945 mi.",Gasoline,A/T,At least 1 accident or damage reported,Yes,"$30,000",310.0,3.6,V6,NSX Base,–
Kia,2022,"15,583 mi.",Hybrid,6-Speed Automatic,None reported,No,"$40,599",244.0,1.6,I4,Corvette Z06,650.0HP 6.2L 8 Cylinder Engine Gasoline Fuel
BMW,2017,"37,100 mi.",Gasoline,8-Speed A/T,At least 1 accident or damage reported,Yes,"$26,125",335.0,3.0,6 CYLINDER,Q5 2.0T Premium Plus,220.0HP 2.0L 4 Cylinder Engine Flex Fuel Capability
Maserati,2006,"51,000 mi.",Gasoline,Transmission w/Dual Shift Mode,At least 1 accident or damage reported,Yes,"$18,000",394.0,4.2,8 CYLINDER,ALPINA B7 ALPINA B7 xDrive,4.4 Liter Twin Turbo
Ford,2017,"94,000 mi.",Gasoline,6-Speed A/T,None reported,Yes,"$26,000",325.0,2.7,V6,Ghibli S Q4,424.0HP 3.0L V6 Cylinder Engine Gasoline Fuel
Land,2003,"121,886 mi.",Gasoline,A/T,At least 1 accident or damage reported,Yes,"$6,000",217.0,4.6,8 CYLINDER,228 Gran Coupe i xDrive,2.0 Liter Turbo
Ford,2008,"157,500 mi.",Gasoline,5-Speed A/T,At least 1 accident or damage reported,Yes,"$15,000",300.0,5.4,8 CYLINDER,Expedition Limited,400.0HP 3.5L V6 Cylinder Engine Gasoline Fuel
Ford,2014,"138,415 mi.",Gasoline,A/T,At least 1 accident or damage reported,Yes,"$15,500",365.0,3.5,V6,Frontier SE Crew Cab,265.0HP 4.0L V6 Cylinder Engine Gasoline Fuel
Land,2012,"110,000 mi.",Gasoline,A/T,None reported,Yes,"$10,200",375.0,5.0,8 CYLINDER,BRZ Limited,228.0HP 2.4L 4 Cylinder Engine Gasoline Fuel
Cadillac,2023,"8,532 mi.",Diesel,10-Speed Automatic with Overdrive,None reported,No,"$109,900",400.0,3.0,I6,Malibu LT,160.0HP 1.5L 4 Cylinder Engine Gasoline Fuel
GMC,2021,"12,941 mi.",Gasoline,A/T,At least 1 accident or damage reported,Yes,"$51,500",355.0,5.3,8 CYLINDER,Focus SEL,2.0L I4 16V GDI DOHC Flexible Fuel
BMW,2009,"69,764 mi.",Gasoline,6-Speed M/T,None reported,Yes,"$19,500",300.0,3.0,6 CYLINDER,Rogue Sport S,141.0HP 2.0L 4 Cylinder Engine Gasoline Fuel
Porsche,2003,"90,000 mi.",Gasoline,6-Speed M/T,None reported,No,"$24,000",315.0,3.6,6 CYLINDER,C70 T5,218.0HP 2.5L 5 Cylinder Engine Gasoline Fuel
Audi,2022,"8,193 mi.",Hybrid,Automatic,None reported,No,"$42,598",333.0,2.0,V6,Nautilus Reserve,335.0HP 2.7L V6 Cylinder Engine Gasoline Fuel
Lexus,2020,"43,277 mi.",Gasoline,8-Speed Automatic,None reported,No,"$43,599",301.0,3.5,V6,AMG GT Base,469.0HP 4.0L 8 Cylinder Engine Gasoline Fuel
Audi,2018,"26,500 mi.",Gasoline,8-Speed A/T,At least 1 accident or damage reported,Yes,"$38,000",354.0,3.0,V6,Mustang EcoBoost Premium,310.0HP 2.3L 4 Cylinder Engine Gasoline Fuel
Chevrolet,2019,"36,021 mi.",Gasoline,Automatic,None reported,No,"$35,670",355.0,2.7,I4,Ranger XLT,152.0HP 3.0L V6 Cylinder Engine Flex Fuel Capability
Chevrolet,2019,"25,462 mi.",Gasoline,Automatic,None reported,No,"$36,139",355.0,3.6,V6,Yukon SLT,355.0HP 5.3L 8 Cylinder Engine Gasoline Fuel
Audi,2018,"35,850 mi.",Gasoline,7-Speed A/T,None reported,Yes,"$33,000",252.0,2.0,4 CYLINDER,2500 Big Horn,410.0HP 6.4L 8 Cylinder Engine Gasoline Fuel
Mazda,2008,"77,700 mi.",Gasoline,5-Speed M/T,None reported,Yes,"$6,300",156.0,2.3,4 CYLINDER,Model Y Performance,455.0HP Electric Motor Electric Fuel System
Jaguar,2021,"23,600 mi.",Hybrid,9-Speed A/T,None reported,Yes,"$42,999",296.0,2.0,4 CYLINDER,ES 350 Base,272.0HP 3.5L V6 Cylinder Engine Gasoline Fuel
Ferrari,2019,"8,870 mi.",Gasoline,7-Speed DCT Automatic,None reported,Yes,"$215,000",602.0,3.9,V8,Wrangler Rubicon Hard Rock,3.6 Liter
Toyota,2001,"122,000 mi.",Gasoline,5-Speed M/T,None reported,Yes,"$7,800",140.0,1.8,4 CYLINDER,XC90 T6 Momentum,316.0HP 2.0L 4 Cylinder Engine Gasoline Fuel
Ford,2003,"245,000 mi.",Diesel,A/T,At least 1 accident or damage reported,Yes,"$17,999",395.0,6.0,8 CYLINDER,911 R,500.0HP 4.0L Flat 6 Cylinder Engine Gasoline Fuel
Porsche,2022,"4,700 mi.",Gasoline,6-Speed M/T,None reported,Yes,"$134,000",414.0,4.0,6 CYLINDER,M6 Gran Coupe Base,560.0HP 4.4L 8 Cylinder Engine Gasoline Fuel
Subaru,2016,"84,100 mi.",Gasoline,M/T,None reported,Yes,"$34,000",305.0,2.5,4 CYLINDER,Escalade ESV Platinum Edition,403.0HP 6.2L 8 Cylinder Engine Flex Fuel Capability
Audi,2021,"33,000 mi.",Hybrid,A/T,None reported,Yes,"$40,000",248.0,2.0,4 CYLINDER,X5 xDrive35i,300.0HP 3.0L Straight 6 Cylinder Engine Gasoline Fuel
Mercedes-Benz,2018,"3,811 mi.",Gasoline,7-Speed A/T,None reported,Yes,"$148,500",577.0,4.0,8 CYLINDER,X5 xDrive40i,3.0 Liter Turbo
Acura,2021,"44,457 mi.",Gasoline,2,None reported,No,"$40,598",279.5,2.0,V6,Outlander SEL,166.0HP 2.4L 4 Cylinder Engine Gasoline Fuel
Audi,2013,"139,355 mi.",Gasoline,7-Speed A/T,None reported,Yes,"$20,900",333.0,3.0,V6,Ram 1500 ST,310.0HP 4.7L 8 Cylinder Engine Flex Fuel Capability
Lotus,2010,"9,100 mi.",Gasoline,6-Speed M/T,None reported,Yes,"$55,000",276.0,3.5,V6,Impreza 2.0i,"2L H-4 DOHC, variable valve control, regular unleaded, engine wi"
Mercedes-Benz,2019,"10,500 mi.",Gasoline,9-Speed A/T,None reported,Yes,"$77,900",463.0,4.0,8 CYLINDER,Maybach S S 600,523.0HP 6.0L 12 Cylinder Engine Gasoline Fuel
Chevrolet,2023,"5,006 mi.",Gasoline,10-Speed Automatic,None reported,No,"$59,590",355.0,5.3,V8,Sportage LX,187.0HP 2.5L 4 Cylinder Engine Gasoline Fuel
Hyundai,2013,"55,000 mi.",Gasoline,6-Speed M/T,None reported,No,"$18,000",260.0,2.0,4 CYLINDER,911 Turbo Cabriolet,480.0HP 3.6L Flat 6 Cylinder Engine Gasoline Fuel
BMW,2021,"33,500 mi.",Gasoline,8-Speed A/T,None reported,Yes,"$71,000",503.0,3.0,6 CYLINDER,H3 Base,242.0HP 3.7L 5 Cylinder Engine Gasoline Fuel
BMW,2014,"126,500 mi.",Gasoline,A/T,None reported,Yes,"$15,000",300.0,3.0,6 CYLINDER,LaCrosse Leather,304.0HP 3.6L V6 Cylinder Engine Gasoline Fuel
Land,2016,"79,000 mi.",Gasoline,9-Speed A/T,None reported,Yes,"$24,000",240.0,2.0,4 CYLINDER,Silverado 1500 High Country,6.2L V8 16V GDI OHV
Porsche,2018,"19,000 mi.",Gasoline,7-Speed A/T,None reported,Yes,"$145,000",450.0,3.0,6 CYLINDER,4Runner SR5,270.0HP 4.0L V6 Cylinder Engine Gasoline Fuel
RAM,2021,"57,000 mi.",Diesel,6-Speed A/T,None reported,Yes,"$52,000",400.0,6.7,6 CYLINDER,Escalade ESV Luxury,420.0HP 6.2L 8 Cylinder Engine Gasoline Fuel
BMW,2020,"4,880 mi.",Gasoline,Automatic,None reported,No,"$57,998",335.0,3.0,V6,Legacy 2.5i Premium,175.0HP 2.5L 4 Cylinder Engine Gasoline Fuel
Acura,2018,"6,523 mi.",Hybrid,9-Speed Automatic with Auto-Shift,None reported,No,"$143,900",279.5,3.5,V6,Model 3 Long Range,271.0HP Electric Motor Electric Fuel System
Mercedes-Benz,2005,"127,000 mi.",Gasoline,7-Speed A/T,None reported,Yes,"$14,000",302.0,5.0,8 CYLINDER,Expedition EL XLT,365.0HP 3.5L V6 Cylinder Engine Gasoline Fuel
Lexus,2002,"89,500 mi.",Gasoline,A/T,None reported,Yes,"$15,999",300.0,4.3,8 CYLINDER,Model Y Long Range,425.0HP Electric Motor Electric Fuel System
Chevrolet,2000,"97,000 mi.",Gasoline,A/T,None reported,Yes,"$27,500",200.0,4.3,V6,Expedition EL Limited,365.0HP 3.5L V6 Cylinder Engine Gasoline Fuel
Buick,2021,"31,181 mi.",Gasoline,9-Speed Automatic,At least 1 accident or damage reported,Yes,"$42,442",275.0,3.6,V6,Silverado 1500 LTZ,5.3L V8 16V GDI OHV
Lexus,2020,"16,425 mi.",Hybrid,Automatic CVT,At least 1 accident or damage reported,No,"$33,200",301.0,2.5,I4,X5 xDrive40e,Electric
Lexus,2022,"11,238 mi.",Gasoline,Automatic,None reported,No,"$54,798",301.0,3.5,V6,335 is,320.0HP 3.0L Straight 6 Cylinder Engine Gasoline Fuel
Chevrolet,2005,"97,146 mi.",E85 Flex Fuel,Transmission Overdrive Switch,At least 1 accident or damage reported,Yes,"$7,999",295.0,5.3,8 CYLINDER,F-150 XLT,365.0HP 3.5L V6 Cylinder Engine Gasoline Fuel
Mercedes-Benz,2015,"36,670 mi.",Gasoline,Automatic,None reported,No,"$39,998",362.0,3.0,V6,Rover Range Rover Sport P400 SE Dynamic,395.0HP 3.0L Straight 6 Cylinder Engine Gasoline/Mild Electric Hybrid
Chevrolet,2019,"44,800 mi.",Gasoline,6-Speed A/T,None reported,Yes,"$52,500",420.0,6.2,8 CYLINDER,Panamera Edition,310.0HP 3.6L V6 Cylinder Engine Gasoline Fuel
Ford,2015,"150,000 mi.",Gasoline,A/T,At least 1 accident or damage reported,Yes,"$17,100",310.0,3.5,V6,Sorento Plug-In Hybrid SX,1.6L I4 16V GDI DOHC Turbo Hybrid
INFINITI,2020,"38,400 mi.",Gasoline,A/T,None reported,Yes,"$32,100",295.0,3.5,V6,M240 i,335.0HP 3.0L Straight 6 Cylinder Engine Gasoline Fuel
Bentley,2008,"7,960 mi.",Gasoline,6-Speed A/T,None reported,Yes,"$81,500",552.0,6.0,12 CYLINDER,Quattroporte Base,394.0HP 4.2L 8 Cylinder Engine Gasoline Fuel
Nissan,2007,"117,000 mi.",Gasoline,A/T,At least 1 accident or damage reported,Yes,"$9,975",306.0,3.5,V6,F-150 XLT,325.0HP 2.7L V6 Cylinder Engine Gasoline Fuel
Rivian,2023,159 mi.,electric,A/T,None reported,Yes,"$95,500",533.0,3.5,V6,Rover Discovery S,217.0HP 4.6L 8 Cylinder Engine Gasoline Fuel
McLaren,2017,"30,200 mi.",Gasoline,Transmission w/Dual Shift Mode,None reported,Yes,"$139,000",562.0,3.8,8 CYLINDER,F-250 XLT Crew Cab Super Duty,300.0HP 5.4L 8 Cylinder Engine Gasoline Fuel
Nissan,2012,"91,545 mi.",Gasoline,CVT Transmission,None reported,Yes,"$8,999",175.0,2.5,4 CYLINDER,Taurus SHO,365.0HP 3.5L V6 Cylinder Engine Gasoline Fuel
Land,2015,"110,000 mi.",E85 Flex Fuel,A/T,At least 1 accident or damage reported,Yes,"$26,499",510.0,5.0,8 CYLINDER,Rover Range Rover Sport HSE,375.0HP 5.0L 8 Cylinder Engine Gasoline Fuel
BMW,2017,"105,100 mi.",Gasoline,8-Speed A/T,At least 1 accident or damage reported,Yes,"$23,300",300.0,3.0,6 CYLINDER,Escalade Sport,3.0L I6 24V DDI DOHC Turbo Diesel
INFINITI,2012,"110,000 mi.",Gasoline,Transmission w/Dual Shift Mode,None reported,Yes,"$15,600",400.0,5.6,8 CYLINDER,Sierra 1500 SLT,355.0HP 5.3L 8 Cylinder Engine Gasoline Fuel
Ford,2019,"81,778 mi.",Gasoline,Automatic,None reported,Yes,"$32,769",350.0,3.5,V6,335 i xDrive,300.0HP 3.0L Straight 6 Cylinder Engine Gasoline Fuel
Lexus,2010,"168,422 mi.",Hybrid,A/T,At least 1 accident or damage reported,Yes,"$10,900",245.0,3.5,V6,911 Carrera 4S,315.0HP 3.6L Flat 6 Cylinder Engine Gasoline Fuel
Maserati,2018,"80,500 mi.",Gasoline,8-Speed A/T,None reported,Yes,"$34,900",424.0,3.0,V6,Q5 S line Premium,2.0 Liter TFSI
Volvo,2018,"81,200 mi.",Gasoline,8-Speed A/T,At least 1 accident or damage reported,Yes,"$28,825",316.0,2.0,4 CYLINDER,RX 350 F Sport Performance,3.5L V6 24V PDI DOHC
Lamborghini,2020,"6,246 mi.",Gasoline,7-Speed Automatic with Auto-Shift,None reported,Yes,"$267,950",631.0,5.2,V10,S4 3.0T Premium Plus,354.0HP 3.0L V6 Cylinder Engine Gasoline Fuel
Jeep,2017,"20,172 mi.",Gasoline,Transmission w/Dual Shift Mode,None reported,Yes,"$47,500",285.0,3.6,V6,Silverado 1500 LT,2.7L I4 16V GDI DOHC Turbo
Hummer,2005,"145,000 mi.",Gasoline,4-Speed A/T,None reported,Yes,"$22,500",325.0,6.0,8 CYLINDER,Colorado Z71,3.6L V6 24V GDI DOHC
Ford,2009,"162,000 mi.",Gasoline,6-Speed A/T,At least 1 accident or damage reported,Yes,"$7,500",395.0,3.5,V6,A5 2.0T Prestige,252.0HP 2.0L 4 Cylinder Engine Gasoline Fuel
Porsche,2020,"13,554 mi.",Gasoline,6-Speed M/T,None reported,Yes,"$124,995",414.0,4.0,6 CYLINDER,Mazda3 s Sport,156.0HP 2.3L 4 Cylinder Engine Gasoline Fuel
Toyota,2007,"59,700 mi.",Gasoline,6-Speed A/T,None reported,Yes,"$9,500",268.0,3.5,V6,E-PACE 300 Sport,296.0HP 2.0L 4 Cylinder Engine Gasoline/Mild Electric Hybrid
Mercedes-Benz,2020,"30,930 mi.",Gasoline,7-Speed Automatic with Auto-Shift,None reported,No,"$28,900",362.0,2.0,I4,GTC4Lusso T,3.9L V8 32V GDI DOHC Twin Turbo
BMW,2009,"51,983 mi.",Gasoline,6-Speed M/T,None reported,Yes,"$19,999",300.0,3.0,6 CYLINDER,Celica GT,140.0HP 1.8L 4 Cylinder Engine Gasoline Fuel
Chevrolet,2022,"22,000 mi.",Gasoline,6-Speed M/T,None reported,Yes,"$50,000",455.0,6.2,8 CYLINDER,Excursion Limited 4WD,325.0HP 6.0L 8 Cylinder Engine Diesel Fuel
Volkswagen,2023,"16,800 mi.",electric,1-Speed A/T,None reported,Yes,"$45,000",295.0,3.5,V6,718 Spyder Base,414.0HP 4.0L Flat 6 Cylinder Engine Gasoline Fuel
Chevrolet,2022,"16,000 mi.",Diesel,A/T,At least 1 accident or damage reported,Yes,"$73,995",445.0,6.6,8 CYLINDER,WRX STI Base,305.0HP 2.5L 4 Cylinder Engine Gasoline Fuel
Nissan,2020,"22,295 mi.",Gasoline,Automatic CVT,None reported,No,"$23,599",284.0,2.5,I4,A6 45 Premium Plus,248.0HP 2.0L 4 Cylinder Engine Gasoline/Mild Electric Hybrid
Bentley,2020,"33,000 mi.",Gasoline,A/T,None reported,Yes,"$188,500",542.0,4.0,8 CYLINDER,Model S P100D,Electric
Toyota,2023,"1,025 mi.",Hybrid,10-Speed A/T,None reported,Yes,"$85,000",437.0,3.4,V6,AMG GT R,577.0HP 4.0L 8 Cylinder Engine Gasoline Fuel
Acura,2013,"89,190 mi.",Gasoline,6-Speed A/T,At least 1 accident or damage reported,Yes,"$15,499",305.0,3.7,V6,RDX PMC Edition,2.0 Liter Turbo
Toyota,2020,"53,550 mi.",Gasoline,8-Speed Automatic,None reported,Yes,"$39,687",395.0,3.5,V6,S4 3.0T Premium Plus,333.0HP 3.0L V6 Cylinder Engine Gasoline Fuel
Ford,2021,"56,946 mi.",Gasoline,8-Speed Automatic,None reported,Yes,"$26,299",350.0,2.0,I4,Evora Base,276.0HP 3.5L V6 Cylinder Engine Gasoline Fuel
Jaguar,2016,"11,684 mi.",Gasoline,8-Speed A/T,None reported,Yes,"$54,900",550.0,5.0,8 CYLINDER,S-Class S 560 4MATIC,463.0HP 4.0L 8 Cylinder Engine Gasoline Fuel
GMC,2018,"45,617 mi.",Gasoline,A/T,None reported,Yes,"$51,000",420.0,6.2,8 CYLINDER,Silverado 1500 RST,5.3L V8 16V GDI OHV
Chevrolet,2018,"75,466 mi.",Gasoline,6-Speed A/T,None reported,Yes,"$34,500",355.0,5.3,8 CYLINDER,Genesis Coupe 2.0T R-Spec,260.0HP 2.0L 4 Cylinder Engine Gasoline Fuel
Maserati,2021,"19,513 mi.",Gasoline,8-Speed Automatic,At least 1 accident or damage reported,Yes,"$84,645",405.0,3.8,V8,M3 Competition,503.0HP 3.0L Straight 6 Cylinder Engine Gasoline Fuel
Subaru,2021,"15,636 mi.",Gasoline,Automatic CVT,None reported,No,"$33,531",395.0,2.5,V6,435 i,300.0HP 3.0L Straight 6 Cylinder Engine Gasoline Fuel
Mercedes-Benz,2018,"69,600 mi.",Gasoline,9-Speed A/T,None reported,Yes,"$40,888",362.0,3.0,V6,Rover Range Rover Evoque HSE Dynamic,240.0HP 2.0L 4 Cylinder Engine Gasoline Fuel
Mercedes-Benz,2011,"138,050 mi.",Gasoline,A/T,None reported,Yes,"$16,500",335.0,4.7,8 CYLINDER,911 Targa 4 GTS,450.0HP 3.0L Flat 6 Cylinder Engine Gasoline Fuel
Ford,2017,"132,269 mi.",E85 Flex Fuel,A/T,None reported,Yes,"$35,900",385.0,6.2,8 CYLINDER,3500 Tradesman,400.0HP 6.7L Straight 6 Cylinder Engine Diesel Fuel
Hyundai,2020,"45,815 mi.",Gasoline,Transmission w/Dual Shift Mode,None reported,Yes,"$37,700",395.0,3.8,V6,X5 xDrive40i,3.0 Liter Turbo
Ford,2021,"25,352 mi.",Gasoline,10-Speed Automatic,None reported,Yes,"$48,459",350.0,3.5,V6,NSX Base,3.5L V6 24V PDI DOHC Twin Turbo Hybrid
Mercedes-Benz,2008,"120,000 mi.",Gasoline,7-Speed A/T,None reported,Yes,"$8,995",268.0,3.5,V6,SL-Class SL500 Roadster,302.0HP 5.0L 8 Cylinder Engine Gasoline Fuel
Chevrolet,2018,"75,151 mi.",Gasoline,6-Speed M/T,At least 1 accident or damage reported,Yes,"$45,000",455.0,6.2,8 CYLINDER,SC 430 Base,300.0HP 4.3L 8 Cylinder Engine Gasoline Fuel
Jeep,2016,"74,139 mi.",Gasoline,6-Speed M/T,None reported,Yes,"$23,000",285.0,3.6,V6,Silverado 1500 Base,200.0HP 4.3L V6 Cylinder Engine Gasoline Fuel
BMW,2012,"68,500 mi.",Gasoline,Transmission w/Dual Shift Mode,None reported,Yes,"$17,800",400.0,4.4,8 CYLINDER,Enclave Avenir,3.6L V6 24V GDI DOHC
Lexus,2020,"37,366 mi.",Gasoline,6-Speed Automatic,None reported,No,"$51,890",301.0,4.6,V8,NX 300h Base,2.5L I4 16V MPFI DOHC Hybrid
Tesla,2021,"35,315 mi.",electric,1-Speed A/T,None reported,Yes,"$66,900",670.0,3.5,V6,RX 350 RX 350 F SPORT Handling,3.5 Liter DOHC
Volkswagen,2017,"61,000 mi.",Gasoline,A/T,None reported,Yes,"$15,995",150.0,1.4,4 CYLINDER,Avalanche 1500 LS,295.0HP 5.3L 8 Cylinder Engine Flex Fuel Capability
Jeep,2022,"12,050 mi.",Gasoline,8-Speed Automatic,None reported,No,"$41,599",395.0,3.6,V6,SL-Class SL400,3.0 Liter
Jaguar,2001,"150,000 mi.",Gasoline,5-Speed A/T,At least 1 accident or damage reported,Yes,"$9,875",290.0,4.0,8 CYLINDER,Suburban Premier,420.0HP 6.2L 8 Cylinder Engine Gasoline Fuel
Porsche,2016,"46,200 mi.",Gasoline,Transmission w/Dual Shift Mode,At least 1 accident or damage reported,Yes,"$41,500",340.0,3.0,V6,Transit-350 Base,310.0HP 3.5L V6 Cylinder Engine Gasoline Fuel
Mercedes-Benz,2014,"88,000 mi.",Gasoline,A/T,None reported,Yes,"$15,500",302.0,3.5,V6,QX60 Luxe,295.0HP 3.5L V6 Cylinder Engine Gasoline Fuel
Mercedes-Benz,2015,"47,000 mi.",Gasoline,7-Speed A/T,None reported,Yes,"$30,089",362.0,3.0,V6,Continental GTC Base,552.0HP 6.0L 12 Cylinder Engine Gasoline Fuel
Land,2017,"50,340 mi.",Gasoline,8-Speed A/T,At least 1 accident or damage reported,Yes,"$47,000",380.0,3.0,V6,350Z Enthusiast,306.0HP 3.5L V6 Cylinder Engine Gasoline Fuel
Mercedes-Benz,2010,"67,800 mi.",Gasoline,7-Speed A/T,None reported,Yes,"$13,999",268.0,3.5,V6,R1S Adventure Package,533.0HP Electric Motor Electric Fuel System
Dodge,2002,"150,000 mi.",Gasoline,5-Speed M/T,At least 1 accident or damage reported,Yes,"$5,500",175.0,3.9,V6,570S Base,562.0HP 3.8L 8 Cylinder Engine Gasoline Fuel
Chevrolet,2018,"13,500 mi.",Gasoline,6-Speed M/T,At least 1 accident or damage reported,Yes,"$54,000",650.0,6.2,8 CYLINDER,Altima 2.5 SL,175.0HP 2.5L 4 Cylinder Engine Gasoline Fuel
Hummer,2007,"101,750 mi.",Gasoline,A/T,None reported,Yes,"$12,900",242.0,3.7,5 CYLINDER,Rover Range Rover 5.0L Supercharged,510.0HP 5.0L 8 Cylinder Engine Flex Fuel Capability
Honda,2022,"18,385 mi.",Gasoline,10-Speed A/T,None reported,Yes,"$37,950",280.0,3.5,V6,X5 xDrive35i,300.0HP 3.0L Straight 6 Cylinder Engine Gasoline Fuel
Nissan,2008,"123,500 mi.",Gasoline,5-Speed A/T,At least 1 accident or damage reported,Yes,"$13,500",306.0,3.5,V6,QX56 Base,400.0HP 5.6L 8 Cylinder Engine Gasoline Fuel
GMC,2017,"117,000 mi.",E85 Flex Fuel,6-Speed A/T,None reported,Yes,"$38,000",342.0,6.0,8 CYLINDER,F-150 XLT,3.5L V6 24V PDI DOHC Twin Turbo
Mercedes-Benz,2010,"86,121 mi.",Gasoline,7-Speed A/T,None reported,Yes,"$13,600",268.0,3.5,V6,RX 450h Base,245.0HP 3.5L V6 Cylinder Engine Gas/Electric Hybrid
Lexus,2020,"22,466 mi.",Gasoline,6-Speed A/T,None reported,Yes,"$45,900",301.0,4.6,8 CYLINDER,Ghibli S Q4 GranSport,424.0HP 3.0L V6 Cylinder Engine Gasoline Fuel
Nissan,2017,"80,000 mi.",Gasoline,7-Speed A/T,None reported,Yes,"$23,800",390.0,5.6,8 CYLINDER,XC90 T6 Momentum,316.0HP 2.0L 4 Cylinder Engine Gasoline Fuel
Chrysler,2020,"23,152 mi.",Gasoline,8-Speed A/T,None reported,Yes,"$28,250",292.0,3.6,V6,Huracan EVO Base,5.2L V10 40V GDI DOHC
Dodge,2006,"91,300 mi.",Gasoline,5-Speed A/T,None reported,Yes,"$9,200",350.0,5.7,8 CYLINDER,Wrangler Unlimited Rubicon,285.0HP 3.6L V6 Cylinder Engine Gasoline Fuel
Nissan,2020,"45,000 mi.",Gasoline,CVT Transmission,None reported,Yes,"$28,999",284.0,3.5,V6,H2 Base,325.0HP 6.0L 8 Cylinder Engine Gasoline Fuel
Rivian,2023,"1,885 mi.",electric,1-Speed A/T,None reported,Yes,"$93,500",835.0,3.5,V6,Flex Limited,262.0HP 3.5L V6 Cylinder Engine Gasoline Fuel
Ford,2018,"73,049 mi.",Gasoline,6-Speed Automatic,At least 1 accident or damage reported,Yes,"$30,510",350.0,3.5,V6,718 Cayman GT4,414.0HP 4.0L Flat 6 Cylinder Engine Gasoline Fuel
Nissan,2021,"7,250 mi.",Gasoline,9-Speed A/T,None reported,Yes,"$38,000",400.0,5.6,8 CYLINDER,Camry XLE,268.0HP 3.5L V6 Cylinder Engine Gasoline Fuel
Jaguar,2019,"44,000 mi.",Gasoline,A/T,None reported,Yes,"$29,000",246.0,2.0,4 CYLINDER,A-Class A 220 4MATIC,2.0L I4 16V GDI DOHC Turbo
Ford,2014,"85,500 mi.",Gasoline,Transmission w/Dual Shift Mode,None reported,Yes,"$26,900",411.0,6.2,8 CYLINDER,335 i,300.0HP 3.0L Straight 6 Cylinder Engine Gasoline Fuel
GMC,2021,"18,083 mi.",Gasoline,9-Speed Automatic,None reported,Yes,"$43,999",355.0,3.6,V6,Camaro 2SS,455.0HP 6.2L 8 Cylinder Engine Gasoline Fuel
Lamborghini,2005,"22,703 mi.",Gasoline,M/T,None reported,Yes,"$220,000",571.0,6.2,12 CYLINDER,ID.4 Pro S,295.0HP Electric Motor Electric Fuel System
Chevrolet,2011,"111,000 mi.",Gasoline,A/T,None reported,Yes,"$10,900",312.0,3.6,V6,Silverado 2500 High Country,445.0HP 6.6L 8 Cylinder Engine Diesel Fuel
GMC,2013,"115,000 mi.",Gasoline,6-Speed A/T,None reported,Yes,"$14,000",288.0,3.6,V6,Altima 2.5 SV,2.5L I4 16V GDI DOHC
Chevrolet,2021,"33,400 mi.",Gasoline,A/T,None reported,Yes,"$28,000",250.0,2.0,4 CYLINDER,Continental GT V8,542.0HP 4.0L 8 Cylinder Engine Gasoline Fuel
Toyota,2007,"136,000 mi.",Gasoline,A/T,None reported,Yes,"$12,500",273.0,4.7,8 CYLINDER,Sequoia Platinum,437.0HP 3.4L V6 Cylinder Engine Gas/Electric Hybrid
Lexus,2021,"26,800 mi.",Gasoline,8-Speed A/T,None reported,Yes,"$44,000",311.0,3.5,V6,TL Technology,305.0HP 3.7L V6 Cylinder Engine Gasoline Fuel
Tesla,2022,"30,000 mi.",electric,A/T,None reported,Yes,"$51,999",455.0,3.5,V6,Highlander Limited,3.5L V6 24V PDI DOHC
Dodge,2008,"251,634 mi.",Gasoline,A/T,None reported,Yes,"$10,500",425.0,6.1,8 CYLINDER,Edge SEL,2.0L I4 16V GDI DOHC Turbo
Chrysler,2005,"119,000 mi.",Gasoline,A/T,None reported,Yes,"$3,500",250.0,3.5,V6,F-TYPE R,550.0HP 5.0L 8 Cylinder Engine Gasoline Fuel
Cadillac,2021,"28,121 mi.",Gasoline,10-Speed Automatic,None reported,No,"$89,000",400.0,6.2,V8,Yukon XL Denali,420.0HP 6.2L 8 Cylinder Engine Gasoline Fuel
Chrysler,2009,"111,000 mi.",Gasoline,A/T,None reported,Yes,"$7,900",197.0,3.8,V6,Suburban LT,355.0HP 5.3L 8 Cylinder Engine Gasoline Fuel
Acura,2005,"199,296 mi.",Gasoline,A/T,None reported,Yes,"$4,900",270.0,3.2,V6,Levante GTS,3.8L V8 32V GDI DOHC Twin Turbo
Chevrolet,2023,202 mi.,Gasoline,Transmission w/Dual Shift Mode,None reported,Yes,"$179,000",670.0,5.5,8 CYLINDER,Outback Limited,2.5L H4 16V GDI DOHC
Tesla,2021,"11,200 mi.",electric,1-Speed A/T,None reported,Yes,"$47,500",455.0,3.5,V6,S-Class S 450,362.0HP 3.0L V6 Cylinder Engine Gasoline Fuel
Volvo,2020,"56,536 mi.",Gasoline,8-Speed Automatic,None reported,No,"$26,599",281.0,2.0,I4,GL-Class GL 450,335.0HP 4.7L 8 Cylinder Engine Gasoline Fuel
Chevrolet,2016,"49,600 mi.",Gasoline,8-Speed A/T,None reported,Yes,"$32,500",455.0,6.2,8 CYLINDER,F-250 Lariat,385.0HP 6.2L 8 Cylinder Engine Flex Fuel Capability
Acura,2023,"13,600 mi.",Gasoline,10-Speed A/T,None reported,Yes,"$65,000",355.0,3.0,V6,Palisade Limited,291.0HP 3.8L V6 Cylinder Engine Gasoline Fuel
Volkswagen,2007,"59,700 mi.",Gasoline,6-Speed A/T,None reported,Yes,"$10,000",200.0,2.0,4 CYLINDER,F-150 XLT,3.5L V6 24V PDI DOHC Twin Turbo
Dodge,2018,"19,000 mi.",Gasoline,Transmission w/Dual Shift Mode,None reported,Yes,"$44,888",485.0,6.4,8 CYLINDER,R-Class R 350 4MATIC,268.0HP 3.5L V6 Cylinder Engine Gasoline Fuel
Chevrolet,2002,"17,300 mi.",Gasoline,6-Speed M/T,None reported,Yes,"$33,999",405.0,5.7,8 CYLINDER,Camaro 2SS,455.0HP 6.2L 8 Cylinder Engine Gasoline Fuel
Mercedes-Benz,2014,"91,140 mi.",Gasoline,7-Speed A/T,None reported,Yes,"$13,500",208.0,2.0,4 CYLINDER,Wrangler Sport,285.0HP 3.6L V6 Cylinder Engine Gasoline Fuel
BMW,2015,"33,000 mi.",Gasoline,7-Speed A/T,None reported,Yes,"$65,000",560.0,4.4,8 CYLINDER,1500 Cheyenne,–
Jeep,2019,"52,775 mi.",Gasoline,8-Speed A/T,None reported,Yes,"$39,799",285.0,3.6,V6,XJ6 Vanden Plas,–
Mitsubishi,2011,"113,000 mi.",Gasoline,5-Speed M/T,None reported,Yes,"$5,800",148.0,2.0,4 CYLINDER,550 i xDrive,400.0HP 4.4L 8 Cylinder Engine Gasoline Fuel
Porsche,2022,"13,000 mi.",Gasoline,A/T,None reported,Yes,"$60,000",261.0,2.0,4 CYLINDER,GX 460 Luxury,4.6L V8 32V MPFI DOHC
Mercedes-Benz,2009,"77,925 mi.",Gasoline,Transmission w/Dual Shift Mode,None reported,Yes,"$16,500",268.0,3.5,V6,Model S Long Range,670.0HP Electric Motor Electric Fuel System
Mazda,2018,"15,175 mi.",Gasoline,6-Speed Automatic,At least 1 accident or damage reported,No,"$19,212",186.0,2.5,I4,Jetta 1.4T SE,150.0HP 1.4L 4 Cylinder Engine Gasoline Fuel
Audi,2017,"137,000 mi.",Gasoline,7-Speed A/T,None reported,Yes,"$10,995",186.0,2.0,4 CYLINDER,Grand Cherokee Limited,3.6L V6 24V MPFI DOHC
BMW,2015,"111,000 mi.",Gasoline,8-Speed A/T,At least 1 accident or damage reported,Yes,"$15,000",240.0,2.0,4 CYLINDER,XK8 Base,290.0HP 4.0L 8 Cylinder Engine Gasoline Fuel
Land,2019,"49,208 mi.",Gasoline,Transmission w/Dual Shift Mode,None reported,Yes,"$62,425",380.0,3.0,V6,Macan S,340.0HP 3.0L V6 Cylinder Engine Gasoline Fuel
Audi,2018,"44,000 mi.",Gasoline,8-Speed A/T,None reported,Yes,"$39,000",354.0,3.0,V6,E-Class E 350,302.0HP 3.5L V6 Cylinder Engine Gasoline Fuel
Porsche,2017,"26,000 mi.",Gasoline,A/T,None reported,Yes,"$45,500",300.0,2.0,4 CYLINDER,GL-Class GL 450 4MATIC,362.0HP 3.0L V6 Cylinder Engine Gasoline Fuel
Chevrolet,2020,"1,800 mi.",Gasoline,8-Speed A/T,None reported,Yes,"$76,000",490.0,6.2,8 CYLINDER,Rover Range Rover 3.0L Supercharged HSE,380.0HP 3.0L V6 Cylinder Engine Gasoline Fuel
Lamborghini,2021,"3,771 mi.",Gasoline,Automatic,None reported,No,"$259,991",650.0,4.0,V8,E-Class E 350 4MATIC,268.0HP 3.5L V6 Cylinder Engine Gasoline Fuel
Maserati,2012,"50,000 mi.",Gasoline,6-Speed A/T,None reported,Yes,"$26,497",425.0,4.7,8 CYLINDER,Dakota Sport,175.0HP 3.9L V6 Cylinder Engine Gasoline Fuel
Subaru,2018,"93,000 mi.",Gasoline,CVT Transmission,At least 1 accident or damage reported,Yes,"$16,000",152.0,2.0,4 CYLINDER,Camaro ZL1,650.0HP 6.2L 8 Cylinder Engine Gasoline Fuel
Mercedes-Benz,2020,"15,000 mi.",Gasoline,7-Speed A/T,None reported,Yes,"$129,000",550.0,4.0,8 CYLINDER,H3 Base,242.0HP 3.7L 5 Cylinder Engine Gasoline Fuel
Mazda,2016,"119,500 mi.",Gasoline,Transmission w/Dual Shift Mode,None reported,Yes,"$15,000",184.0,2.5,4 CYLINDER,Odyssey EX-L,280.0HP 3.5L V6 Cylinder Engine Gasoline Fuel
Porsche,2016,"50,000 mi.",Gasoline,7-Speed A/T,None reported,Yes,"$36,000",340.0,3.0,V6,350Z Touring,306.0HP 3.5L V6 Cylinder Engine Gasoline Fuel
Porsche,2011,"85,000 mi.",Gasoline,A/T,None reported,No,"$21,500",300.0,3.6,V6,Savana 2500 Work Van,342.0HP 6.0L 8 Cylinder Engine Flex Fuel Capability
Genesis,2019,"48,000 mi.",Gasoline,8-Speed A/T,None reported,Yes,"$29,999",365.0,3.3,V6,E-Class E 350 4MATIC,268.0HP 3.5L V6 Cylinder Engine Gasoline Fuel
Jeep,2021,"11,756 mi.",Gasoline,Automatic,At least 1 accident or damage reported,No,"$33,400",285.0,2.0,V6,GX 460 Premium,301.0HP 4.6L 8 Cylinder Engine Gasoline Fuel
Audi,2018,"50,400 mi.",Gasoline,Transmission w/Dual Shift Mode,None reported,Yes,"$28,500",252.0,2.0,4 CYLINDER,Titan XD SV,390.0HP 5.6L 8 Cylinder Engine Gasoline Fuel
BMW,2012,"153,600 mi.",Gasoline,6-Speed M/T,None reported,Yes,"$17,500",300.0,3.0,6 CYLINDER,300 Touring,292.0HP 3.6L V6 Cylinder Engine Gasoline Fuel
Land,2023,"1,869 mi.",Gasoline,Automatic,None reported,Yes,"$164,725",380.0,4.4,V8,Charger R/T,350.0HP 5.7L 8 Cylinder Engine Gasoline Fuel
Dodge,2022,"31,917 mi.",Gasoline,8-Speed A/T,None reported,Yes,"$64,683",475.0,6.4,8 CYLINDER,Pathfinder SL,284.0HP 3.5L V6 Cylinder Engine Gasoline Fuel
BMW,2016,"56,235 mi.",Gasoline,6-Speed M/T,None reported,Yes,"$50,500",425.0,3.0,6 CYLINDER,R1S Launch Edition,835.0HP Electric Motor Electric Fuel System
Ford,2019,"28,724 mi.",Gasoline,6-Speed M/T,At least 1 accident or damage reported,Yes,"$18,300",197.0,1.6,4 CYLINDER,Explorer Platinum,3.5L V6 24V GDI DOHC Twin Turbo
Lincoln,2015,"124,400 mi.",Gasoline,6-Speed A/T,At least 1 accident or damage reported,Yes,"$9,500",305.0,3.7,V6,Titan SV,400.0HP 5.6L 8 Cylinder Engine Gasoline Fuel
Chevrolet,2020,"137,000 mi.",Gasoline,6-Speed A/T,None reported,Yes,"$46,000",355.0,5.3,8 CYLINDER,E-PACE S,246.0HP 2.0L 4 Cylinder Engine Gasoline Fuel
Ferrari,2005,"38,686 mi.",Gasoline,Transmission w/Dual Shift Mode,None reported,Yes,"$99,999",483.0,4.3,8 CYLINDER,F-150 FX4,411.0HP 6.2L 8 Cylinder Engine Gasoline Fuel
Ford,2022,"6,600 mi.",Gasoline,10-Speed A/T,At least 1 accident or damage reported,Yes,"$72,900",430.0,7.3,8 CYLINDER,Acadia Denali,3.6L V6 24V GDI DOHC
Mercedes-Benz,2007,"67,200 mi.",Gasoline,A/T,None reported,Yes,"$11,500",228.0,3.0,V6,Murcielago Base,571.0HP 6.2L 12 Cylinder Engine Gasoline Fuel
Porsche,2021,"16,554 mi.",Gasoline,Automatic,None reported,No,"$51,698",365.0,2.0,V6,Camaro 1LT,312.0HP 3.6L V6 Cylinder Engine Gasoline Fuel
BMW,2023,"15,736 mi.",Plug-In Hybrid,8-Speed A/T,None reported,Yes,"$67,900",389.0,3.0,6 CYLINDER,Acadia SLT-2,288.0HP 3.6L V6 Cylinder Engine Gasoline Fuel
Mercedes-Benz,2005,"153,460 mi.",Gasoline,A/T,At least 1 accident or damage reported,Yes,"$5,800",302.0,5.0,8 CYLINDER,Malibu Premier,250.0HP 2.0L 4 Cylinder Engine Gasoline Fuel
Acura,2012,"70,000 mi.",Gasoline,A/T,At least 1 accident or damage reported,Yes,"$15,051",305.0,3.7,V6,Sequoia SR5,273.0HP 4.7L 8 Cylinder Engine Gasoline Fuel
Hyundai,2011,"143,898 mi.",Gasoline,6-Speed A/T,None reported,Yes,"$9,950",378.0,4.6,8 CYLINDER,IS 350 F Sport,311.0HP 3.5L V6 Cylinder Engine Gasoline Fuel
Mercedes-Benz,2003,"26,190 mi.",Gasoline,A/T,None reported,Yes,"$22,000",302.0,5.0,8 CYLINDER,Model Y Performance,455.0HP Electric Motor Electric Fuel System
Toyota,2000,"209,193 mi.",Gasoline,A/T,None reported,Yes,"$15,900",230.0,4.7,8 CYLINDER,Challenger SRT8,425.0HP 6.1L 8 Cylinder Engine Gasoline Fuel
RAM,2018,"27,839 mi.",Gasoline,6-Speed Automatic,None reported,Yes,"$41,688",350.0,6.4,V8,300 Touring,250.0HP 3.5L V6 Cylinder Engine Gasoline Fuel
Chevrolet,2018,"141,195 mi.",E85 Flex Fuel,6-Speed Automatic,None reported,No,"$28,499",355.0,6.0,V8,Escalade Sport Platinum,6.2L V8 16V GDI OHV
Porsche,2022,"20,250 mi.",Gasoline,7-Speed A/T,None reported,Yes,"$68,500",375.0,2.9,V6,Town & Country Touring,197.0HP 3.8L V6 Cylinder Engine Gasoline Fuel
Jeep,2022,"18,333 mi.",Gasoline,8-Speed Automatic,None reported,No,"$41,599",395.0,3.6,V6,CX-5 Touring,2.5L I4 16V GDI DOHC
Mercedes-Benz,2014,"35,000 mi.",Gasoline,7-Speed A/T,None reported,Yes,"$29,998",302.0,3.5,V6,TL 3.2,270.0HP 3.2L V6 Cylinder Engine Gasoline Fuel
Dodge,2006,"133,255 mi.",Gasoline,A/T,None reported,Yes,"$4,000",250.0,3.5,V6,Corvette Z06 w/2LZ,670.0HP 5.5L 8 Cylinder Engine Gasoline Fuel
Porsche,2021,"14,526 mi.",Gasoline,Automatic,None reported,No,"$79,998",365.0,2.9,V6,Model Y Performance,455.0HP Electric Motor Electric Fuel System
Mercedes-Benz,2014,"43,690 mi.",Gasoline,A/T,None reported,Yes,"$23,500",402.0,4.7,8 CYLINDER,XC40 T5 Momentum,2.0L I4 16V GDI DOHC Turbo
Porsche,2020,"29,136 mi.",Gasoline,Automatic,None reported,No,"$58,598",365.0,3.0,V6,Camaro 2SS,455.0HP 6.2L 8 Cylinder Engine Gasoline Fuel
Cadillac,2017,"72,060 mi.",Gasoline,8-Speed Automatic,None reported,No,"$24,590",400.0,3.6,V6,TLX Type S PMC Edition,355.0HP 3.0L V6 Cylinder Engine Gasoline Fuel
Toyota,2023,"8,800 mi.",Gasoline,A/T,None reported,Yes,"$68,500",389.0,3.4,V6,Eos 2.0T,200.0HP 2.0L 4 Cylinder Engine Gasoline Fuel
Nissan,2015,"85,768 mi.",Gasoline,CVT Transmission,At least 1 accident or damage reported,Yes,"$8,250",109.0,1.6,4 CYLINDER,Charger R/T Scat Pack,485.0HP 6.4L 8 Cylinder Engine Gasoline Fuel
Mercedes-Benz,2022,"2,235 mi.",Hybrid,Transmission w/Dual Shift Mode,None reported,Yes,"$110,000",429.0,3.0,6 CYLINDER,Corvette Z06,405.0HP 5.7L 8 Cylinder Engine Gasoline Fuel
Buick,2019,"121,521 mi.",Gasoline,9-Speed Automatic,None reported,Yes,"$26,772",275.0,3.6,V6,CLA-Class CLA 250,208.0HP 2.0L 4 Cylinder Engine Gasoline Fuel
Porsche,2015,"23,700 mi.",Gasoline,Transmission w/Dual Shift Mode,None reported,Yes,"$144,940",475.0,3.8,6 CYLINDER,M5 Base,560.0HP 4.4L 8 Cylinder Engine Gasoline Fuel
BMW,2013,"124,000 mi.",Gasoline,A/T,None reported,Yes,"$11,900",230.0,3.0,6 CYLINDER,Wrangler Unlimited Sport,285.0HP 3.6L V6 Cylinder Engine Gasoline Fuel
Acura,2018,"32,260 mi.",Gasoline,A/T,None reported,Yes,"$20,999",201.0,2.4,4 CYLINDER,Lancer Sportback ES,148.0HP 2.0L 4 Cylinder Engine Gasoline Fuel
Lexus,2015,"92,000 mi.",Gasoline,6-Speed A/T,None reported,Yes,"$28,000",301.0,4.6,8 CYLINDER,Macan Base,261.0HP 2.0L 4 Cylinder Engine Gasoline Fuel
Toyota,2010,"269,885 mi.",Gasoline,6-Speed A/T,At least 1 accident or damage reported,Yes,"$22,500",381.0,5.7,8 CYLINDER,CLK-Class CLK 350,268.0HP 3.5L V6 Cylinder Engine Gasoline Fuel
Chevrolet,2008,"51,855 mi.",Gasoline,6-Speed A/T,None reported,Yes,"$35,900",430.0,6.2,8 CYLINDER,Challenger SRT8,–
Mazda,2015,"124,000 mi.",Gasoline,6-Speed M/T,At least 1 accident or damage reported,Yes,"$12,900",184.0,2.5,4 CYLINDER,Mazda3 Grand Touring,2.5L I4 16V GDI DOHC
Jaguar,2015,"26,000 mi.",Gasoline,8-Speed A/T,None reported,Yes,"$52,500",550.0,5.0,8 CYLINDER,A3 2.0T Premium,186.0HP 2.0L 4 Cylinder Engine Gasoline Fuel
Audi,2018,"36,500 mi.",Gasoline,6-Speed A/T,At least 1 accident or damage reported,Yes,"$25,500",220.0,2.0,4 CYLINDER,528 i,240.0HP 2.0L 4 Cylinder Engine Gasoline Fuel
Chevrolet,2022,"1,400 mi.",Gasoline,10-Speed A/T,None reported,Yes,"$54,900",455.0,6.2,8 CYLINDER,Rover Range Rover 3.0L V6 Supercharged HSE,380.0HP 3.0L V6 Cylinder Engine Gasoline Fuel
Jeep,2018,"17,000 mi.",Gasoline,A/T,None reported,Yes,"$38,500",285.0,3.6,V6,S5 3.0T Prestige,354.0HP 3.0L V6 Cylinder Engine Gasoline Fuel
Honda,2021,"42,750 mi.",Gasoline,Automatic CVT,None reported,Yes,"$25,698",205.0,1.5,I4,718 Boxster Base,300.0HP 2.0L 4 Cylinder Engine Gasoline Fuel
Porsche,2011,"67,998 mi.",Gasoline,6-Speed M/T,None reported,Yes,"$30,000",265.0,2.9,6 CYLINDER,Corvette Stingray w/2LT,490.0HP 6.2L 8 Cylinder Engine Gasoline Fuel
Ford,2008,"64,500 mi.",Gasoline,5-Speed M/T,At least 1 accident or damage reported,Yes,"$16,000",300.0,4.6,8 CYLINDER,Urus Pearl Capsule,"4L V-8 gasoline direct injection, DOHC, variable valve control,"
Toyota,2007,"102,000 mi.",Gasoline,6-Speed M/T,None reported,Yes,"$24,900",239.0,4.0,V6,Quattroporte S,425.0HP 4.7L 8 Cylinder Engine Gasoline Fuel
Land,2004,"145,000 mi.",Gasoline,A/T,None reported,Yes,"$15,500",217.0,4.6,8 CYLINDER,Impreza 2.0i,152.0HP 2.0L 4 Cylinder Engine Gasoline Fuel
Porsche,2018,"50,000 mi.",Gasoline,A/T,At least 1 accident or damage reported,Yes,"$55,000",350.0,2.5,4 CYLINDER,AMG GT C,550.0HP 4.0L 8 Cylinder Engine Gasoline Fuel
Chevrolet,2004,"37,622 mi.",Gasoline,A/T,None reported,Yes,"$25,500",350.0,5.7,8 CYLINDER,Mazda6 i Touring,184.0HP 2.5L 4 Cylinder Engine Gasoline Fuel
Toyota,2006,"89,987 mi.",Gasoline,5-Speed A/T,None reported,Yes,"$9,499",395.0,3.5,V6,Macan S,340.0HP 3.0L V6 Cylinder Engine Gasoline Fuel
INFINITI,2015,"136,390 mi.",Gasoline,7-Speed Automatic,None reported,Yes,"$20,470",328.0,5.6,V8,Panamera 4,300.0HP 3.6L V6 Cylinder Engine Gasoline Fuel
Chevrolet,2015,"27,000 mi.",Gasoline,Transmission w/Dual Shift Mode,None reported,Yes,"$33,000",426.0,6.2,8 CYLINDER,G70 3.3T Advanced,365.0HP 3.3L V6 Cylinder Engine Gasoline Fuel
Jeep,2004,"144,770 mi.",Gasoline,4-Speed A/T,At least 1 accident or damage reported,Yes,"$6,500",210.0,3.7,V6,Wrangler Sport,"2L I-4 gasoline direct injection, DOHC, intercooled turbo, engin"
Toyota,2011,"157,000 mi.",Gasoline,Transmission w/Dual Shift Mode,None reported,Yes,"$23,500",270.0,4.0,V6,Q5 2.0T Premium Plus,252.0HP 2.0L 4 Cylinder Engine Gasoline Fuel
BMW,2010,"132,000 mi.",Gasoline,Transmission w/Dual Shift Mode,At least 1 accident or damage reported,Yes,"$8,500",230.0,3.0,6 CYLINDER,335 i xDrive,300.0HP 3.0L Straight 6 Cylinder Engine Gasoline Fuel
Ford,2002,"137,000 mi.",Diesel,4-Speed A/T,None reported,Yes,"$15,000",395.0,7.3,8 CYLINDER,Rover Range Rover P530 SE,4.4L V8 32V GDI DOHC Twin Turbo
Lexus,2018,"50,992 mi.",Gasoline,A/T,At least 1 accident or damage reported,Yes,"$28,000",260.0,3.5,V6,Durango SRT 392,475.0HP 6.4L 8 Cylinder Engine Gasoline Fuel
Cadillac,2010,"105,760 mi.",Gasoline,6-Speed A/T,None reported,Yes,"$12,900",270.0,3.0,V6,M3 Base,425.0HP 3.0L Straight 6 Cylinder Engine Gasoline Fuel
Lexus,2018,"29,800 mi.",Gasoline,10-Speed A/T,None reported,Yes,"$68,495",471.0,5.0,8 CYLINDER,Fiesta ST,197.0HP 1.6L 4 Cylinder Engine Gasoline Fuel
BMW,2019,"21,000 mi.",Gasoline,Transmission w/Dual Shift Mode,At least 1 accident or damage reported,Yes,"$42,000",335.0,3.0,6 CYLINDER,MKS Base,305.0HP 3.7L V6 Cylinder Engine Gasoline Fuel
Chevrolet,1998,"152,195 mi.",Gasoline,A/T,None reported,Yes,"$9,900",340.0,5.7,8 CYLINDER,Tahoe Premier,355.0HP 5.3L 8 Cylinder Engine Gasoline Fuel
Hummer,2006,"169,900 mi.",Gasoline,A/T,At least 1 accident or damage reported,Yes,"$16,900",325.0,6.0,8 CYLINDER,F430 Berlinetta,483.0HP 4.3L 8 Cylinder Engine Gasoline Fuel
Volvo,2008,"196,000 mi.",Gasoline,A/T,None reported,Yes,"$6,499",235.0,3.2,6 CYLINDER,F-250 Platinum,430.0HP 7.3L 8 Cylinder Engine Gasoline Fuel
Jeep,2009,"180,036 mi.",Gasoline,A/T,At least 1 accident or damage reported,Yes,"$9,100",202.0,3.8,V6,SLK-Class SLK280 Roadster,228.0HP 3.0L V6 Cylinder Engine Gasoline Fuel
Land,2017,"57,918 mi.",Gasoline,Transmission w/Dual Shift Mode,None reported,Yes,"$33,500",340.0,3.0,V6,Macan,2.0 Liter
BMW,2017,"98,600 mi.",Gasoline,8-Speed A/T,None reported,Yes,"$26,500",320.0,3.0,6 CYLINDER,X5 PHEV xDrive45e,389.0HP 3.0L Straight 6 Cylinder Engine Plug-In Electric/Gas
Ford,2018,"120,000 mi.",Diesel,6-Speed A/T,At least 1 accident or damage reported,Yes,"$55,000",450.0,6.7,8 CYLINDER,E-Class E500,302.0HP 5.0L 8 Cylinder Engine Gasoline Fuel
BMW,2022,"14,269 mi.",Gasoline,8-Speed A/T,None reported,Yes,"$80,000",503.0,3.0,6 CYLINDER,TL 3.7,305.0HP 3.7L V6 Cylinder Engine Gasoline Fuel
Lexus,2022,"6,875 mi.",Gasoline,A/T,None reported,Yes,"$89,000",471.0,5.0,8 CYLINDER,Equus Signature,378.0HP 4.6L 8 Cylinder Engine Gasoline Fuel
Honda,2019,"55,100 mi.",Gasoline,Automatic CVT,None reported,No,"$28,324",205.0,1.5,I4,SL-Class SL500 Roadster,302.0HP 5.0L 8 Cylinder Engine Gasoline Fuel
Porsche,2012,"49,000 mi.",Gasoline,7-Speed A/T,None reported,No,"$41,500",400.0,4.8,8 CYLINDER,Land Cruiser Base,230.0HP 4.7L 8 Cylinder Engine Gasoline Fuel
BMW,2009,"74,600 mi.",Gasoline,A/T,None reported,Yes,"$15,000",400.0,4.4,8 CYLINDER,2500 Big Horn,6.4L V8 16V MPFI OHV
Audi,2019,"45,900 mi.",Hybrid,Transmission w/Dual Shift Mode,At least 1 accident or damage reported,Yes,"$41,500",335.0,3.0,V6,Silverado 2500 WT,6.0L V8 16V MPFI OHV Flexible Fuel
Chrysler,2015,"95,271 mi.",E85 Flex Fuel,A/T,None reported,No,"$12,468",395.0,2.4,4 CYLINDER,Macan S,375.0HP 2.9L V6 Cylinder Engine Gasoline Fuel
Ford,2021,"88,883 mi.",Gasoline,10-Speed Automatic,None reported,Yes,"$33,172",350.0,2.7,V6,Grand Cherokee L Limited,3.6L V6 24V MPFI DOHC
Dodge,2013,"43,000 mi.",E85 Flex Fuel,6-Speed A/T,None reported,Yes,"$35,000",283.0,3.6,V6,E-Class E 350,302.0HP 3.5L V6 Cylinder Engine Gasoline Fuel
Ford,2018,"33,700 mi.",E85 Flex Fuel,A/T,At least 1 accident or damage reported,Yes,"$12,000",160.0,2.0,4 CYLINDER,Magnum Base,250.0HP 3.5L V6 Cylinder Engine Gasoline Fuel
RAM,2016,"95,115 mi.",Diesel,6-Speed Automatic,None reported,Yes,"$43,640",350.0,6.7,I6,Macan Turbo,2.9 Liter Turbo
Lotus,2005,"25,250 mi.",Gasoline,M/T,None reported,No,"$44,000",190.0,1.8,4 CYLINDER,E-Class E 550,402.0HP 4.7L 8 Cylinder Engine Gasoline Fuel
Chevrolet,2007,"20,200 mi.",Gasoline,6-Speed A/T,None reported,Yes,"$27,500",400.0,6.0,8 CYLINDER,Macan S,3.0 Liter Turbo
Audi,2013,"104,457 mi.",Gasoline,8-Speed A/T,None reported,Yes,"$17,900",211.0,2.0,4 CYLINDER,XT5 Luxury,3.6L V6 24V GDI DOHC
McLaren,2018,"8,984 mi.",Gasoline,7-Speed Automatic with Auto-Shift,None reported,No,"$171,900",562.0,3.8,V8,Tundra Platinum,389.0HP 3.4L V6 Cylinder Engine Gasoline Fuel
Chevrolet,2017,"76,000 mi.",Gasoline,A/T,None reported,Yes,"$41,400",285.0,4.8,8 CYLINDER,Versa 1.6 SL,109.0HP 1.6L 4 Cylinder Engine Gasoline Fuel
Chevrolet,2020,"56,247 mi.",Gasoline,9-Speed Automatic,None reported,Yes,"$39,244",355.0,3.6,V6,AMG GT 53 Base,429.0HP 3.0L Straight 6 Cylinder Engine Gasoline/Mild Electric Hybrid
Acura,2016,"61,000 mi.",Gasoline,A/T,At least 1 accident or damage reported,Yes,"$21,000",201.0,2.4,4 CYLINDER,Enclave Avenir,3.6L V6 24V GDI DOHC
Chevrolet,2019,"9,111 mi.",Gasoline,8-Speed Automatic,None reported,No,"$27,599",355.0,3.6,V6,911 GT3,475.0HP 3.8L Flat 6 Cylinder Engine Gasoline Fuel
Lexus,2015,"100,900 mi.",Gasoline,Automatic,None reported,No,"$21,998",301.0,3.5,V6,328 i,230.0HP 3.0L Straight 6 Cylinder Engine Gasoline Fuel
Ford,2021,"24,207 mi.",Gasoline,10-Speed Automatic,None reported,Yes,"$43,430",350.0,2.7,V6,ILX Premium Package,201.0HP 2.4L 4 Cylinder Engine Gasoline Fuel
Chevrolet,2006,"21,000 mi.",Gasoline,6-Speed M/T,None reported,Yes,"$47,500",505.0,7.0,8 CYLINDER,GX 460 Base,301.0HP 4.6L 8 Cylinder Engine Gasoline Fuel
Cadillac,2019,"136,150 mi.",Gasoline,Transmission w/Dual Shift Mode,At least 1 accident or damage reported,Yes,"$22,500",335.0,3.6,V6,Land Cruiser Base,381.0HP 5.7L 8 Cylinder Engine Gasoline Fuel
BMW,2009,"78,414 mi.",Gasoline,7-Speed A/T,At least 1 accident or damage reported,Yes,"$28,750",420.0,4.0,8 CYLINDER,Corvette Base,430.0HP 6.2L 8 Cylinder Engine Gasoline Fuel
Mazda,2019,"60,800 mi.",Gasoline,6-Speed A/T,None reported,Yes,"$19,900",186.0,2.5,4 CYLINDER,Mazda6 i Touring,184.0HP 2.5L 4 Cylinder Engine Gasoline Fuel
Ford,2022,"16,400 mi.",Hybrid,CVT Transmission,None reported,Yes,"$34,000",191.0,2.5,4 CYLINDER,F-TYPE R,550.0HP 5.0L 8 Cylinder Engine Gasoline Fuel
Toyota,2018,"62,200 mi.",Hybrid,CVT Transmission,None reported,Yes,"$35,707",395.0,3.5,V6,A3 2.0T Premium,220.0HP 2.0L 4 Cylinder Engine Gasoline Fuel
BMW,2021,"72,903 mi.",Hybrid,SCHEDULED FOR OR IN PRODUCTION,At least 1 accident or damage reported,No,"$53,998",335.0,3.0,V6,Camaro 2SS,455.0HP 6.2L 8 Cylinder Engine Gasoline Fuel
Lincoln,2003,"142,215 mi.",Gasoline,4-Speed A/T,None reported,Yes,"$5,000",239.0,4.6,8 CYLINDER,Wrangler Unlimited Sport S,285.0HP 3.6L V6 Cylinder Engine Gasoline Fuel
Mercedes-Benz,2007,"150,000 mi.",Gasoline,A/T,None reported,Yes,"$8,000",382.0,5.5,8 CYLINDER,Civic Sport,1.5L I4 16V GDI DOHC Turbo
Ford,1998,"49,170 mi.",Gasoline,A/T,None reported,Yes,"$12,500",225.0,4.6,8 CYLINDER,Cayman Base,265.0HP 2.9L Flat 6 Cylinder Engine Gasoline Fuel
Chevrolet,2015,"167,500 mi.",Gasoline,6-Speed A/T,None reported,Yes,"$18,000",355.0,5.3,8 CYLINDER,Mustang GT,300.0HP 4.6L 8 Cylinder Engine Gasoline Fuel
Ford,2016,"110,450 mi.",Gasoline,6-Speed A/T,None reported,Yes,"$11,000",231.0,2.0,4 CYLINDER,FJ Cruiser Base,239.0HP 4.0L V6 Cylinder Engine Gasoline Fuel
Audi,2014,"106,000 mi.",Gasoline,6-Speed M/T,At least 1 accident or damage reported,Yes,"$23,000",333.0,3.0,V6,Rover Discovery SE,217.0HP 4.6L 8 Cylinder Engine Gasoline Fuel
Chevrolet,2017,"92,728 mi.",Gasoline,6-Speed A/T,None reported,Yes,"$34,900",355.0,5.3,8 CYLINDER,718 Boxster S,350.0HP 2.5L 4 Cylinder Engine Gasoline Fuel
Ford,2022,"17,000 mi.",Gasoline,A/T,None reported,Yes,"$44,000",275.0,2.3,4 CYLINDER,Corvette Base,350.0HP 5.7L 8 Cylinder Engine Gasoline Fuel
Ford,2016,"75,200 mi.",E85 Flex Fuel,6-Speed A/T,None reported,Yes,"$22,000",385.0,6.2,8 CYLINDER,Avalon Limited,268.0HP 3.5L V6 Cylinder Engine Gasoline Fuel
Dodge,2015,"1,800 mi.",Gasoline,A/T,None reported,Yes,"$64,990",707.0,6.2,8 CYLINDER,QX80 Base,5.6L V8 32V GDI DOHC
Toyota,2019,"36,283 mi.",Gasoline,Automatic,None reported,No,"$39,598",270.0,3.5,V6,DeVille Base,–
Audi,2023,"6,682 mi.",Hybrid,Automatic,None reported,No,"$47,798",333.0,2.0,V6,Camaro 2SS,426.0HP 6.2L 8 Cylinder Engine Gasoline Fuel
Jeep,2018,"23,399 mi.",Gasoline,8-Speed Automatic,None reported,No,"$28,999",285.0,2.0,I4,Liberty Renegade,210.0HP 3.7L V6 Cylinder Engine Gasoline Fuel
Genesis,2017,"29,720 mi.",Gasoline,8-Speed A/T,None reported,Yes,"$29,500",311.0,3.8,V6,4Runner Trail,270.0HP 4.0L V6 Cylinder Engine Gasoline Fuel
Mercedes-Benz,2009,"56,000 mi.",Gasoline,A/T,None reported,Yes,"$44,850",518.0,6.3,8 CYLINDER,328 i xDrive,230.0HP 3.0L Straight 6 Cylinder Engine Gasoline Fuel
Lexus,2020,"59,419 mi.",Gasoline,A/T,None reported,Yes,"$73,000",383.0,5.7,8 CYLINDER,Excursion Limited Ultimate,250.0HP 7.3L 8 Cylinder Engine Diesel Fuel
Kia,2018,"69,100 mi.",Gasoline,8-Speed A/T,None reported,Yes,"$32,500",365.0,3.3,V6,IS 300 Base,260.0HP 3.5L V6 Cylinder Engine Gasoline Fuel
Nissan,2021,"22,185 mi.",Gasoline,6-Speed Automatic with Auto-Shift,None reported,Yes,"$131,999",284.0,3.8,V6,CTS Performance,270.0HP 3.0L V6 Cylinder Engine Gasoline Fuel
Chevrolet,2008,"29,586 mi.",Gasoline,A/T,None reported,Yes,"$47,900",390.0,6.0,8 CYLINDER,LC 500 Base,471.0HP 5.0L 8 Cylinder Engine Gasoline Fuel
Chevrolet,2021,"63,866 mi.",Gasoline,Automatic,None reported,Yes,"$41,885",355.0,6.6,V8,540 i xDrive,335.0HP 3.0L Straight 6 Cylinder Engine Gasoline Fuel
Chevrolet,2016,"135,484 mi.",Gasoline,6-Speed Automatic,None reported,No,"$29,748",355.0,5.3,V8,Corvette Base,340.0HP 5.7L 8 Cylinder Engine Gasoline Fuel
Mercedes-Benz,2014,"78,500 mi.",Gasoline,7-Speed A/T,At least 1 accident or damage reported,Yes,"$17,900",302.0,3.5,V6,H2 Base,325.0HP 6.0L 8 Cylinder Engine Gasoline Fuel
BMW,2012,"7,982 mi.",Gasoline,7-Speed A/T,None reported,No,"$51,900",414.0,4.0,8 CYLINDER,XC90 3.2,235.0HP 3.2L Straight 6 Cylinder Engine Gasoline Fuel
Bentley,2022,"1,795 mi.",Gasoline,Automatic,None reported,No,"$269,991",580.0,4.0,V8,Wrangler Unlimited Sahara,202.0HP 3.8L V6 Cylinder Engine Gasoline Fuel
Volkswagen,2022,"1,067 mi.",Gasoline,7-Speed A/T,None reported,Yes,"$48,000",315.0,2.0,4 CYLINDER,Rover Discovery HSE LUXURY,340.0HP 3.0L V6 Cylinder Engine Gasoline Fuel
Ford,2017,"152,000 mi.",Gasoline,6-Speed A/T,None reported,Yes,"$15,499",395.0,3.5,V6,340 i,320.0HP 3.0L Straight 6 Cylinder Engine Gasoline Fuel
Honda,2011,"185,000 mi.",Gasoline,A/T,None reported,Yes,"$8,900",248.0,3.5,V6,F-250 Lariat,450.0HP 6.7L 8 Cylinder Engine Diesel Fuel
Dodge,2007,"97,724 mi.",Diesel,A/T,None reported,Yes,"$19,998",350.0,6.7,6 CYLINDER,M3 Competition,503.0HP 3.0L Straight 6 Cylinder Engine Gasoline Fuel
Honda,2020,"22,227 mi.",Gasoline,Automatic CVT,None reported,No,"$25,980",205.0,2.0,I4,LC 500 Base,471.0HP 5.0L 8 Cylinder Engine Gasoline Fuel
Honda,2016,"111,000 mi.",Gasoline,A/T,None reported,Yes,"$13,000",158.0,2.0,4 CYLINDER,CR-V Touring,1.5L I4 16V GDI DOHC Turbo
Ford,2019,"32,268 mi.",E85 Flex Fuel,6-Speed A/T,None reported,Yes,"$46,500",385.0,6.2,8 CYLINDER,Panamera S,400.0HP 4.8L 8 Cylinder Engine Gasoline Fuel
Nissan,2019,"122,009 mi.",Gasoline,Automatic,None reported,No,"$18,998",284.0,3.5,V6,750 i,400.0HP 4.4L 8 Cylinder Engine Gasoline Fuel
Land,2020,"57,785 mi.",Hybrid,A/T,None reported,Yes,"$63,995",395.0,3.0,6 CYLINDER,A7 3.0T Premium,335.0HP 3.0L V6 Cylinder Engine Gasoline/Mild Electric Hybrid
BMW,2002,"204,884 mi.",Gasoline,6-Speed M/T,At least 1 accident or damage reported,Yes,"$21,500",333.0,3.2,6 CYLINDER,200 Limited,184.0HP 2.4L 4 Cylinder Engine Flex Fuel Capability
Hummer,2003,"179,400 mi.",Gasoline,A/T,At least 1 accident or damage reported,Yes,"$15,000",316.0,6.0,8 CYLINDER,F-150 XL,2.7L V6 24V PDI DOHC Twin Turbo
Lexus,2021,"25,997 mi.",Gasoline,A/T,None reported,Yes,"$87,000",383.0,5.7,8 CYLINDER,Focus SE,160.0HP 2.0L 4 Cylinder Engine Flex Fuel Capability
Chevrolet,2022,"36,555 mi.",Gasoline,Automatic,None reported,Yes,"$64,288",355.0,5.3,V8,2500 Big Horn,6.7L I6 24V DDI OHV Turbo Diesel
Mercedes-Benz,2023,989 mi.,Gasoline,9-Speed Automatic,None reported,Yes,"$122,950",362.0,4.0,V8,Elise Base,190.0HP 1.8L 4 Cylinder Engine Gasoline Fuel
Chevrolet,2007,"28,514 mi.",Gasoline,Transmission w/Dual Shift Mode,None reported,Yes,"$32,000",400.0,6.0,8 CYLINDER,Corvette Base,400.0HP 6.0L 8 Cylinder Engine Gasoline Fuel
Ford,2019,"10,400 mi.",Gasoline,10-Speed A/T,None reported,Yes,"$40,000",460.0,5.0,8 CYLINDER,allroad 2.0T Prestige,211.0HP 2.0L 4 Cylinder Engine Gasoline Fuel
Chevrolet,2020,"51,133 mi.",Gasoline,9-Speed Automatic,At least 1 accident or damage reported,No,"$25,800",355.0,2.0,I4,570S Spider,3.8L V8 32V MPFI DOHC Twin Turbo
Chevrolet,1999,"58,800 mi.",Gasoline,A/T,None reported,Yes,"$15,000",305.0,5.7,8 CYLINDER,Express 2500 Work Van,285.0HP 4.8L 8 Cylinder Engine Gasoline Fuel
Land,2018,"85,000 mi.",Gasoline,8-Speed A/T,None reported,Yes,"$33,000",340.0,3.0,V6,Traverse High Country,3.6L V6 24V GDI DOHC
Jeep,2000,"95,200 mi.",Gasoline,5-Speed M/T,None reported,Yes,"$11,999",120.0,2.5,4 CYLINDER,Wrangler S,–
Toyota,2015,"68,575 mi.",Gasoline,A/T,At least 1 accident or damage reported,Yes,"$26,000",270.0,3.5,V6,ILX Technology Plus Package,201.0HP 2.4L 4 Cylinder Engine Gasoline Fuel
Chevrolet,2011,"12,300 mi.",Gasoline,6-Speed A/T,None reported,Yes,"$45,000",430.0,6.2,8 CYLINDER,Camaro 1LT,3.6L V6 GDI DOHC
Chevrolet,2018,"13,900 mi.",Gasoline,8-Speed A/T,None reported,Yes,"$54,490",455.0,6.2,8 CYLINDER,ES 350 Base,3.5 Liter
Mercedes-Benz,2001,"58,800 mi.",Gasoline,A/T,None reported,Yes,"$9,000",190.0,2.3,4 CYLINDER,F-150 XLT,2.7L V6 24V PDI DOHC Twin Turbo
Nissan,2016,"30,700 mi.",Gasoline,6-Speed M/T,At least 1 accident or damage reported,Yes,"$21,500",215.0,1.6,4 CYLINDER,Model Y Long Range,Dual Motor - Standard
Porsche,2005,"104,000 mi.",Gasoline,6-Speed M/T,None reported,Yes,"$44,800",355.0,3.8,6 CYLINDER,Corvette Z06,505.0HP 7.0L 8 Cylinder Engine Gasoline Fuel
Chevrolet,2019,"139,116 mi.",Gasoline,Automatic,At least 1 accident or damage reported,Yes,"$24,899",355.0,3.6,V6,CTS 3.6L Premium Luxury,335.0HP 3.6L V6 Cylinder Engine Gasoline Fuel
Porsche,2019,"36,700 mi.",Gasoline,7-Speed A/T,At least 1 accident or damage reported,Yes,"$48,990",348.0,3.0,V6,M3 Base,420.0HP 4.0L 8 Cylinder Engine Gasoline Fuel
Mercedes-Benz,2022,"24,500 mi.",Gasoline,9-Speed A/T,None reported,Yes,"$82,150",255.0,2.0,4 CYLINDER,Mazda3 FWD w/Preferred Package,186.0HP 2.5L 4 Cylinder Engine Gasoline Fuel
Toyota,2017,"65,000 mi.",Gasoline,A/T,At least 1 accident or damage reported,Yes,"$65,000",381.0,5.7,8 CYLINDER,Maverick XLT,191.0HP 2.5L 4 Cylinder Engine Gas/Electric Hybrid
BMW,2021,"27,654 mi.",Hybrid,Automatic,None reported,No,"$61,998",335.0,3.0,V6,Highlander Hybrid Limited,306.0HP 3.5L V6 Cylinder Engine Gas/Electric Hybrid
Rivian,2023,542 mi.,electric,A/T,None reported,Yes,"$92,500",835.0,3.5,V6,X6 xDrive40i,3.0 Liter Turbo
Toyota,2020,"41,000 mi.",Gasoline,8-Speed A/T,None reported,Yes,"$38,700",295.0,3.5,V6,Town Car Signature,239.0HP 4.6L 8 Cylinder Engine Gasoline Fuel
Mercedes-Benz,2011,"47,400 mi.",Gasoline,7-Speed A/T,At least 1 accident or damage reported,Yes,"$41,000",518.0,6.3,8 CYLINDER,SL-Class SL550 Roadster,382.0HP 5.5L 8 Cylinder Engine Gasoline Fuel
Ford,2002,"40,110 mi.",Gasoline,A/T,None reported,Yes,"$18,500",252.0,3.9,8 CYLINDER,Mustang GT,225.0HP 4.6L 8 Cylinder Engine Gasoline Fuel
RAM,2014,"124,700 mi.",Gasoline,6-Speed A/T,None reported,Yes,"$30,000",350.0,6.4,8 CYLINDER,Suburban 1500 LT,355.0HP 5.3L 8 Cylinder Engine Gasoline Fuel
Ford,2013,"31,000 mi.",E85 Flex Fuel,A/T,At least 1 accident or damage reported,Yes,"$35,000",316.0,6.2,8 CYLINDER,Fusion SE,231.0HP 2.0L 4 Cylinder Engine Gasoline Fuel
Toyota,2022,"7,100 mi.",Plug-In Hybrid,A/T,None reported,Yes,"$49,000",302.0,2.5,4 CYLINDER,S4 3.0T Premium Plus,333.0HP 3.0L V6 Cylinder Engine Gasoline Fuel
Jeep,2018,"91,677 mi.",Gasoline,8-Speed Automatic,None reported,No,"$26,816",395.0,3.6,V6,Suburban Premier,355.0HP 5.3L 8 Cylinder Engine Gasoline Fuel
Ford,2009,"107,500 mi.",Gasoline,A/T,None reported,Yes,"$9,500",132.0,2.0,4 CYLINDER,Bronco Big Bend,275.0HP 2.3L 4 Cylinder Engine Gasoline Fuel
Porsche,2023,"1,518 mi.",Gasoline,8-Speed A/T,None reported,Yes,"$194,965",473.0,3.0,6 CYLINDER,F-250 XL,385.0HP 6.2L 8 Cylinder Engine Flex Fuel Capability
Chevrolet,2023,"5,200 mi.",Gasoline,8-Speed A/T,None reported,Yes,"$88,900",490.0,6.2,8 CYLINDER,Challenger SRT Hellcat,707.0HP 6.2L 8 Cylinder Engine Gasoline Fuel
Ford,1999,"48,054 mi.",Gasoline,A/T,None reported,Yes,"$9,500",220.0,4.6,8 CYLINDER,Tacoma TRD Sport,3.5 Liter
Porsche,2018,"87,500 mi.",Gasoline,Transmission w/Dual Shift Mode,None reported,Yes,"$28,000",252.0,2.0,4 CYLINDER,Q5 S line Premium Plus,2.0 Liter TFSI
Acura,2012,"106,335 mi.",Gasoline,6-Speed A/T,None reported,Yes,"$19,000",300.0,3.7,V6,Wrangler Sport,2.0L I4 16V GDI DOHC Turbo
Chevrolet,2017,"133,598 mi.",Gasoline,6-Speed Automatic,At least 1 accident or damage reported,Yes,"$29,999",355.0,5.3,V8,G80 3.8,311.0HP 3.8L V6 Cylinder Engine Gasoline Fuel
Chevrolet,2018,"68,455 mi.",Gasoline,9-Speed Automatic,None reported,Yes,"$30,989",355.0,3.6,V6,SL-Class SL63 AMG Roadster,518.0HP 6.3L 8 Cylinder Engine Gasoline Fuel
Mercedes-Benz,2018,"28,690 mi.",Gasoline,A/T,None reported,Yes,"$38,880",329.0,3.0,V6,LX 570 Three-Row,383.0HP 5.7L 8 Cylinder Engine Gasoline Fuel
BMW,2012,"83,000 mi.",Gasoline,7-Speed A/T,At least 1 accident or damage reported,Yes,"$31,000",414.0,4.0,8 CYLINDER,Stinger GT2,365.0HP 3.3L V6 Cylinder Engine Gasoline Fuel
Ford,2019,"38,600 mi.",Diesel,6-Speed A/T,None reported,Yes,"$54,500",450.0,6.7,8 CYLINDER,GT-R Premium,3.8L V6 24V MPFI DOHC Twin Turbo
Toyota,2019,"92,000 mi.",Gasoline,A/T,At least 1 accident or damage reported,Yes,"$30,000",295.0,3.5,V6,Trailblazer SS,390.0HP 6.0L 8 Cylinder Engine Gasoline Fuel
Saturn,2009,"134,000 mi.",Gasoline,5-Speed M/T,At least 1 accident or damage reported,Yes,"$9,500",260.0,2.0,4 CYLINDER,Silverado 2500 WT,6.6L V8 16V GDI OHV
Lexus,2012,"103,000 mi.",Gasoline,A/T,None reported,Yes,"$20,500",380.0,4.6,8 CYLINDER,Suburban LTZ,5.3L V8 16V GDI OHV
Honda,2004,"176,261 mi.",Gasoline,M/T,None reported,Yes,"$3,750",160.0,2.4,4 CYLINDER,E-Class E 350,302.0HP 3.5L V6 Cylinder Engine Gasoline Fuel
Ford,2010,"58,500 mi.",Gasoline,5-Speed M/T,At least 1 accident or damage reported,Yes,"$20,000",315.0,4.6,8 CYLINDER,M3 Base,414.0HP 4.0L 8 Cylinder Engine Gasoline Fuel
Ford,2018,"64,000 mi.",Diesel,A/T,None reported,Yes,"$64,000",395.0,6.7,8 CYLINDER,Continental GT V8,"4L V-8 gasoline direct injection, DOHC, variable valve control,"
Porsche,2016,"24,881 mi.",Gasoline,Transmission w/Dual Shift Mode,At least 1 accident or damage reported,Yes,"$49,999",265.0,2.7,6 CYLINDER,Golf R Base,315.0HP 2.0L 4 Cylinder Engine Gasoline Fuel
Chevrolet,1998,"134,000 mi.",Gasoline,A/T,None reported,Yes,"$11,500",340.0,5.7,8 CYLINDER,Explorer Limited,290.0HP 3.5L V6 Cylinder Engine Gasoline Fuel
Ford,2013,"82,900 mi.",Gasoline,6-Speed A/T,At least 1 accident or damage reported,Yes,"$16,000",290.0,3.5,V6,Odyssey LX,248.0HP 3.5L V6 Cylinder Engine Gasoline Fuel
BMW,2008,"59,257 mi.",Gasoline,6-Speed M/T,None reported,Yes,"$18,200",255.0,3.0,6 CYLINDER,Ram 2500 SLT Mega Cab,350.0HP 6.7L Straight 6 Cylinder Engine Diesel Fuel
Lexus,2016,"81,400 mi.",Gasoline,8-Speed A/T,At least 1 accident or damage reported,Yes,"$26,000",295.0,3.5,V6,Civic Sport,2.0L I4 16V MPFI DOHC
Hyundai,2022,"5,100 mi.",Gasoline,A/T,None reported,Yes,"$19,500",120.0,1.6,4 CYLINDER,Civic LX,158.0HP 2.0L 4 Cylinder Engine Gasoline Fuel
Ford,2020,"67,072 mi.",Gasoline,A/T,None reported,Yes,"$38,500",375.0,3.5,V6,F-250 XLT,385.0HP 6.2L 8 Cylinder Engine Flex Fuel Capability
BMW,2016,"65,000 mi.",Gasoline,Transmission w/Dual Shift Mode,None reported,Yes,"$19,500",240.0,2.0,4 CYLINDER,Pathfinder SV,3.5 Liter
Ford,2014,"80,800 mi.",Gasoline,A/T,None reported,Yes,"$10,000",175.0,2.5,4 CYLINDER,Rover Range Rover HSE SWB,395.0HP 3.0L Straight 6 Cylinder Engine Gasoline/Mild Electric Hybrid
Ford,2020,"53,401 mi.",Gasoline,10-Speed A/T,None reported,Yes,"$39,500",375.0,3.5,V6,M3 Base,333.0HP 3.2L Straight 6 Cylinder Engine Gasoline Fuel
Ford,2021,"15,555 mi.",Gasoline,10-Speed Automatic,None reported,Yes,"$62,890",350.0,5.0,8 CYLINDER,H2 Base,316.0HP 6.0L 8 Cylinder Engine Gasoline Fuel
Dodge,2006,"201,509 mi.",Gasoline,5-Speed A/T,At least 1 accident or damage reported,Yes,"$11,000",345.0,5.7,8 CYLINDER,RX-8 R3,232.0HP 1.3L Rotary engine Gasoline Fuel
Honda,2013,"107,000 mi.",Gasoline,A/T,None reported,Yes,"$14,000",140.0,1.8,4 CYLINDER,LX 570 Three-Row,383.0HP 5.7L 8 Cylinder Engine Gasoline Fuel
Land,2020,"30,500 mi.",Gasoline,A/T,None reported,Yes,"$44,000",247.0,2.0,4 CYLINDER,Suburban Z71,5.3L V8 16V GDI OHV
Toyota,2011,"36,000 mi.",Gasoline,5-Speed M/T,None reported,Yes,"$20,000",159.0,2.7,4 CYLINDER,S-Class S 580 4MATIC,4.0L V8 32V GDI DOHC Twin Turbo
Ford,2019,"38,514 mi.",E85 Flex Fuel,A/T,At least 1 accident or damage reported,Yes,"$45,998",385.0,6.2,8 CYLINDER,Corvette Base,400.0HP 6.0L 8 Cylinder Engine Gasoline Fuel
Mercedes-Benz,2022,"4,590 mi.",Gasoline,A/T,None reported,Yes,"$64,000",188.0,2.0,4 CYLINDER,Mustang GT Premium,460.0HP 5.0L 8 Cylinder Engine Gasoline Fuel
RAM,2019,"97,000 mi.",Diesel,A/T,At least 1 accident or damage reported,Yes,"$45,000",350.0,6.7,6 CYLINDER,Equinox Premier w/2LZ,2.0L I4 16V GDI DOHC Turbo
BMW,2011,"110,000 mi.",Gasoline,6-Speed A/T,At least 1 accident or damage reported,Yes,"$6,000",230.0,3.0,6 CYLINDER,Camaro Z28,305.0HP 5.7L 8 Cylinder Engine Gasoline Fuel
Ford,2017,"53,000 mi.",E85 Flex Fuel,6-Speed A/T,At least 1 accident or damage reported,Yes,"$25,000",290.0,3.5,V6,Rover Discovery HSE,340.0HP 3.0L V6 Cylinder Engine Gasoline Fuel
Chevrolet,2016,"110,000 mi.",E85 Flex Fuel,A/T,None reported,Yes,"$30,999",355.0,5.3,8 CYLINDER,Wrangler SE,120.0HP 2.5L 4 Cylinder Engine Gasoline Fuel
Mazda,2006,"218,000 mi.",Gasoline,6-Speed M/T,At least 1 accident or damage reported,Yes,"$4,999",170.0,2.0,4 CYLINDER,Highlander XLE,270.0HP 3.5L V6 Cylinder Engine Gasoline Fuel
INFINITI,2003,"106,500 mi.",Gasoline,6-Speed M/T,None reported,Yes,"$9,500",280.0,3.5,V6,Corvette Grand Sport,430.0HP 6.2L 8 Cylinder Engine Gasoline Fuel
Chevrolet,2012,"140,500 mi.",E85 Flex Fuel,A/T,None reported,Yes,"$11,800",324.0,6.0,8 CYLINDER,Corvette Stingray,455.0HP 6.2L 8 Cylinder Engine Gasoline Fuel
Ford,2010,"144,200 mi.",Gasoline,5-Speed A/T,None reported,Yes,"$9,999",210.0,4.0,V6,SLK-Class SLK230 Kompressor,190.0HP 2.3L 4 Cylinder Engine Gasoline Fuel
Chevrolet,2022,"21,400 mi.",Diesel,10-Speed A/T,None reported,Yes,"$69,000",277.0,3.0,6 CYLINDER,Juke NISMO RS,215.0HP 1.6L 4 Cylinder Engine Gasoline Fuel
Mercedes-Benz,2015,"130,000 mi.",Gasoline,7-Speed A/T,None reported,Yes,"$24,500",429.0,4.7,8 CYLINDER,911 Carrera C2S,355.0HP 3.8L Flat 6 Cylinder Engine Gasoline Fuel
Ford,2012,"108,045 mi.",Gasoline,6-Speed A/T,None reported,Yes,"$6,500",160.0,2.0,4 CYLINDER,Colorado LT,3.6L V6 24V GDI DOHC
Subaru,2022,"10,000 mi.",Gasoline,CVT Transmission,None reported,Yes,"$28,000",152.0,2.0,4 CYLINDER,Macan S,348.0HP 3.0L V6 Cylinder Engine Gasoline Fuel
Hyundai,2011,"75,000 mi.",Gasoline,Transmission w/Dual Shift Mode,At least 1 accident or damage reported,Yes,"$12,000",306.0,3.8,V6,GLE 350 Base 4MATIC,255.0HP 2.0L 4 Cylinder Engine Gasoline Fuel
Chrysler,2009,"73,500 mi.",Gasoline,A/T,At least 1 accident or damage reported,Yes,"$7,858",170.0,3.3,V6,Land Cruiser Base,381.0HP 5.7L 8 Cylinder Engine Gasoline Fuel
Porsche,2018,"29,850 mi.",Gasoline,8-Speed A/T,None reported,Yes,"$89,750",550.0,4.0,8 CYLINDER,X6 xDrive40i,3.0 Liter Turbo
Honda,2016,"135,350 mi.",Gasoline,6-Speed A/T,At least 1 accident or damage reported,Yes,"$19,900",280.0,3.5,V6,R1S Adventure Package,835.0HP Electric Motor Electric Fuel System
Mercedes-Benz,2022,"16,983 mi.",Gasoline,Automatic,None reported,No,"$40,998",362.0,2.0,V6,Highlander Platinum,295.0HP 3.5L V6 Cylinder Engine Gasoline Fuel
Audi,2019,"35,580 mi.",Hybrid,8-Speed A/T,None reported,Yes,"$49,500",335.0,3.0,V6,SL-Class SL 63 AMG,518.0HP 6.3L 8 Cylinder Engine Gasoline Fuel
Ford,2020,"71,200 mi.",Gasoline,8-Speed A/T,None reported,Yes,"$18,900",250.0,2.0,4 CYLINDER,Thunderbird Deluxe,252.0HP 3.9L 8 Cylinder Engine Gasoline Fuel
Dodge,2022,"24,778 mi.",Gasoline,8-Speed Automatic,At least 1 accident or damage reported,No,"$36,599",357.5,3.6,V6,2500 Big Horn,410.0HP 6.4L 8 Cylinder Engine Gasoline Fuel
BMW,2015,"109,330 mi.",Gasoline,A/T,None reported,Yes,"$13,349",240.0,2.0,4 CYLINDER,F-350 XLT,316.0HP 6.2L 8 Cylinder Engine Flex Fuel Capability
Alfa,2023,"6,645 mi.",Gasoline,8-Speed Automatic,None reported,No,"$43,900",240.0,2.0,I4,RAV4 Prime XSE,302.0HP 2.5L 4 Cylinder Engine Plug-In Electric/Gas
Mercedes-Benz,2007,"90,400 mi.",Gasoline,7-Speed A/T,None reported,Yes,"$10,199",335.0,4.7,8 CYLINDER,Grand Cherokee Limited,3.6L V6 24V MPFI DOHC
Ford,2002,"192,100 mi.",Gasoline,5-Speed A/T,At least 1 accident or damage reported,Yes,"$6,450",207.0,4.0,V6,Focus SE,132.0HP 2.0L 4 Cylinder Engine Gasoline Fuel
BMW,2018,"32,000 mi.",Gasoline,Transmission w/Dual Shift Mode,None reported,Yes,"$70,000",453.0,3.0,6 CYLINDER,911 Carrera 4 GTS,473.0HP 3.0L Flat 6 Cylinder Engine Gasoline Fuel
Volkswagen,2022,"6,400 mi.",Gasoline,A/T,None reported,Yes,"$41,500",241.0,2.0,4 CYLINDER,Corvette Stingray w/2LT,490.0HP 6.2L 8 Cylinder Engine Gasoline Fuel
Toyota,2021,"36,180 mi.",Gasoline,A/T,None reported,Yes,"$36,990",270.0,4.0,V6,F-150 XLT SuperCab,220.0HP 4.6L 8 Cylinder Engine Gasoline Fuel
GMC,2014,"142,400 mi.",E85 Flex Fuel,A/T,At least 1 accident or damage reported,Yes,"$13,500",320.0,5.3,8 CYLINDER,Macan Base,252.0HP 2.0L 4 Cylinder Engine Gasoline Fuel
Cadillac,2016,"83,000 mi.",Gasoline,8-Speed A/T,None reported,Yes,"$16,500",272.0,2.0,4 CYLINDER,ZDX Base,300.0HP 3.7L V6 Cylinder Engine Gasoline Fuel
Nissan,2012,"80,000 mi.",Gasoline,A/T,None reported,Yes,"$14,800",261.0,4.0,V6,Suburban Premier,5.3L V8 16V GDI OHV
Ford,2021,"32,437 mi.",Gasoline,10-Speed A/T,None reported,Yes,"$51,000",315.0,2.7,V6,Traverse Premier,3.6L V6 24V GDI DOHC
BMW,2011,"67,500 mi.",Gasoline,6-Speed A/T,None reported,Yes,"$18,000",230.0,3.0,6 CYLINDER,E-Class E 400,329.0HP 3.0L V6 Cylinder Engine Gasoline Fuel
Toyota,2021,"25,882 mi.",Gasoline,Automatic,None reported,No,"$43,837",395.0,4.0,V6,M3 Base,414.0HP 4.0L 8 Cylinder Engine Gasoline Fuel
Porsche,2018,"12,088 mi.",Gasoline,A/T,None reported,Yes,"$169,000",540.0,3.8,6 CYLINDER,F-250 XLT,450.0HP 6.7L 8 Cylinder Engine Diesel Fuel
Toyota,2005,"170,000 mi.",Gasoline,A/T,At least 1 accident or damage reported,Yes,"$11,200",282.0,4.7,8 CYLINDER,Highlander SE,295.0HP 3.5L V6 Cylinder Engine Gasoline Fuel
Ford,2023,"3,763 mi.",Diesel,10-Speed A/T,None reported,Yes,"$92,000",475.0,6.7,8 CYLINDER,Sky Red Line,260.0HP 2.0L 4 Cylinder Engine Gasoline Fuel
Land,2018,"46,000 mi.",Gasoline,A/T,None reported,Yes,"$40,000",380.0,3.0,V6,LS 460 Base,380.0HP 4.6L 8 Cylinder Engine Gasoline Fuel
Ford,2008,"190,321 mi.",Diesel,A/T,None reported,Yes,"$15,900",350.0,6.4,8 CYLINDER,CR-V LX,160.0HP 2.4L 4 Cylinder Engine Gasoline Fuel
Porsche,2018,"40,950 mi.",Gasoline,7-Speed A/T,None reported,Yes,"$39,750",340.0,3.0,V6,Mustang GT Premium,315.0HP 4.6L 8 Cylinder Engine Gasoline Fuel
Mercedes-Benz,2014,"42,000 mi.",Gasoline,7-Speed A/T,None reported,Yes,"$45,000",451.0,6.2,8 CYLINDER,F-250 Limited,450.0HP 6.7L 8 Cylinder Engine Diesel Fuel
Nissan,2014,"135,000 mi.",Gasoline,A/T,None reported,Yes,"$8,500",260.0,3.5,V6,Boxster Black Edition,265.0HP 2.7L Flat 6 Cylinder Engine Gasoline Fuel
Jeep,2020,"20,655 mi.",Gasoline,8-Speed Automatic,None reported,No,"$42,850",285.0,3.6,V6,Corvette Base,340.0HP 5.7L 8 Cylinder Engine Gasoline Fuel
Porsche,2023,"1,877 mi.",Gasoline,8-Speed A/T,None reported,Yes,"$185,950",443.0,3.0,6 CYLINDER,Explorer XLT,290.0HP 3.5L V6 Cylinder Engine Gasoline Fuel
Ford,2019,"33,000 mi.",Diesel,6-Speed A/T,None reported,Yes,"$59,000",450.0,6.7,8 CYLINDER,Z4 3.0si,255.0HP 3.0L Straight 6 Cylinder Engine Gasoline Fuel
Ford,2016,"68,000 mi.",Gasoline,A/T,None reported,Yes,"$12,500",175.0,2.5,4 CYLINDER,RX 350 F Sport,295.0HP 3.5L V6 Cylinder Engine Gasoline Fuel
Honda,2013,"405,000 mi.",Gasoline,CVT Transmission,None reported,Yes,"$6,000",185.0,2.4,4 CYLINDER,Accent SEL,120.0HP 1.6L 4 Cylinder Engine Gasoline Fuel
BMW,2018,"117,000 mi.",Gasoline,8-Speed A/T,None reported,Yes,"$17,000",248.0,2.0,4 CYLINDER,Expedition Max XLT,375.0HP 3.5L V6 Cylinder Engine Gasoline Fuel
Acura,2007,"183,455 mi.",Gasoline,5-Speed A/T,At least 1 accident or damage reported,Yes,"$7,700",300.0,3.7,V6,328 i xDrive,240.0HP 2.0L 4 Cylinder Engine Gasoline Fuel
Chevrolet,2021,"51,890 mi.",Gasoline,10-Speed Automatic,None reported,Yes,"$59,980",355.0,5.3,V8,Fusion SE,175.0HP 2.5L 4 Cylinder Engine Gasoline Fuel
Chevrolet,2021,"59,528 mi.",Gasoline,10-Speed Automatic,None reported,Yes,"$68,995",355.0,6.2,V8,F-150 XLT,375.0HP 3.5L V6 Cylinder Engine Gasoline Fuel
Cadillac,2006,"123,000 mi.",Gasoline,6-Speed M/T,None reported,Yes,"$15,000",400.0,6.0,8 CYLINDER,F-150 Platinum,5.0L 8 Cylinder
Kia,2022,"20,000 mi.",electric,1-Speed A/T,None reported,Yes,"$29,998",201.0,3.5,V6,Ram 1500 SLT Mega Cab,345.0HP 5.7L 8 Cylinder Engine Gasoline Fuel
BMW,2021,"38,352 mi.",Gasoline,8-Speed Automatic,None reported,No,"$37,400",335.0,2.0,I4,Civic EX,140.0HP 1.8L 4 Cylinder Engine Gasoline Fuel
Porsche,2021,"13,344 mi.",electric,2-Speed A/T,At least 1 accident or damage reported,Yes,"$83,499",321.0,3.5,V6,Rover Range Rover Velar P250 S R-Dynamic,247.0HP 2.0L 4 Cylinder Engine Gasoline Fuel
Honda,2008,"44,300 mi.",Gasoline,M/T,None reported,Yes,"$62,000",237.0,2.2,4 CYLINDER,Tacoma Base,159.0HP 2.7L 4 Cylinder Engine Gasoline Fuel
Lexus,2010,"123,500 mi.",Hybrid,A/T,At least 1 accident or damage reported,Yes,"$9,500",147.0,2.4,4 CYLINDER,F-250 XLT,385.0HP 6.2L 8 Cylinder Engine Flex Fuel Capability
Lincoln,2013,"134,000 mi.",E85 Flex Fuel,6-Speed A/T,None reported,Yes,"$21,500",310.0,5.4,8 CYLINDER,Sprinter 2500 Standard Roof,188.0HP 2.0L 4 Cylinder Engine Gasoline Fuel
Ford,2020,"57,000 mi.",Gasoline,10-Speed A/T,At least 1 accident or damage reported,Yes,"$37,500",375.0,3.5,V6,2500 Big Horn,370.0HP 6.7L Straight 6 Cylinder Engine Diesel Fuel
Kia,2021,"100,312 mi.",Gasoline,8-Speed Automatic,None reported,No,"$19,980",290.0,1.6,I4,328 i xDrive,230.0HP 3.0L Straight 6 Cylinder Engine Gasoline Fuel
Bentley,2021,"16,146 mi.",Gasoline,Automatic,None reported,No,"$239,991",580.0,6.0,W-12,Explorer XLT,290.0HP 3.5L V6 Cylinder Engine Flex Fuel Capability
Tesla,2012,"61,000 mi.",electric,A/T,None reported,Yes,"$29,000",416.0,3.5,V6,Suburban LTZ,355.0HP 5.3L 8 Cylinder Engine Flex Fuel Capability
BMW,2014,"15,889 mi.",Gasoline,8-Speed A/T,None reported,Yes,"$34,500",240.0,2.0,4 CYLINDER,MX-5 Miata Sport,170.0HP 2.0L 4 Cylinder Engine Gasoline Fuel
BMW,2015,"125,500 mi.",Gasoline,A/T,At least 1 accident or damage reported,Yes,"$12,950",240.0,2.0,4 CYLINDER,G35 Base,280.0HP 3.5L V6 Cylinder Engine Gasoline Fuel
Ford,2013,"163,500 mi.",E85 Flex Fuel,A/T,None reported,Yes,"$16,490",395.0,5.4,8 CYLINDER,Express 2500 Work Van,324.0HP 6.0L 8 Cylinder Engine Flex Fuel Capability
Buick,2015,"89,726 mi.",Gasoline,A/T,None reported,Yes,"$16,000",328.0,3.6,V6,Explorer Eddie Bauer,210.0HP 4.0L V6 Cylinder Engine Gasoline Fuel
Mercedes-Benz,2005,"93,000 mi.",Gasoline,A/T,None reported,Yes,"$22,500",493.0,5.5,12 CYLINDER,Suburban RST,277.0HP 3.0L Straight 6 Cylinder Engine Diesel Fuel
MINI,2012,"128,000 mi.",Gasoline,6-Speed A/T,None reported,Yes,"$8,500",181.0,1.6,4 CYLINDER,GL-Class GL 550 4MATIC,429.0HP 4.7L 8 Cylinder Engine Gasoline Fuel
Porsche,2017,"70,800 mi.",Gasoline,Transmission w/Dual Shift Mode,None reported,Yes,"$52,999",520.0,4.8,8 CYLINDER,Focus SE,160.0HP 2.0L 4 Cylinder Engine Gasoline Fuel
Saturn,2009,"115,000 mi.",Hybrid,A/T,None reported,Yes,"$4,400",172.0,2.4,4 CYLINDER,Crosstrek Premium,152.0HP 2.0L 4 Cylinder Engine Gasoline Fuel
RAM,2018,"98,650 mi.",Diesel,6-Speed A/T,None reported,Yes,"$56,750",395.0,6.7,6 CYLINDER,Genesis Coupe 3.8 Track,306.0HP 3.8L V6 Cylinder Engine Gasoline Fuel
RAM,2019,"87,768 mi.",Hybrid,A/T,None reported,Yes,"$44,000",395.0,5.7,8 CYLINDER,Town & Country LX,170.0HP 3.3L V6 Cylinder Engine Gasoline Fuel
Chevrolet,2023,"6,000 mi.",Gasoline,9-Speed A/T,None reported,Yes,"$48,500",310.0,3.6,V6,Panamera Turbo,550.0HP 4.0L 8 Cylinder Engine Gasoline Fuel
Lexus,2021,"28,262 mi.",Gasoline,Automatic,None reported,No,"$49,998",301.0,3.5,V6,Pilot EX-L,280.0HP 3.5L V6 Cylinder Engine Gasoline Fuel
Cadillac,2012,"87,500 mi.",E85 Flex Fuel,A/T,None reported,Yes,"$11,499",308.0,3.6,V6,GLC 300 GLC 300,2.0 Liter Turbo
FIAT,2013,"85,458 mi.",Gasoline,A/T,None reported,Yes,"$9,000",101.0,1.4,4 CYLINDER,A8 L 55,335.0HP 3.0L V6 Cylinder Engine Gasoline/Mild Electric Hybrid
Mercedes-Benz,2022,"16,500 mi.",electric,A/T,None reported,Yes,"$69,500",329.0,3.5,V6,Edge SE,250.0HP 2.0L 4 Cylinder Engine Gasoline Fuel
MINI,2009,"83,853 mi.",Gasoline,6-Speed M/T,At least 1 accident or damage reported,Yes,"$6,950",172.0,1.6,4 CYLINDER,Durango GT,3.6L V6 24V MPFI DOHC
BMW,2022,"22,500 mi.",Gasoline,Transmission w/Dual Shift Mode,At least 1 accident or damage reported,Yes,"$74,999",523.0,4.4,8 CYLINDER,328 i,240.0HP 2.0L 4 Cylinder Engine Gasoline Fuel
Lexus,2013,"99,524 mi.",Gasoline,8-Speed A/T,At least 1 accident or damage reported,Yes,"$24,900",386.0,4.6,8 CYLINDER,Romeo Stelvio Ti,2.0L I4 16V GDI SOHC Turbo
Genesis,2023,"8,100 mi.",Gasoline,Transmission w/Dual Shift Mode,None reported,Yes,"$57,300",300.0,2.5,4 CYLINDER,GL-Class GL 450 4MATIC,335.0HP 4.7L 8 Cylinder Engine Gasoline Fuel
MINI,2016,"43,073 mi.",Gasoline,6-Speed Automatic,None reported,No,"$17,999",181.0,2.0,I4,Ranger XLT SuperCab,207.0HP 4.0L V6 Cylinder Engine Gasoline Fuel
Land,2023,"12,425 mi.",Gasoline,Automatic,None reported,No,"$57,619",380.0,3.5,I4,M3 CS,453.0HP 3.0L Straight 6 Cylinder Engine Gasoline Fuel
BMW,2020,"23,195 mi.",Gasoline,8-Speed Automatic,None reported,No,"$38,900",335.0,2.0,I4,Golf GTI 2.0T Autobahn,241.0HP 2.0L 4 Cylinder Engine Gasoline Fuel
Jeep,2011,"118,000 mi.",Gasoline,A/T,At least 1 accident or damage reported,Yes,"$12,500",360.0,5.7,8 CYLINDER,4Runner SR5 Premium,270.0HP 4.0L V6 Cylinder Engine Gasoline Fuel
Toyota,2018,"65,290 mi.",Gasoline,6-Speed A/T,At least 1 accident or damage reported,Yes,"$26,450",278.0,3.5,V6,Yukon SLT,320.0HP 5.3L 8 Cylinder Engine Flex Fuel Capability
Porsche,2001,"47,885 mi.",Gasoline,6-Speed M/T,None reported,No,"$31,995",300.0,3.4,6 CYLINDER,ATS 2.0L Turbo Luxury,272.0HP 2.0L 4 Cylinder Engine Gasoline Fuel
Jeep,2020,"13,000 mi.",Gasoline,8-Speed A/T,None reported,Yes,"$39,500",285.0,3.6,V6,Xterra S,261.0HP 4.0L V6 Cylinder Engine Gasoline Fuel
Dodge,2018,"29,475 mi.",Gasoline,8-Speed A/T,None reported,Yes,"$62,999",707.0,6.2,8 CYLINDER,Bronco Badlands,315.0HP 2.7L V6 Cylinder Engine Gasoline Fuel
Jeep,2017,"78,717 mi.",Gasoline,A/T,None reported,Yes,"$17,500",180.0,2.4,4 CYLINDER,328 i,230.0HP 3.0L Straight 6 Cylinder Engine Gasoline Fuel
Ford,2021,"9,142 mi.",Hybrid,10-Speed A/T,None reported,Yes,"$61,500",430.0,3.5,V6,4Runner Limited,"4L V-6 DOHC, VVT-i variable valve control, engine with 270HP"
Jaguar,2011,"106,000 mi.",Gasoline,6-Speed A/T,At least 1 accident or damage reported,Yes,"$9,400",385.0,5.0,8 CYLINDER,911 Turbo,540.0HP 3.8L Flat 6 Cylinder Engine Gasoline Fuel
RAM,2022,"3,521 mi.",Gasoline,Automatic,None reported,Yes,"$51,074",395.0,5.7,V8,Tundra SR5 Double Cab,282.0HP 4.7L 8 Cylinder Engine Gasoline Fuel
Volkswagen,2016,"90,000 mi.",Gasoline,6-Speed A/T,None reported,Yes,"$16,750",210.0,2.0,4 CYLINDER,F-250 Lariat,475.0HP 6.7L 8 Cylinder Engine Diesel Fuel
Porsche,2016,"46,000 mi.",Gasoline,Transmission w/Dual Shift Mode,None reported,Yes,"$38,000",400.0,3.6,V6,Rover Range Rover Velar P380 S,380.0HP 3.0L V6 Cylinder Engine Gasoline Fuel
BMW,2020,"18,362 mi.",Gasoline,A/T,None reported,Yes,"$60,000",503.0,3.0,6 CYLINDER,F-250 XLT Crew Cab Super Duty,350.0HP 6.4L 8 Cylinder Engine Diesel Fuel
Lexus,2013,"164,500 mi.",Gasoline,6-Speed A/T,At least 1 accident or damage reported,Yes,"$16,500",270.0,3.5,V6,Macan S,340.0HP 3.0L V6 Cylinder Engine Gasoline Fuel
GMC,2020,"55,018 mi.",Gasoline,9-Speed A/T,At least 1 accident or damage reported,Yes,"$25,500",170.0,1.5,4 CYLINDER,C-Class C 63 AMG,451.0HP 6.2L 8 Cylinder Engine Gasoline Fuel
Nissan,2022,"36,466 mi.",Gasoline,Automatic CVT,None reported,No,"$24,980",284.0,3.5,V6,Pathfinder S,260.0HP 3.5L V6 Cylinder Engine Gasoline Fuel
Volvo,2022,"14,280 mi.",Hybrid,A/T,None reported,Yes,"$36,500",247.0,2.0,4 CYLINDER,Gladiator Overland,3.6L V6 24V MPFI DOHC
Subaru,2013,"116,000 mi.",Gasoline,A/T,At least 1 accident or damage reported,Yes,"$12,500",173.0,2.5,4 CYLINDER,911 Carrera S,443.0HP 3.0L Flat 6 Cylinder Engine Gasoline Fuel
RAM,2022,"16,184 mi.",Gasoline,8-Speed Automatic,None reported,No,"$46,999",395.0,5.7,V8,F-250 XLT,450.0HP 6.7L 8 Cylinder Engine Diesel Fuel
Porsche,1997,"132,800 mi.",Gasoline,5-Speed M/T,None reported,No,"$8,500",201.0,2.5,6 CYLINDER,Fusion SE,175.0HP 2.5L 4 Cylinder Engine Gasoline Fuel
Ford,2020,"45,000 mi.",Gasoline,10-Speed A/T,None reported,Yes,"$33,500",300.0,2.3,4 CYLINDER,Accord Sport,185.0HP 2.4L 4 Cylinder Engine Gasoline Fuel
Ford,2013,"102,000 mi.",Gasoline,6-Speed A/T,None reported,Yes,"$23,000",365.0,3.5,V6,330 i xDrive,248.0HP 2.0L 4 Cylinder Engine Gasoline Fuel
Ford,2004,"163,000 mi.",Diesel,5-Speed A/T,At least 1 accident or damage reported,Yes,"$18,000",325.0,6.0,8 CYLINDER,MDX Sport,300.0HP 3.7L V6 Cylinder Engine Gasoline Fuel
BMW,2023,"3,500 mi.",Gasoline,8-Speed A/T,None reported,Yes,"$129,000",617.0,4.4,8 CYLINDER,Suburban Premier,5.3L V8 16V GDI OHV
Porsche,2016,"42,526 mi.",Gasoline,7-Speed A/T,None reported,Yes,"$66,200",440.0,4.8,8 CYLINDER,Suburban High Country,6.2L V8 16V GDI OHV
Mazda,2012,"144,900 mi.",Gasoline,Transmission w/Dual Shift Mode,None reported,Yes,"$6,000",155.0,2.0,4 CYLINDER,CTS-V Base,400.0HP 6.0L 8 Cylinder Engine Gasoline Fuel
GMC,2016,"85,000 mi.",Gasoline,A/T,None reported,Yes,"$32,750",355.0,5.3,8 CYLINDER,Niro EV EX,201.0HP Electric Motor Electric Fuel System
Mercedes-Benz,2022,"16,113 mi.",Diesel,A/T,None reported,Yes,"$111,000",188.0,3.0,V6,X3 xDrive30i,2.0L I4 16V GDI DOHC Turbo
Mercedes-Benz,2011,"93,000 mi.",Gasoline,A/T,At least 1 accident or damage reported,Yes,"$11,900",335.0,4.7,8 CYLINDER,Taycan Base,321.0HP Electric Motor Electric Fuel System
RAM,2022,"11,468 mi.",Gasoline,Automatic,None reported,Yes,"$50,204",350.0,5.7,V8,S2000 CR,237.0HP 2.2L 4 Cylinder Engine Gasoline Fuel
Lexus,2019,"25,470 mi.",Gasoline,Transmission w/Dual Shift Mode,None reported,Yes,"$32,500",235.0,2.0,4 CYLINDER,HS 250h Premium,147.0HP 2.4L 4 Cylinder Engine Gas/Electric Hybrid
BMW,2014,"90,347 mi.",Gasoline,8-Speed A/T,None reported,Yes,"$21,800",300.0,3.0,6 CYLINDER,Navigator Base,310.0HP 5.4L 8 Cylinder Engine Flex Fuel Capability
GMC,2017,"96,000 mi.",Gasoline,A/T,None reported,Yes,"$34,000",355.0,5.3,8 CYLINDER,F-150 XLT,375.0HP 3.5L V6 Cylinder Engine Gasoline Fuel
Honda,2016,"80,500 mi.",Gasoline,6-Speed A/T,None reported,Yes,"$23,000",280.0,3.5,V6,K5 GT-Line,1.6L I4 16V GDI DOHC Turbo
Audi,2021,"35,000 mi.",Hybrid,7-Speed A/T,None reported,Yes,"$37,499",261.0,2.0,4 CYLINDER,Continental GT W12,"6L W-12 port/direct injection, DOHC, variable valve control, twi"
Honda,2020,"121,212 mi.",Gasoline,Automatic CVT,At least 1 accident or damage reported,Yes,"$18,387",205.0,1.5,I4,Model S Performance,416.0HP Electric Motor Electric Fuel System
Mercedes-Benz,2018,"14,381 mi.",Gasoline,7-Speed Automatic,None reported,No,"$204,900",362.0,4.0,V8,Z4 sDrive28i,240.0HP 2.0L 4 Cylinder Engine Gasoline Fuel
Porsche,2022,"13,500 mi.",Gasoline,8-Speed A/T,None reported,Yes,"$86,999",325.0,2.9,V6,528 i xDrive,240.0HP 2.0L 4 Cylinder Engine Gasoline Fuel
BMW,2019,"33,214 mi.",Plug-In Hybrid,A/T,None reported,Yes,"$43,500",322.0,2.0,4 CYLINDER,Expedition Limited,310.0HP 5.4L 8 Cylinder Engine Flex Fuel Capability
Ford,2017,"29,719 mi.",E85 Flex Fuel,A/T,None reported,Yes,"$31,000",385.0,6.2,8 CYLINDER,Enclave Leather,288.0HP 3.6L V6 Cylinder Engine Gasoline Fuel
Lincoln,2022,"4,520 mi.",Gasoline,8-Speed A/T,None reported,Yes,"$38,500",250.0,2.0,4 CYLINDER,SL-Class SL600 Roadster,493.0HP 5.5L 12 Cylinder Engine Gasoline Fuel
Hyundai,2017,"84,129 mi.",Gasoline,6-Speed Automatic,None reported,No,"$14,599",290.0,2.4,I4,Cooper S Base,181.0HP 1.6L 4 Cylinder Engine Gasoline Fuel
Nissan,2019,"72,150 mi.",Gasoline,CVT Transmission,At least 1 accident or damage reported,Yes,"$26,999",300.0,3.5,V6,Cayenne Turbo,520.0HP 4.8L 8 Cylinder Engine Gasoline Fuel
GMC,2015,"94,500 mi.",Gasoline,A/T,At least 1 accident or damage reported,Yes,"$30,000",355.0,5.3,8 CYLINDER,Vue Hybrid Base,172.0HP 2.4L 4 Cylinder Engine Gas/Electric Hybrid
Mercedes-Benz,2017,"88,454 mi.",Gasoline,9-Speed A/T,None reported,Yes,"$39,999",449.0,4.7,8 CYLINDER,2500 Laramie,350.0HP 6.7L Straight 6 Cylinder Engine Diesel Fuel
Cadillac,2010,"81,696 mi.",Gasoline,6-Speed A/T,At least 1 accident or damage reported,Yes,"$9,499",270.0,3.0,V6,1500 Limited,395.0HP 5.7L 8 Cylinder Engine Gasoline/Mild Electric Hybrid
Cadillac,2005,"94,100 mi.",Gasoline,6-Speed M/T,None reported,Yes,"$6,099",255.0,3.6,V6,Traverse RS,310.0HP 3.6L V6 Cylinder Engine Gasoline Fuel
Ford,2022,"17,500 mi.",Hybrid,10-Speed A/T,None reported,Yes,"$46,000",395.0,3.3,V6,RX 350 F SPORT Appearance,3.5 Liter
Acura,2016,"132,252 mi.",Gasoline,Automatic,None reported,No,"$18,998",279.5,3.5,V6,CX-50 2.5 Turbo Premium Package,227.0HP 2.5L 4 Cylinder Engine Gasoline Fuel
Toyota,2022,"4,437 mi.",Gasoline,Transmission w/Dual Shift Mode,None reported,Yes,"$42,000",295.0,3.5,V6,SRX Luxury Collection,308.0HP 3.6L V6 Cylinder Engine Flex Fuel Capability
Volkswagen,2018,"70,500 mi.",Gasoline,Transmission w/Dual Shift Mode,None reported,Yes,"$23,000",220.0,2.0,4 CYLINDER,500 Lounge,101.0HP 1.4L 4 Cylinder Engine Gasoline Fuel
Toyota,2008,"170,000 mi.",Gasoline,A/T,None reported,Yes,"$5,199",126.0,1.8,4 CYLINDER,EQS 450+ Base,329.0HP Electric Motor Electric Fuel System
Honda,2008,"122,000 mi.",Gasoline,A/T,None reported,Yes,"$10,500",166.0,2.4,4 CYLINDER,Cooper S Clubman Base,172.0HP 1.6L 4 Cylinder Engine Gasoline Fuel
Toyota,2008,"57,852 mi.",Gasoline,A/T,None reported,No,"$13,900",210.0,3.3,V6,X6 M50i,523.0HP 4.4L 8 Cylinder Engine Gasoline Fuel
Hyundai,2010,"120,321 mi.",Gasoline,Transmission w/Dual Shift Mode,None reported,Yes,"$10,500",378.0,4.6,8 CYLINDER,LS 460 Base,386.0HP 4.6L 8 Cylinder Engine Gasoline Fuel
BMW,2004,"178,000 mi.",Gasoline,5-Speed A/T,None reported,Yes,"$5,750",184.0,2.5,6 CYLINDER,GV80 2.5T,300.0HP 2.5L 4 Cylinder Engine Gasoline Fuel
BMW,2002,"60,255 mi.",Gasoline,6-Speed M/T,None reported,Yes,"$28,750",333.0,3.2,6 CYLINDER,Hardtop Cooper S,2.0L I4 16V GDI DOHC Turbo
Land,2019,"77,690 mi.",Gasoline,8-Speed A/T,None reported,Yes,"$43,500",380.0,3.0,V6,Rover Range Rover Velar R-Dynamic S,I4
Chevrolet,2009,"18,000 mi.",Gasoline,6-Speed M/T,None reported,Yes,"$78,000",638.0,6.2,8 CYLINDER,530 i xDrive,2.0L I4 16V GDI DOHC Turbo
Honda,2001,"125,000 mi.",Gasoline,5-Speed M/T,None reported,Yes,"$18,000",200.0,2.2,4 CYLINDER,Grand Cherokee Laredo,360.0HP 5.7L 8 Cylinder Engine Gasoline Fuel
Lexus,2021,"6,449 mi.",Gasoline,6-Speed Automatic,At least 1 accident or damage reported,No,"$35,999",301.0,2.0,I4,Tacoma SR5,278.0HP 3.5L V6 Cylinder Engine Gasoline Fuel
Volkswagen,2019,"33,000 mi.",Gasoline,6-Speed M/T,None reported,Yes,"$27,500",228.0,2.0,4 CYLINDER,911 Carrera Cabriolet,300.0HP 3.4L Flat 6 Cylinder Engine Gasoline Fuel
Nissan,2009,"87,130 mi.",Gasoline,A/T,None reported,Yes,"$20,000",317.0,5.6,8 CYLINDER,Gladiator Sport S,285.0HP 3.6L V6 Cylinder Engine Gasoline Fuel
Lexus,1998,"165,000 mi.",Gasoline,A/T,None reported,Yes,"$8,700",225.0,3.0,6 CYLINDER,Challenger SRT Hellcat,707.0HP 6.2L 8 Cylinder Engine Gasoline Fuel
Toyota,2008,"73,000 mi.",Gasoline,5-Speed A/T,At least 1 accident or damage reported,Yes,"$11,500",210.0,3.3,V6,Renegade Trailhawk,180.0HP 2.4L 4 Cylinder Engine Gasoline Fuel
Porsche,2020,"22,354 mi.",Gasoline,7-Speed Automatic with Auto-Shift,None reported,No,"$54,900",365.0,3.0,V6,F-150 Lariat,430.0HP 3.5L V6 Cylinder Engine Gas/Electric Hybrid
Tesla,2023,"6,188 mi.",electric,A/T,None reported,Yes,"$53,900",455.0,3.5,V6,XF Premium,385.0HP 5.0L 8 Cylinder Engine Gasoline Fuel
GMC,2019,"60,807 mi.",Gasoline,9-Speed Automatic,At least 1 accident or damage reported,Yes,"$25,925",355.0,2.0,I4,1500 Laramie,5.7L V8 16V MPFI OHV
Jeep,2014,"105,000 mi.",Gasoline,A/T,None reported,Yes,"$10,950",158.0,2.0,4 CYLINDER,Golf GTI 2.0T SE 4-Door,210.0HP 2.0L 4 Cylinder Engine Gasoline Fuel
Audi,2018,"63,400 mi.",Gasoline,A/T,None reported,Yes,"$29,900",333.0,3.0,V6,Macan Turbo,400.0HP 3.6L V6 Cylinder Engine Gasoline Fuel
Ford,2022,"4,500 mi.",Gasoline,10-Speed A/T,None reported,Yes,"$86,500",430.0,7.3,8 CYLINDER,X4 M Competition,503.0HP 3.0L Straight 6 Cylinder Engine Gasoline Fuel
Jeep,2020,"8,025 mi.",Gasoline,8-Speed Automatic,None reported,Yes,"$42,433",285.0,3.6,V6,RX 350 Base,270.0HP 3.5L V6 Cylinder Engine Gasoline Fuel
Lincoln,2019,"49,131 mi.",Gasoline,10-Speed Automatic,None reported,No,"$55,460",304.0,3.5,V6,Terrain SLT,170.0HP 1.5L 4 Cylinder Engine Gasoline Fuel
Mercedes-Benz,2016,"62,285 mi.",Gasoline,7-Speed A/T,At least 1 accident or damage reported,Yes,"$29,950",329.0,3.0,V6,Maxima SV,3.5L V6 24V GDI DOHC
Lexus,2021,"5,040 mi.",Gasoline,8-Speed A/T,At least 1 accident or damage reported,Yes,"$48,900",295.0,3.5,V6,S60 B5 Inscription,247.0HP 2.0L 4 Cylinder Engine Gasoline/Mild Electric Hybrid
RAM,2022,"12,940 mi.",Gasoline,8-Speed Automatic,At least 1 accident or damage reported,No,"$46,999",395.0,5.7,V8,Outback 2.5i Premium,173.0HP 2.5L 4 Cylinder Engine Gasoline Fuel
Mitsubishi,2015,"98,385 mi.",Gasoline,CVT Transmission,At least 1 accident or damage reported,Yes,"$10,500",166.0,2.4,4 CYLINDER,1500 Laramie,5.7L V8 16V MPFI OHV
Hyundai,2013,"43,903 mi.",Gasoline,A/T,At least 1 accident or damage reported,Yes,"$12,500",200.0,2.4,4 CYLINDER,Boxster Base,201.0HP 2.5L Flat 6 Cylinder Engine Gasoline Fuel
Ford,2017,"41,650 mi.",Gasoline,A/T,None reported,Yes,"$23,600",310.0,2.3,4 CYLINDER,Explorer XLT,300.0HP 2.3L 4 Cylinder Engine Gasoline Fuel
BMW,2022,"31,850 mi.",Plug-In Hybrid,Transmission w/Dual Shift Mode,None reported,Yes,"$60,500",389.0,3.0,6 CYLINDER,F-150 Lariat,365.0HP 3.5L V6 Cylinder Engine Gasoline Fuel
Hyundai,2013,"96,419 mi.",Hybrid,6-Speed A/T,At least 1 accident or damage reported,Yes,"$14,999",395.0,2.4,4 CYLINDER,Excursion XLS,325.0HP 6.0L 8 Cylinder Engine Diesel Fuel
Honda,2007,"170,000 mi.",Gasoline,A/T,None reported,Yes,"$7,700",244.0,3.5,V6,M8 Competition,617.0HP 4.4L 8 Cylinder Engine Gasoline Fuel
Chevrolet,2009,"139,000 mi.",Gasoline,A/T,None reported,Yes,"$14,500",300.0,5.3,8 CYLINDER,Panamera GTS,440.0HP 4.8L 8 Cylinder Engine Gasoline Fuel
Buick,2016,"134,655 mi.",Gasoline,6-Speed Automatic,None reported,Yes,"$18,051",310.0,3.6,V6,Mazda3 i Touring,155.0HP 2.0L 4 Cylinder Engine Gasoline Fuel
BMW,2015,"81,000 mi.",Gasoline,6-Speed M/T,None reported,Yes,"$27,890",320.0,3.0,6 CYLINDER,Sierra 1500 SLT,355.0HP 5.3L 8 Cylinder Engine Gasoline Fuel
McLaren,2020,"9,989 mi.",Gasoline,7-Speed A/T,None reported,Yes,"$324,995",710.0,4.0,8 CYLINDER,Sprinter 2500 Standard Roof,188.0HP 3.0L V6 Cylinder Engine Diesel Fuel
Kia,2022,"46,347 mi.",Gasoline,8-Speed Automatic,None reported,No,"$46,120",291.0,3.8,V6,GL-Class GL 450,335.0HP 4.7L 8 Cylinder Engine Gasoline Fuel
Chevrolet,2007,"4,048 mi.",Gasoline,6-Speed M/T,None reported,Yes,"$38,000",400.0,6.0,8 CYLINDER,1500 Big Horn,5.7L V8 16V MPFI OHV
Mercedes-Benz,2015,"79,876 mi.",Gasoline,7-Speed A/T,None reported,Yes,"$45,750",577.0,5.5,8 CYLINDER,NX 300 Base,235.0HP 2.0L 4 Cylinder Engine Gasoline Fuel
Alfa,2017,"56,910 mi.",Gasoline,Transmission w/Dual Shift Mode,None reported,No,"$23,000",280.0,2.0,4 CYLINDER,Yukon SLE,355.0HP 5.3L 8 Cylinder Engine Gasoline Fuel
Land,2019,"65,019 mi.",Gasoline,A/T,None reported,Yes,"$40,500",340.0,3.0,V6,Pilot EX-L,280.0HP 3.5L V6 Cylinder Engine Gasoline Fuel
Nissan,2009,"133,409 mi.",Gasoline,6-Speed M/T,At least 1 accident or damage reported,Yes,"$14,999",332.0,3.7,V6,A5 Sportback S line Premium Plus,261.0HP 2.0L 4 Cylinder Engine Gasoline/Mild Electric Hybrid
BMW,2018,"74,381 mi.",Gasoline,8-Speed A/T,At least 1 accident or damage reported,Yes,"$22,995",248.0,2.0,4 CYLINDER,911 Carrera,–
Porsche,2023,"2,925 mi.",Gasoline,7-Speed Automatic with Auto-Shift,None reported,Yes,"$73,300",365.0,2.0,I4,Civic Sport,1.5L I4 16V GDI DOHC Turbo
BMW,2013,"67,874 mi.",Gasoline,6-Speed A/T,None reported,Yes,"$18,000",230.0,3.0,6 CYLINDER,G 550 4x4 Squared Base,4.0L V8 32V GDI DOHC Twin Turbo
Mercedes-Benz,2018,"71,500 mi.",Gasoline,7-Speed A/T,None reported,Yes,"$61,000",577.0,5.5,8 CYLINDER,Panamera Platinum Edition,325.0HP 2.9L V6 Cylinder Engine Gasoline Fuel
Jeep,2014,"71,000 mi.",Gasoline,5-Speed A/T,None reported,Yes,"$22,000",285.0,3.6,V6,740e xDrive iPerformance,322.0HP 2.0L 4 Cylinder Engine Plug-In Electric/Gas
Ford,2018,"64,517 mi.",Gasoline,10-Speed A/T,None reported,Yes,"$47,995",450.0,3.5,V6,F-250 XLT,385.0HP 6.2L 8 Cylinder Engine Flex Fuel Capability
Dodge,2004,"55,000 mi.",Diesel,A/T,None reported,Yes,"$24,000",154.0,2.7,5 CYLINDER,Corsair Standard,250.0HP 2.0L 4 Cylinder Engine Gasoline Fuel
BMW,2019,"7,580 mi.",Gasoline,Transmission w/Dual Shift Mode,None reported,Yes,"$51,500",456.0,4.4,8 CYLINDER,Sonata Sport,2.4L I4 16V GDI DOHC
Hyundai,2010,"135,000 mi.",Gasoline,Transmission w/Dual Shift Mode,None reported,Yes,"$3,999",168.0,2.4,4 CYLINDER,Maxima 3.5 SR,300.0HP 3.5L V6 Cylinder Engine Gasoline Fuel
Honda,2019,"62,200 mi.",Gasoline,A/T,At least 1 accident or damage reported,Yes,"$21,500",192.0,1.5,4 CYLINDER,Yukon SLT,355.0HP 5.3L 8 Cylinder Engine Gasoline Fuel
Cadillac,2014,"69,001 mi.",Gasoline,6-Speed A/T,None reported,Yes,"$19,500",321.0,3.6,V6,GLS 550 Base 4MATIC,449.0HP 4.7L 8 Cylinder Engine Gasoline Fuel
Toyota,2021,"28,567 mi.",Gasoline,Automatic,None reported,No,"$44,775",270.0,4.0,V6,CTS Base,270.0HP 3.0L V6 Cylinder Engine Gasoline Fuel
Jaguar,2006,"78,049 mi.",Gasoline,6-Speed A/T,None reported,Yes,"$13,980",300.0,4.2,8 CYLINDER,CTS Base,255.0HP 3.6L V6 Cylinder Engine Gasoline Fuel
Ford,2021,"36,821 mi.",Gasoline,Automatic,None reported,No,"$49,273",350.0,3.5,V6,Explorer Limited,318.0HP 3.3L V6 Cylinder Engine Gas/Electric Hybrid
Chevrolet,2021,"23,292 mi.",Gasoline,10-Speed A/T,None reported,Yes,"$73,500",420.0,6.2,8 CYLINDER,RDX,3.5 Liter
Chevrolet,2010,"162,671 mi.",E85 Flex Fuel,A/T,None reported,Yes,"$12,000",320.0,5.3,8 CYLINDER,Highlander XLE,295.0HP 3.5L V6 Cylinder Engine Gasoline Fuel
Land,2010,"100,472 mi.",Gasoline,6-Speed A/T,None reported,Yes,"$9,975",230.0,3.2,6 CYLINDER,Golf GTI 2.0T SE 4-Door,220.0HP 2.0L 4 Cylinder Engine Gasoline Fuel
Subaru,2017,"73,120 mi.",Gasoline,CVT Transmission,At least 1 accident or damage reported,Yes,"$19,950",395.0,2.0,4 CYLINDER,Pickup Truck XE,–
Ford,2022,"23,300 mi.",Gasoline,10-Speed A/T,None reported,Yes,"$67,500",440.0,3.5,V6,Corolla CE,126.0HP 1.8L 4 Cylinder Engine Gasoline Fuel
Honda,2018,"71,000 mi.",Plug-In Hybrid,A/T,At least 1 accident or damage reported,Yes,"$17,500",212.0,1.5,4 CYLINDER,Element EX,166.0HP 2.4L 4 Cylinder Engine Gasoline Fuel
RAM,2022,"16,648 mi.",Diesel,6-Speed Automatic,None reported,No,"$70,999",395.0,6.7,I6,Camry Solara SE,210.0HP 3.3L V6 Cylinder Engine Gasoline Fuel
Chevrolet,2011,"240,000 mi.",Diesel,6-Speed A/T,None reported,Yes,"$18,500",335.0,6.6,8 CYLINDER,Genesis 4.6,378.0HP 4.6L 8 Cylinder Engine Gasoline Fuel
Lexus,2013,"119,755 mi.",Hybrid,Transmission w/Dual Shift Mode,None reported,Yes,"$19,500",295.0,3.5,V6,325 Ci,184.0HP 2.5L Straight 6 Cylinder Engine Gasoline Fuel
Mercedes-Benz,2015,"88,000 mi.",E85 Flex Fuel,A/T,None reported,Yes,"$19,500",302.0,3.5,V6,M3 Base,333.0HP 3.2L Straight 6 Cylinder Engine Gasoline Fuel
BMW,2021,"41,000 mi.",Hybrid,8-Speed A/T,None reported,Yes,"$50,000",335.0,3.0,6 CYLINDER,Rover Range Rover Sport HSE Dynamic,380.0HP 3.0L V6 Cylinder Engine Gasoline Fuel
Chevrolet,2022,"7,458 mi.",Gasoline,6-Speed M/T,None reported,Yes,"$47,500",455.0,6.2,8 CYLINDER,Corvette ZR-1,638.0HP 6.2L 8 Cylinder Engine Gasoline Fuel
Jeep,2022,"23,000 mi.",Gasoline,A/T,None reported,Yes,"$43,000",285.0,3.6,V6,Prelude Type SH,200.0HP 2.2L 4 Cylinder Engine Gasoline Fuel
Land,1998,"149,437 mi.",Gasoline,A/T,None reported,Yes,"$9,995",182.0,4.0,8 CYLINDER,NX 300 Base,2.0L I4 16V PDI DOHC Turbo
Ford,2017,"244,000 mi.",Diesel,6-Speed A/T,None reported,Yes,"$35,500",440.0,6.7,8 CYLINDER,Golf GTI 2.0T SE 4-Door,228.0HP 2.0L 4 Cylinder Engine Gasoline Fuel
RAM,2019,"46,000 mi.",Hybrid,8-Speed A/T,None reported,Yes,"$37,900",305.0,3.6,V6,Armada LE,317.0HP 5.6L 8 Cylinder Engine Gasoline Fuel
Audi,2022,"13,133 mi.",Hybrid,Automatic,None reported,No,"$42,998",333.0,2.0,V6,SC 300 Base,225.0HP 3.0L Straight 6 Cylinder Engine Gasoline Fuel
RAM,2017,"45,000 mi.",Gasoline,A/T,None reported,Yes,"$29,999",395.0,5.7,8 CYLINDER,Camry Solara SLE,210.0HP 3.3L V6 Cylinder Engine Gasoline Fuel
Mazda,2021,"18,385 mi.",Gasoline,6-Speed Automatic,None reported,Yes,"$29,255",186.0,2.5,I4,Macan S,3.0L V6 24V GDI DOHC Turbo
BMW,2020,"25,793 mi.",Gasoline,8-Speed Automatic,None reported,No,"$52,999",335.0,3.0,I6,Model Y Performance,455.0HP Electric Motor Electric Fuel System
Porsche,2005,"44,400 mi.",Gasoline,6-Speed M/T,None reported,Yes,"$29,800",280.0,3.2,6 CYLINDER,Terrain SLT,2.0L I4 16V GDI DOHC Turbo
Chevrolet,2016,"104,000 mi.",Gasoline,6-Speed A/T,None reported,Yes,"$10,500",395.0,2.5,4 CYLINDER,Compass Latitude,158.0HP 2.0L 4 Cylinder Engine Gasoline Fuel
Cadillac,2023,600 mi.,Gasoline,A/T,None reported,Yes,"$103,000",420.0,6.2,8 CYLINDER,Q7 3.0T Prestige,333.0HP 3.0L V6 Cylinder Engine Gasoline Fuel
MINI,2007,"45,000 mi.",Gasoline,6-Speed M/T,None reported,Yes,"$7,900",172.0,1.6,4 CYLINDER,F-250 Platinum,430.0HP 7.3L 8 Cylinder Engine Gasoline Fuel
Jeep,2022,"24,500 mi.",Gasoline,8-Speed A/T,None reported,Yes,"$64,000",285.0,3.6,V6,Gladiator Overland,3.6L V6 24V MPFI DOHC
Buick,2020,"35,569 mi.",Gasoline,Automatic CVT,None reported,No,"$21,999",155.0,1.3,I3,Navigator L Reserve,3.5L V6 24V PDI DOHC Twin Turbo
Toyota,2020,"35,000 mi.",Gasoline,A/T,None reported,Yes,"$36,999",295.0,3.5,V6,Model X P100D,Electric Motor Electric Fuel System
Acura,2003,"165,000 mi.",Gasoline,A/T,At least 1 accident or damage reported,Yes,"$4,000",260.0,3.5,V6,CLS-Class CLS 400 4MATIC,329.0HP 3.0L V6 Cylinder Engine Gasoline Fuel
Land,2021,"15,000 mi.",Hybrid,A/T,None reported,Yes,"$69,000",355.0,3.0,6 CYLINDER,RX 350 Base,295.0HP 3.5L V6 Cylinder Engine Gasoline Fuel
BMW,2014,"119,750 mi.",Gasoline,8-Speed A/T,None reported,Yes,"$15,499",300.0,3.0,6 CYLINDER,1500 Laramie,5.7L V8 16V MPFI OHV
Nissan,2007,"90,000 mi.",Gasoline,M/T,At least 1 accident or damage reported,Yes,"$12,000",306.0,3.5,V6,Outlander Sport ES,166.0HP 2.4L 4 Cylinder Engine Gasoline Fuel
Ford,2015,"112,000 mi.",Gasoline,A/T,At least 1 accident or damage reported,Yes,"$14,500",169.0,2.5,4 CYLINDER,Sonata SE,200.0HP 2.4L 4 Cylinder Engine Gasoline Fuel
Mercedes-Benz,2008,"150,000 mi.",Gasoline,7-Speed A/T,None reported,Yes,"$16,800",382.0,5.5,8 CYLINDER,Mustang EcoBoost Premium,310.0HP 2.3L 4 Cylinder Engine Gasoline Fuel
Porsche,2021,"1,912 mi.",Gasoline,8-Speed A/T,None reported,Yes,"$240,000",640.0,3.8,6 CYLINDER,X5 PHEV xDrive45e,389.0HP 3.0L Straight 6 Cylinder Engine Plug-In Electric/Gas
Hyundai,2015,"82,900 mi.",Gasoline,A/T,At least 1 accident or damage reported,Yes,"$13,995",245.0,2.0,4 CYLINDER,Sonata Hybrid Limited,199.0HP 2.4L 4 Cylinder Engine Gas/Electric Hybrid
Audi,2004,"79,500 mi.",Gasoline,A/T,None reported,Yes,"$12,000",180.0,1.8,4 CYLINDER,Odyssey EX-L,244.0HP 3.5L V6 Cylinder Engine Gasoline Fuel
Volvo,2019,"60,000 mi.",Gasoline,8-Speed A/T,None reported,Yes,"$37,000",316.0,2.0,4 CYLINDER,Colorado LT Crew Cab,300.0HP 5.3L 8 Cylinder Engine Gasoline Fuel
RAM,2021,"41,800 mi.",Diesel,8-Speed A/T,None reported,Yes,"$44,900",350.0,3.0,V6,Enclave Premium,3.6L V6 24V GDI DOHC
Chevrolet,2021,"71,536 mi.",Gasoline,10-Speed Automatic,None reported,Yes,"$49,685",355.0,5.3,V8,M235 i,320.0HP 3.0L Straight 6 Cylinder Engine Gasoline Fuel
Ford,2014,"127,558 mi.",Gasoline,6-Speed Automatic,None reported,Yes,"$13,715",350.0,3.5,V6,720S Performance,710.0HP 4.0L 8 Cylinder Engine Gasoline Fuel
Ford,2023,"13,232 mi.",electric,1-Speed A/T,None reported,Yes,"$45,000",346.0,3.5,V6,Telluride SX,3.8L V6 24V GDI DOHC
Chevrolet,2017,"39,000 mi.",Gasoline,8-Speed A/T,None reported,Yes,"$31,500",455.0,6.2,8 CYLINDER,Corvette Base,400.0HP 6.0L 8 Cylinder Engine Gasoline Fuel
Ford,2023,"11,500 mi.",Gasoline,10-Speed A/T,None reported,Yes,"$54,490",315.0,2.7,V6,S-Class S 63 AMG,577.0HP 5.5L 8 Cylinder Engine Gasoline Fuel
Chrysler,2020,"22,200 mi.",Gasoline,9-Speed A/T,None reported,Yes,"$36,800",287.0,3.6,V6,Mirai Limited,182.0HP Electric Motor Hydrogen Fuel
Tesla,2023,"7,414 mi.",electric,A/T,None reported,Yes,"$56,515",425.0,3.5,V6,Romeo Giulia Ti,280.0HP 2.0L 4 Cylinder Engine Gasoline Fuel
Lamborghini,2017,"14,586 mi.",Gasoline,Automatic,None reported,No,"$209,991",580.0,5.2,V10,Rover Range Rover Sport HSE,340.0HP 3.0L V6 Cylinder Engine Gasoline Fuel
RAM,2021,"32,000 mi.",Hybrid,8-Speed A/T,None reported,Yes,"$50,927",395.0,5.7,8 CYLINDER,370Z Touring,332.0HP 3.7L V6 Cylinder Engine Gasoline Fuel
Toyota,2020,"14,700 mi.",Gasoline,A/T,None reported,Yes,"$27,350",200.0,2.0,4 CYLINDER,330 i xDrive,248.0HP 2.0L 4 Cylinder Engine Gasoline Fuel
BMW,2016,"79,995 mi.",Gasoline,Transmission w/Dual Shift Mode,None reported,Yes,"$23,995",445.0,4.4,8 CYLINDER,Macan,2.0L I4 16V GDI DOHC Turbo
GMC,2018,"76,000 mi.",Gasoline,A/T,None reported,Yes,"$44,500",420.0,6.2,8 CYLINDER,128 i,230.0HP 3.0L Straight 6 Cylinder Engine Gasoline Fuel
Honda,2014,"62,000 mi.",Gasoline,CVT Transmission,At least 1 accident or damage reported,Yes,"$18,987",185.0,2.4,4 CYLINDER,AMG GLE 63 S Coupe 4MATIC,577.0HP 5.5L 8 Cylinder Engine Gasoline Fuel
Maserati,2017,"53,500 mi.",Gasoline,8-Speed A/T,None reported,Yes,"$28,700",404.0,3.0,V6,Wrangler Sport,285.0HP 3.6L V6 Cylinder Engine Gasoline Fuel
Hyundai,2022,"9,400 mi.",electric,1-Speed A/T,None reported,Yes,"$31,999",201.0,3.5,V6,F-150 Raptor,450.0HP 3.5L V6 Cylinder Engine Gasoline Fuel
BMW,2014,"86,500 mi.",Gasoline,A/T,None reported,Yes,"$20,900",300.0,3.0,6 CYLINDER,Sprinter 2500 High Roof,154.0HP 2.7L 5 Cylinder Engine Diesel Fuel
Mercedes-Benz,2011,"148,000 mi.",Gasoline,A/T,At least 1 accident or damage reported,Yes,"$9,900",335.0,4.7,8 CYLINDER,M550 i xDrive,456.0HP 4.4L 8 Cylinder Engine Gasoline Fuel
GMC,2014,"100,080 mi.",E85 Flex Fuel,6-Speed A/T,None reported,Yes,"$22,989",285.0,4.3,V6,Sonata GLS,168.0HP 2.4L 4 Cylinder Engine Gasoline Fuel
Dodge,2018,"2,620 mi.",Gasoline,8-Speed A/T,None reported,No,"$155,700",808.0,6.2,8 CYLINDER,Accord EX-L,192.0HP 1.5L 4 Cylinder Engine Gasoline Fuel
BMW,2023,"3,099 mi.",Plug-In Hybrid,8-Speed A/T,None reported,Yes,"$74,995",389.0,3.0,6 CYLINDER,CTS 3.6L Premium,321.0HP 3.6L V6 Cylinder Engine Gasoline Fuel
Dodge,2020,"78,000 mi.",Gasoline,8-Speed A/T,At least 1 accident or damage reported,Yes,"$29,500",360.0,5.7,8 CYLINDER,4Runner Venture Special Edition,"4L V-6 DOHC, VVT-i variable valve control, regular unleaded, eng"
Ferrari,2019,"9,005 mi.",Gasoline,7-Speed Automatic with Auto-Shift,None reported,No,"$319,900",592.0,3.9,V8,XJ8 L,300.0HP 4.2L 8 Cylinder Engine Gasoline Fuel
Ford,2022,"16,700 mi.",Gasoline,8-Speed A/T,None reported,Yes,"$31,000",181.0,1.5,3 CYLINDER,F-150 Lariat,3.5L V6 24V PDI DOHC Twin Turbo
Honda,2015,"51,300 mi.",Gasoline,5-Speed M/T,None reported,Yes,"$17,500",143.0,1.8,4 CYLINDER,Suburban High Country,420.0HP 6.2L 8 Cylinder Engine Gasoline Fuel
Ford,2018,"8,237 mi.",Gasoline,6-Speed M/T,None reported,Yes,"$62,900",526.0,5.2,8 CYLINDER,Suburban 1500 LTZ,320.0HP 5.3L 8 Cylinder Engine Flex Fuel Capability
Volkswagen,2010,"99,000 mi.",Gasoline,A/T,At least 1 accident or damage reported,Yes,"$6,000",170.0,2.5,5 CYLINDER,Rover LR2 HSE,230.0HP 3.2L Straight 6 Cylinder Engine Gasoline Fuel
Jeep,2009,"130,000 mi.",Gasoline,6-Speed M/T,None reported,Yes,"$15,500",202.0,3.8,V6,WRX Limited,268.0HP 2.0L 4 Cylinder Engine Gasoline Fuel
Ford,2016,"94,300 mi.",E85 Flex Fuel,6-Speed A/T,At least 1 accident or damage reported,Yes,"$28,999",385.0,6.2,8 CYLINDER,Expedition Timberline,440.0HP 3.5L V6 Cylinder Engine Gasoline Fuel
Tesla,2022,"24,115 mi.",electric,A/T,None reported,Yes,"$46,500",455.0,3.5,V6,Clarity Plug-In Hybrid Base,212.0HP 1.5L 4 Cylinder Engine Plug-In Electric/Gas
BMW,2016,"82,000 mi.",Gasoline,8-Speed A/T,At least 1 accident or damage reported,Yes,"$16,995",240.0,2.0,4 CYLINDER,3500 Laramie,6.7L I6 24V DDI OHV Turbo Diesel
Kia,2021,"67,686 mi.",Gasoline,A/T,None reported,Yes,"$15,700",120.0,1.6,4 CYLINDER,Silverado 2500 LT,335.0HP 6.6L 8 Cylinder Engine Diesel Fuel
Tesla,2014,"96,800 mi.",electric,A/T,None reported,Yes,"$28,450",362.0,3.5,V6,RX 450h Base,295.0HP 3.5L V6 Cylinder Engine Gas/Electric Hybrid
Jeep,1997,"131,000 mi.",Gasoline,5-Speed M/T,At least 1 accident or damage reported,Yes,"$5,500",181.0,4.0,6 CYLINDER,M-Class ML 350 4MATIC,302.0HP 3.5L V6 Cylinder Engine Flex Fuel Capability
Tesla,2020,"23,097 mi.",electric,A/T,None reported,Yes,"$29,900",271.0,3.5,V6,X5 xDrive40i,335.0HP 3.0L Straight 6 Cylinder Engine Gasoline/Mild Electric Hybrid
Ferrari,2018,"31,000 mi.",Gasoline,A/T,None reported,Yes,"$197,499",602.0,3.9,8 CYLINDER,Camaro 2SS,455.0HP 6.2L 8 Cylinder Engine Gasoline Fuel
BMW,2021,"28,898 mi.",Gasoline,A/T,None reported,Yes,"$71,000",523.0,4.4,8 CYLINDER,Gladiator Sport S,285.0HP 3.6L V6 Cylinder Engine Gasoline Fuel
Mazda,2022,"7,250 mi.",Gasoline,6-Speed M/T,None reported,Yes,"$35,619",181.0,2.0,4 CYLINDER,Rover Discovery LSE,182.0HP 4.0L 8 Cylinder Engine Gasoline Fuel
Ford,2014,"59,459 mi.",Diesel,6-Speed A/T,At least 1 accident or damage reported,Yes,"$40,999",400.0,6.7,8 CYLINDER,F-250 XLT,440.0HP 6.7L 8 Cylinder Engine Diesel Fuel
Jeep,2012,"78,000 mi.",Gasoline,5-Speed A/T,At least 1 accident or damage reported,Yes,"$22,000",285.0,3.6,V6,1500 Rebel,305.0HP 3.6L V6 Cylinder Engine Gasoline/Mild Electric Hybrid
RAM,2021,"24,213 mi.",Gasoline,8-Speed A/T,None reported,Yes,"$46,500",395.0,5.7,8 CYLINDER,Q5 S line Premium Plus,2.0 Liter TFSI
RAM,2020,"21,165 mi.",Gasoline,8-Speed Automatic,None reported,No,"$46,105",395.0,5.7,V8,1500 SLT,395.0HP 5.7L 8 Cylinder Engine Gasoline Fuel
GMC,2016,"107,750 mi.",Gasoline,8-Speed A/T,None reported,Yes,"$35,500",420.0,6.2,8 CYLINDER,CX-30 Premium Package,2.5L I4 16V GDI DOHC
Ford,2016,"117,000 mi.",Gasoline,A/T,None reported,Yes,"$26,500",365.0,3.5,V6,840 Gran Coupe i xDrive,3.0L I6 24V GDI DOHC Turbo
Chevrolet,2006,"39,132 mi.",Gasoline,Transmission w/Dual Shift Mode,None reported,Yes,"$35,000",400.0,6.0,8 CYLINDER,Boxster S,280.0HP 3.2L Flat 6 Cylinder Engine Gasoline Fuel
BMW,2004,"94,500 mi.",Gasoline,5-Speed M/T,None reported,Yes,"$9,000",184.0,2.5,6 CYLINDER,Malibu Limited LT,2.5L 4 Cylinder Engine Gasoline Fuel
Subaru,2017,"50,011 mi.",Gasoline,A/T,At least 1 accident or damage reported,Yes,"$21,495",148.0,2.0,4 CYLINDER,Escalade Premium Luxury,420.0HP 6.2L 8 Cylinder Engine Gasoline Fuel
Lexus,2004,"215,000 mi.",Gasoline,5-Speed A/T,At least 1 accident or damage reported,Yes,"$7,350",235.0,4.7,8 CYLINDER,Cooper S Base,172.0HP 1.6L 4 Cylinder Engine Gasoline Fuel
RAM,2022,"16,616 mi.",Gasoline,8-Speed Automatic,None reported,No,"$45,999",395.0,5.7,V8,Gladiator Mojave,285.0HP 3.6L V6 Cylinder Engine Gasoline Fuel
Ford,2022,"33,818 mi.",Gasoline,Automatic,None reported,Yes,"$46,552",350.0,5.0,V8,Encore GX Essence,1.3L I3 12V MPFI DOHC Turbo
Jeep,2022,"9,099 mi.",Gasoline,8-Speed Automatic,None reported,Yes,"$68,362",285.0,5.7,V8,Highlander XLE,295.0HP 3.5L V6 Cylinder Engine Gasoline Fuel
Volkswagen,2008,"95,798 mi.",Gasoline,6-Speed M/T,None reported,Yes,"$9,850",200.0,2.0,4 CYLINDER,MDX Touring,260.0HP 3.5L V6 Cylinder Engine Gasoline Fuel
Mercedes-Benz,2016,"35,943 mi.",Gasoline,7-Speed A/T,None reported,Yes,"$51,700",577.0,5.5,8 CYLINDER,Rover Range Rover Sport SE MHEV,355.0HP 3.0L Straight 6 Cylinder Engine Gasoline/Mild Electric Hybrid
Mazda,2008,"106,000 mi.",Gasoline,5-Speed A/T,None reported,Yes,"$4,300",156.0,2.3,4 CYLINDER,535 i xDrive,300.0HP 3.0L Straight 6 Cylinder Engine Gasoline Fuel
Kia,2023,"10,400 mi.",Gasoline,8-Speed A/T,None reported,Yes,"$48,000",291.0,3.8,V6,350Z Touring,306.0HP 3.5L V6 Cylinder Engine Gasoline Fuel
Chevrolet,2022,"2,894 mi.",Gasoline,10-Speed A/T,None reported,Yes,"$63,900",355.0,5.3,8 CYLINDER,Transit Connect XLT,169.0HP 2.5L 4 Cylinder Engine Gasoline Fuel
Dodge,2022,"15,592 mi.",Gasoline,8-Speed Automatic,None reported,Yes,"$39,985",357.5,3.6,V6,SL-Class SL550 Roadster,382.0HP 5.5L 8 Cylinder Engine Gasoline Fuel
Mercedes-Benz,2020,"33,548 mi.",Gasoline,9-Speed A/T,None reported,Yes,"$57,999",469.0,4.0,8 CYLINDER,911 Turbo S,640.0HP 3.8L Flat 6 Cylinder Engine Gasoline Fuel
BMW,2016,"185,000 mi.",Gasoline,8-Speed A/T,At least 1 accident or damage reported,Yes,"$7,500",180.0,2.0,4 CYLINDER,Sonata Sport 2.0T,245.0HP 2.0L 4 Cylinder Engine Gasoline Fuel
Porsche,2023,"6,483 mi.",Gasoline,7-Speed Automatic with Auto-Shift,None reported,No,"$96,900",365.0,2.9,V6,TT 1.8T,180.0HP 1.8L 4 Cylinder Engine Gasoline Fuel
Honda,2020,"28,886 mi.",Gasoline,6-Speed Automatic,None reported,No,"$35,645",205.0,3.5,V6,XC90 T6 Inscription,316.0HP 2.0L 4 Cylinder Engine Gasoline Fuel
Mercedes-Benz,2020,"26,293 mi.",Gasoline,Automatic,None reported,No,"$49,998",362.0,2.0,V6,1500 Big Horn,260.0HP 3.0L V6 Cylinder Engine Diesel Fuel
Chevrolet,2017,"62,000 mi.",Gasoline,Transmission w/Dual Shift Mode,None reported,Yes,"$34,500",455.0,6.2,8 CYLINDER,Tahoe LT,5.3L V8 16V GDI OHV
Jaguar,2017,"101,453 mi.",Gasoline,A/T,At least 1 accident or damage reported,Yes,"$18,500",340.0,3.0,V6,Explorer XLT,3.5L V6 24V MPFI DOHC
RAM,2013,"106,385 mi.",Diesel,6-Speed A/T,At least 1 accident or damage reported,Yes,"$42,900",395.0,6.7,6 CYLINDER,Mustang Mach-E Premium,346.0HP Electric Motor Electric Fuel System
BMW,2012,"86,629 mi.",Gasoline,7-Speed A/T,None reported,Yes,"$20,995",320.0,3.0,6 CYLINDER,Camaro 1SS,455.0HP 6.2L 8 Cylinder Engine Gasoline Fuel
Audi,2018,"61,258 mi.",Gasoline,7-Speed A/T,None reported,Yes,"$49,999",450.0,4.0,8 CYLINDER,Bronco Big Bend Advanced,315.0HP 2.7L V6 Cylinder Engine Gasoline Fuel
Chrysler,2014,"121,500 mi.",Gasoline,5-Speed A/T,None reported,Yes,"$15,999",363.0,5.7,8 CYLINDER,Pacifica Launch Edition,287.0HP 3.6L V6 Cylinder Engine Gasoline Fuel
GMC,2022,100 mi.,Diesel,10-Speed A/T,None reported,Yes,"$62,499",277.0,3.0,6 CYLINDER,Model Y Long Range,425.0HP Electric Motor Electric Fuel System
Chrysler,2015,"170,000 mi.",E85 Flex Fuel,9-Speed A/T,At least 1 accident or damage reported,Yes,"$5,995",295.0,3.6,V6,Huracan LP580-2,"5.2L V-10 gasoline direct injection, DOHC, variable valve contro"
Ford,2010,"232,000 mi.",Gasoline,A/T,None reported,Yes,"$3,000",292.0,4.6,8 CYLINDER,1500 Rebel,395.0HP 5.7L 8 Cylinder Engine Gasoline/Mild Electric Hybrid
MINI,2006,"95,000 mi.",Gasoline,6-Speed M/T,None reported,Yes,"$12,500",168.0,1.6,4 CYLINDER,86 Base,200.0HP 2.0L 4 Cylinder Engine Gasoline Fuel
Toyota,2013,"103,466 mi.",Gasoline,A/T,At least 1 accident or damage reported,Yes,"$14,200",268.0,3.5,V6,X5 xDrive50i,445.0HP 4.4L 8 Cylinder Engine Gasoline Fuel
Toyota,2011,"133,121 mi.",Hybrid,A/T,At least 1 accident or damage reported,Yes,"$7,900",147.0,2.4,4 CYLINDER,Yukon Denali,420.0HP 6.2L 8 Cylinder Engine Gasoline Fuel
Chevrolet,2012,"162,731 mi.",E85 Flex Fuel,A/T,None reported,Yes,"$14,500",320.0,5.3,8 CYLINDER,Accord EX-L,185.0HP 2.4L 4 Cylinder Engine Gasoline Fuel
Mercedes-Benz,2014,"64,500 mi.",Gasoline,7-Speed A/T,None reported,No,"$37,500",577.0,5.5,8 CYLINDER,Ghibli S Q4,404.0HP 3.0L V6 Cylinder Engine Gasoline Fuel
Ford,2021,568 mi.,Gasoline,7-Speed A/T,None reported,Yes,"$90,788",760.0,5.2,8 CYLINDER,Kona EV SEL,201.0HP Electric Motor Electric Fuel System
Lexus,1999,"249,083 mi.",Gasoline,A/T,At least 1 accident or damage reported,Yes,"$3,500",220.0,3.0,V6,435 i,300.0HP 3.0L Straight 6 Cylinder Engine Gasoline Fuel
Porsche,2015,"80,300 mi.",Gasoline,7-Speed A/T,None reported,Yes,"$23,999",340.0,3.0,V6,GL-Class GL 450,335.0HP 4.7L 8 Cylinder Engine Gasoline Fuel
Ford,2004,"187,000 mi.",Gasoline,A/T,None reported,Yes,"$6,299",300.0,5.4,8 CYLINDER,Sierra 1500 SLE,285.0HP 4.3L V6 Cylinder Engine Flex Fuel Capability
Subaru,2009,"181,870 mi.",Gasoline,A/T,None reported,Yes,"$6,500",169.0,2.5,4 CYLINDER,Challenger SRT Demon,808.0HP 6.2L 8 Cylinder Engine Gasoline Fuel
GMC,2022,"22,600 mi.",Diesel,Automatic,None reported,No,"$76,740",355.0,6.6,V8,X5 PHEV xDrive45e,389.0HP 3.0L Straight 6 Cylinder Engine Plug-In Electric/Gas
BMW,2020,"37,000 mi.",Gasoline,8-Speed A/T,At least 1 accident or damage reported,Yes,"$50,000",335.0,3.0,6 CYLINDER,Durango R/T,360.0HP 5.7L 8 Cylinder Engine Gasoline Fuel
Porsche,2022,"9,728 mi.",electric,A/T,None reported,Yes,"$89,000",375.0,3.5,V6,488 Spider Base,3.9L V8 32V GDI DOHC Twin Turbo
Lexus,2006,"152,000 mi.",Gasoline,A/T,At least 1 accident or damage reported,Yes,"$13,995",263.0,4.7,8 CYLINDER,Bronco Sport Big Bend,181.0HP 1.5L 3 Cylinder Engine Gasoline Fuel
Ford,2004,"60,260 mi.",Gasoline,4-Speed A/T,At least 1 accident or damage reported,Yes,"$30,500",380.0,5.4,8 CYLINDER,Civic LX,143.0HP 1.8L 4 Cylinder Engine Gasoline Fuel
Mazda,2004,"33,362 mi.",Gasoline,6-Speed M/T,At least 1 accident or damage reported,Yes,"$17,599",178.0,1.8,4 CYLINDER,Shelby GT350 Base,526.0HP 5.2L 8 Cylinder Engine Gasoline Fuel
GMC,2021,"47,907 mi.",Gasoline,9-Speed Automatic,None reported,Yes,"$38,436",355.0,3.6,V6,Jetta S,170.0HP 2.5L 5 Cylinder Engine Gasoline Fuel
Mercedes-Benz,2016,"17,340 mi.",Gasoline,A/T,None reported,Yes,"$29,000",208.0,2.0,4 CYLINDER,CX-5 Grand Touring,2.5L I4 16V
Ford,2011,"195,500 mi.",E85 Flex Fuel,6-Speed A/T,None reported,Yes,"$8,999",310.0,5.4,8 CYLINDER,Wrangler Rubicon,202.0HP 3.8L V6 Cylinder Engine Gasoline Fuel
Chevrolet,2000,"74,000 mi.",Gasoline,4-Speed A/T,None reported,Yes,"$4,700",200.0,3.8,V6,F-250 XLT,385.0HP 6.2L 8 Cylinder Engine Flex Fuel Capability
RAM,2015,"140,500 mi.",Gasoline,8-Speed A/T,At least 1 accident or damage reported,Yes,"$14,000",350.0,5.7,8 CYLINDER,Model Y Performance,455.0HP Electric Motor Electric Fuel System
Jeep,2006,"212,500 mi.",Gasoline,A/T,None reported,Yes,"$6,500",210.0,3.7,V6,528 i,240.0HP 2.0L 4 Cylinder Engine Gasoline Fuel
Lexus,2010,"77,400 mi.",Gasoline,8-Speed A/T,At least 1 accident or damage reported,Yes,"$34,500",416.0,5.0,8 CYLINDER,Rio S,120.0HP 1.6L 4 Cylinder Engine Gasoline Fuel
Ford,2017,"118,000 mi.",Gasoline,6-Speed A/T,None reported,Yes,"$15,000",365.0,3.5,V6,Model S 85,362.0HP Electric Motor Electric Fuel System
Porsche,2005,"4,400 mi.",Gasoline,6-Speed M/T,None reported,Yes,"$1,599,000",605.0,5.7,10 CYLINDER,Wrangler Sport,181.0HP 4.0L Straight 6 Cylinder Engine Gasoline Fuel
Cadillac,2016,"146,200 mi.",Gasoline,8-Speed A/T,None reported,Yes,"$24,500",420.0,6.2,8 CYLINDER,Model 3 Standard Range,271.0HP Electric Motor Electric Fuel System
Tesla,2020,"39,000 mi.",electric,1-Speed A/T,None reported,Yes,"$43,000",455.0,3.5,V6,GTC4Lusso T,602.0HP 3.9L 8 Cylinder Engine Gasoline Fuel
Chevrolet,2005,"130,000 mi.",E85 Flex Fuel,A/T,None reported,Yes,"$7,200",295.0,5.3,8 CYLINDER,X5 M50i,523.0HP 4.4L 8 Cylinder Engine Gasoline Fuel
Ford,2021,"33,080 mi.",Gasoline,10-Speed A/T,None reported,Yes,"$47,850",325.0,2.7,V6,MX-5 Miata RF Club,181.0HP 2.0L 4 Cylinder Engine Gasoline Fuel
Mercedes-Benz,2023,"1,219 mi.",Gasoline,Automatic,None reported,No,"$46,479",362.0,2.0,I4,F-250 XLT,400.0HP 6.7L 8 Cylinder Engine Diesel Fuel
Jeep,2016,"41,000 mi.",Gasoline,5-Speed A/T,None reported,Yes,"$25,000",285.0,3.6,V6,Wrangler Sahara,285.0HP 3.6L V6 Cylinder Engine Gasoline Fuel
Nissan,2004,"110,897 mi.",Gasoline,6-Speed M/T,At least 1 accident or damage reported,Yes,"$11,500",287.0,3.5,V6,1500 Laramie,395.0HP 5.7L 8 Cylinder Engine Gasoline Fuel
Chevrolet,2016,"49,000 mi.",Gasoline,7-Speed M/T,None reported,Yes,"$75,000",650.0,6.2,8 CYLINDER,1500 Laramie,5.7L V8 16V MPFI OHV
Pontiac,2007,"47,000 mi.",Gasoline,5-Speed M/T,None reported,Yes,"$13,300",260.0,2.0,4 CYLINDER,Yukon Denali,420.0HP 6.2L 8 Cylinder Engine Gasoline Fuel
Hyundai,2018,"57,690 mi.",Gasoline,A/T,At least 1 accident or damage reported,Yes,"$15,900",185.0,2.4,4 CYLINDER,F-150 Lariat,365.0HP 3.5L V6 Cylinder Engine Gasoline Fuel
Mercedes-Benz,2012,"17,941 mi.",Gasoline,7-Speed Automatic with Auto-Shift,None reported,Yes,"$226,000",362.0,6.2,V8,Corvette Base,400.0HP 6.0L 8 Cylinder Engine Gasoline Fuel
Lincoln,2018,"54,000 mi.",Gasoline,10-Speed A/T,At least 1 accident or damage reported,Yes,"$46,500",450.0,3.5,V6,Z4 2.5i,184.0HP 2.5L Straight 6 Cylinder Engine Gasoline Fuel
Nissan,2007,"101,600 mi.",Gasoline,A/T,None reported,Yes,"$6,700",255.0,3.5,V6,Crosstrek 2.0i Premium,148.0HP 2.0L 4 Cylinder Engine Gasoline Fuel
Ford,2021,"89,000 mi.",Gasoline,10-Speed A/T,None reported,Yes,"$34,000",270.0,2.3,4 CYLINDER,GX 470 Base,235.0HP 4.7L 8 Cylinder Engine Gasoline Fuel
Jaguar,2017,"55,000 mi.",Gasoline,A/T,None reported,Yes,"$25,000",340.0,3.0,V6,1500 Laramie,5.7L V8 16V MPFI OHV
Lincoln,2017,"71,964 mi.",Gasoline,6-Speed A/T,None reported,Yes,"$18,750",240.0,2.0,4 CYLINDER,F-150 XLT,5.0L V8 32V PDI DOHC
Cadillac,2020,"92,000 mi.",Gasoline,A/T,None reported,Yes,"$50,000",420.0,6.2,8 CYLINDER,Wagoneer Series III,5.7L V8 16V MPFI OHV
Ford,2012,"160,000 mi.",E85 Flex Fuel,A/T,None reported,Yes,"$4,500",240.0,3.0,V6,GTI Base,200.0HP 2.0L 4 Cylinder Engine Gasoline Fuel
Mercedes-Benz,2012,"95,816 mi.",Gasoline,7-Speed A/T,None reported,Yes,"$12,000",302.0,3.5,V6,AMG GLE AMG GLE 63 S-Model 4MATIC,577.0HP 5.5L 8 Cylinder Engine Gasoline Fuel
Jeep,2014,"132,600 mi.",Gasoline,5-Speed A/T,At least 1 accident or damage reported,Yes,"$17,000",285.0,3.6,V6,Mazda6 iSport VE,156.0HP 2.3L 4 Cylinder Engine Gasoline Fuel
Jeep,2010,"149,460 mi.",Gasoline,4-Speed A/T,None reported,Yes,"$10,700",202.0,3.8,V6,Telluride EX X-Line,291.0HP 3.8L V6 Cylinder Engine Gasoline Fuel
Jeep,2011,"109,646 mi.",Gasoline,4-Speed Automatic,None reported,No,"$16,998",285.0,3.8,V6,Tahoe LT,355.0HP 5.3L 8 Cylinder Engine Gasoline Fuel
Acura,2019,"90,605 mi.",Gasoline,Automatic,None reported,No,"$27,698",279.5,3.5,V6,Durango GT,3.6L V6 24V MPFI DOHC
Volkswagen,2019,"59,000 mi.",Gasoline,A/T,None reported,Yes,"$17,000",147.0,1.4,4 CYLINDER,AMG C 63 Base,469.0HP 4.0L 8 Cylinder Engine Gasoline Fuel
Chevrolet,2002,"48,000 mi.",Gasoline,A/T,None reported,Yes,"$21,999",310.0,5.7,8 CYLINDER,320 i xDrive,180.0HP 2.0L 4 Cylinder Engine Gasoline Fuel
Chevrolet,2016,"41,500 mi.",Gasoline,7-Speed M/T,None reported,Yes,"$66,000",650.0,6.2,8 CYLINDER,Macan GTS,2.9L V6 24V GDI DOHC Twin Turbo
Porsche,2012,"54,000 mi.",Gasoline,7-Speed A/T,None reported,Yes,"$75,000",330.0,3.4,6 CYLINDER,Pilot EX-L,3.5L V6 24V GDI SOHC
Porsche,2018,"70,455 mi.",Gasoline,8-Speed A/T,None reported,Yes,"$45,855",300.0,3.6,V6,GLE 350 Base,2.0 Liter Turbo
Subaru,2018,"84,054 mi.",Gasoline,CVT Transmission,None reported,Yes,"$21,499",395.0,2.0,4 CYLINDER,Camaro 2SS,455.0HP 6.2L 8 Cylinder Engine Gasoline Fuel
BMW,2007,"114,528 mi.",Gasoline,A/T,None reported,Yes,"$9,000",360.0,4.8,8 CYLINDER,XF 35t Prestige,340.0HP 3.0L V6 Cylinder Engine Gasoline Fuel
Jeep,2013,"111,850 mi.",Gasoline,A/T,At least 1 accident or damage reported,Yes,"$26,500",285.0,3.6,V6,3500 Laramie,385.0HP 6.7L Straight 6 Cylinder Engine Diesel Fuel
GMC,2020,"52,673 mi.",Diesel,6-Speed A/T,None reported,Yes,"$69,500",445.0,6.6,8 CYLINDER,335 is,320.0HP 3.0L Straight 6 Cylinder Engine Gasoline Fuel
BMW,2021,"31,500 mi.",Gasoline,8-Speed A/T,None reported,Yes,"$54,500",473.0,3.0,6 CYLINDER,S6 4.0T Premium Plus,450.0HP 4.0L 8 Cylinder Engine Gasoline Fuel
BMW,2011,"73,000 mi.",Gasoline,Transmission w/Dual Shift Mode,None reported,Yes,"$16,000",300.0,3.0,6 CYLINDER,300 S,363.0HP 5.7L 8 Cylinder Engine Gasoline Fuel
Jeep,2019,"59,692 mi.",Gasoline,8-Speed A/T,None reported,Yes,"$35,900",285.0,3.6,V6,Sierra 1500 AT4,277.0HP 3.0L Straight 6 Cylinder Engine Diesel Fuel
Toyota,2016,"68,364 mi.",Gasoline,Transmission w/Dual Shift Mode,None reported,Yes,"$16,000",132.0,1.8,4 CYLINDER,200 C,295.0HP 3.6L V6 Cylinder Engine Flex Fuel Capability
Land,2017,"47,200 mi.",Gasoline,8-Speed A/T,At least 1 accident or damage reported,Yes,"$29,000",340.0,3.0,V6,F-150 XLT SuperCab,292.0HP 4.6L 8 Cylinder Engine Gasoline Fuel
Mercedes-Benz,2021,"18,000 mi.",Hybrid,9-Speed A/T,At least 1 accident or damage reported,Yes,"$62,000",362.0,3.0,6 CYLINDER,Cooper S Base,168.0HP 1.6L 4 Cylinder Engine Gasoline Fuel
Ford,2012,"158,366 mi.",Hybrid,A/T,At least 1 accident or damage reported,Yes,"$8,250",191.0,2.5,4 CYLINDER,Venza XLE,268.0HP 3.5L V6 Cylinder Engine Gasoline Fuel
BMW,2017,"49,700 mi.",Gasoline,8-Speed A/T,None reported,Yes,"$26,000",228.0,2.0,4 CYLINDER,Camry Hybrid Base,147.0HP 2.4L 4 Cylinder Engine Gas/Electric Hybrid
GMC,2010,"81,500 mi.",Gasoline,A/T,None reported,Yes,"$12,250",182.0,2.4,4 CYLINDER,Tahoe LT,320.0HP 5.3L 8 Cylinder Engine Flex Fuel Capability
BMW,2019,"16,975 mi.",electric,A/T,None reported,Yes,"$26,990",170.0,0.65,V6,CLS-Class CLS 63 AMG S-Model 4MATIC,577.0HP 5.5L 8 Cylinder Engine Gasoline Fuel
Porsche,2018,"5,989 mi.",Gasoline,"Manual, 6-Spd",None reported,No,"$209,000",365.0,4.0,V6,Shelby GT500 Base,760.0HP 5.2L 8 Cylinder Engine Gasoline Fuel
Ford,2003,"16,100 mi.",Gasoline,M/T,None reported,Yes,"$35,500",390.0,4.6,8 CYLINDER,RX 300 4WD,220.0HP 3.0L V6 Cylinder Engine Gasoline Fuel
Land,2020,"54,225 mi.",Gasoline,A/T,None reported,Yes,"$67,500",518.0,5.0,8 CYLINDER,Macan S,340.0HP 3.0L V6 Cylinder Engine Gasoline Fuel
RAM,2016,"89,500 mi.",Gasoline,A/T,None reported,Yes,"$35,000",350.0,6.4,8 CYLINDER,F-150 XLT SuperCab,300.0HP 5.4L 8 Cylinder Engine Gasoline Fuel
Ford,2013,"87,501 mi.",E85 Flex Fuel,4-Speed A/T,At least 1 accident or damage reported,Yes,"$17,777",225.0,4.6,8 CYLINDER,Outback 2.5 i Special Edition,169.0HP 2.5L 4 Cylinder Engine Gasoline Fuel
MINI,2018,"12,370 mi.",Gasoline,8-Speed A/T,None reported,Yes,"$28,900",189.0,2.0,4 CYLINDER,Sierra 2500 AT4,6.6L V8 32V DDI OHV Turbo Diesel
RAM,2019,"12,466 mi.",Gasoline,8-Speed A/T,None reported,Yes,"$28,995",395.0,5.7,8 CYLINDER,X5 xDrive40i,335.0HP 3.0L Straight 6 Cylinder Engine Gasoline Fuel
Volvo,2011,"199,000 mi.",Gasoline,Transmission w/Dual Shift Mode,At least 1 accident or damage reported,Yes,"$5,500",227.0,2.5,5 CYLINDER,Taycan Base,375.0HP Electric Motor Electric Fuel System
Mercedes-Benz,2007,"78,200 mi.",Gasoline,5-Speed A/T,At least 1 accident or damage reported,Yes,"$22,999",510.0,5.5,12 CYLINDER,GX 470 Base,263.0HP 4.7L 8 Cylinder Engine Gasoline Fuel
Toyota,2018,"22,000 mi.",Hybrid,A/T,None reported,Yes,"$29,500",208.0,2.5,4 CYLINDER,F-150 Heritage XL SuperCab Flareside,380.0HP 5.4L 8 Cylinder Engine Gasoline Fuel
GMC,2016,"100,795 mi.",Gasoline,6-Speed Automatic,At least 1 accident or damage reported,Yes,"$12,995",355.0,3.6,V6,MazdaSpeed Miata MX-5 Base,178.0HP 1.8L 4 Cylinder Engine Gasoline Fuel
Chevrolet,2019,"99,941 mi.",Gasoline,6-Speed Automatic,None reported,Yes,"$17,816",355.0,3.6,V6,Acadia Denali,3.6L V6 24V GDI DOHC
Jeep,2021,"23,588 mi.",Gasoline,8-Speed Automatic,None reported,No,"$38,633",285.0,3.6,V6,Metris Base,208.0HP 2.0L 4 Cylinder Engine Gasoline Fuel
Jeep,2003,"103,000 mi.",Gasoline,A/T,None reported,Yes,"$5,200",210.0,3.7,V6,DeVille Base,–
Jaguar,2009,"91,491 mi.",Gasoline,6-Speed A/T,None reported,Yes,"$7,000",300.0,4.2,8 CYLINDER,Expedition EL XLT,310.0HP 5.4L 8 Cylinder Engine Flex Fuel Capability
Honda,2020,"23,131 mi.",Gasoline,Automatic CVT,At least 1 accident or damage reported,No,"$23,739",205.0,2.0,I4,Monte Carlo SS,200.0HP 3.8L V6 Cylinder Engine Gasoline Fuel
Subaru,2019,"77,000 mi.",Gasoline,CVT Transmission,At least 1 accident or damage reported,Yes,"$18,749",175.0,2.5,4 CYLINDER,1500 Big Horn,395.0HP 5.7L 8 Cylinder Engine Gasoline Fuel
Land,2019,"20,500 mi.",Gasoline,A/T,None reported,Yes,"$76,000",380.0,3.0,V6,Commander Base,210.0HP 3.7L V6 Cylinder Engine Gasoline Fuel
Tesla,2022,500 mi.,electric,A/T,None reported,Yes,"$45,900",425.0,3.5,V6,IS-F Base,416.0HP 5.0L 8 Cylinder Engine Gasoline Fuel
Lexus,2019,"49,810 mi.",Gasoline,8-Speed A/T,At least 1 accident or damage reported,Yes,"$33,900",302.0,3.5,V6,Utility Police Interceptor Base,365.0HP 3.5L V6 Cylinder Engine Gasoline Fuel
Honda,2022,"20,229 mi.",Gasoline,Automatic CVT,None reported,No,"$36,727",205.0,1.5,I4,Carrera GT Base,605.0HP 5.7L 10 Cylinder Engine Gasoline Fuel
Alfa,2021,"10,558 mi.",Gasoline,8-Speed A/T,None reported,Yes,"$75,000",240.0,2.9,V6,Escalade ESV Luxury,420.0HP 6.2L 8 Cylinder Engine Gasoline Fuel
BMW,2005,"59,300 mi.",Gasoline,M/T,None reported,Yes,"$30,900",225.0,3.0,6 CYLINDER,Model Y Performance,455.0HP Electric Motor Electric Fuel System
Maybach,2004,"34,254 mi.",Gasoline,5-Speed A/T,None reported,Yes,"$64,250",543.0,5.5,12 CYLINDER,Avalanche 1500 LS,295.0HP 5.3L 8 Cylinder Engine Flex Fuel Capability
Lexus,2021,"24,364 mi.",Gasoline,Automatic,None reported,No,"$37,998",301.0,2.5,V6,F-150 Lariat,325.0HP 2.7L V6 Cylinder Engine Gasoline Fuel
Mercedes-Benz,2016,"139,200 mi.",Diesel,A/T,At least 1 accident or damage reported,Yes,"$22,000",161.0,2.1,4 CYLINDER,GLB 250 Base 4MATIC,2.0L I4 16V GDI DOHC Turbo
Mercedes-Benz,2012,"82,046 mi.",Gasoline,7-Speed A/T,None reported,Yes,"$13,999",302.0,3.5,V6,Wrangler Sport,285.0HP 3.6L V6 Cylinder Engine Gasoline Fuel
Dodge,1997,"285,000 mi.",Gasoline,4-Speed A/T,None reported,Yes,"$6,399",230.0,5.2,8 CYLINDER,350Z Touring,287.0HP 3.5L V6 Cylinder Engine Gasoline Fuel
RAM,2017,"26,269 mi.",E85 Flex Fuel,8-Speed Automatic,At least 1 accident or damage reported,No,"$25,307",305.0,3.6,V6,Corvette Z06,650.0HP 6.2L 8 Cylinder Engine Gasoline Fuel
Mazda,2016,"127,131 mi.",Gasoline,A/T,At least 1 accident or damage reported,Yes,"$16,770",227.0,2.5,4 CYLINDER,Solstice GXP,260.0HP 2.0L 4 Cylinder Engine Gasoline Fuel
Porsche,2019,"31,000 mi.",Gasoline,Transmission w/Dual Shift Mode,None reported,Yes,"$179,900",580.0,3.8,6 CYLINDER,Sonata SE,185.0HP 2.4L 4 Cylinder Engine Gasoline Fuel
BMW,2021,"27,000 mi.",Gasoline,8-Speed A/T,None reported,Yes,"$38,400",248.0,2.0,4 CYLINDER,SLS AMG Base,6.2L V8 32V MPFI DOHC
Jeep,2015,"93,400 mi.",E85 Flex Fuel,A/T,None reported,Yes,"$18,900",395.0,3.6,V6,Navigator Reserve,450.0HP 3.5L V6 Cylinder Engine Gasoline Fuel
BMW,2021,"9,200 mi.",Hybrid,8-Speed A/T,At least 1 accident or damage reported,Yes,"$71,200",335.0,3.0,6 CYLINDER,Maxima SL,255.0HP 3.5L V6 Cylinder Engine Gasoline Fuel
Mercedes-Benz,2014,"76,850 mi.",Gasoline,7-Speed A/T,At least 1 accident or damage reported,Yes,"$32,999",429.0,4.7,8 CYLINDER,Ranger XLT,270.0HP 2.3L 4 Cylinder Engine Gasoline Fuel
Bentley,2016,"61,160 mi.",Gasoline,A/T,At least 1 accident or damage reported,Yes,"$98,000",582.0,6.0,12 CYLINDER,Model 3 Long Range,Electric Motor Electric Fuel System
Jeep,2005,"146,000 mi.",Gasoline,A/T,At least 1 accident or damage reported,Yes,"$15,900",190.0,4.0,6 CYLINDER,XE 35t Premium,340.0HP 3.0L V6 Cylinder Engine Gasoline Fuel
Volkswagen,2017,"33,850 mi.",Gasoline,6-Speed A/T,None reported,Yes,"$16,500",170.0,1.8,4 CYLINDER,MKZ Reserve,240.0HP 2.0L 4 Cylinder Engine Gasoline Fuel
Jeep,2020,"61,830 mi.",Gasoline,8-Speed Automatic,At least 1 accident or damage reported,No,"$39,860",285.0,2.0,I4,Escalade ESV Platinum,420.0HP 6.2L 8 Cylinder Engine Gasoline Fuel
Kia,2017,"108,559 mi.",Gasoline,6-Speed Automatic,None reported,No,"$15,998",244.0,3.3,V6,Fusion SE,240.0HP 3.0L V6 Cylinder Engine Flex Fuel Capability
Lexus,2006,"192,000 mi.",Gasoline,6-Speed A/T,At least 1 accident or damage reported,Yes,"$7,390",278.0,4.3,8 CYLINDER,E-Class E 350,302.0HP 3.5L V6 Cylinder Engine Gasoline Fuel
Mercedes-Benz,2014,"83,112 mi.",Gasoline,7-Speed A/T,None reported,Yes,"$15,500",302.0,3.5,V6,Wrangler Unlimited Sport,285.0HP 3.6L V6 Cylinder Engine Gasoline Fuel
Tesla,2016,"52,000 mi.",electric,A/T,None reported,Yes,"$52,000",518.0,3.5,V6,DeVille Base,–
RAM,2020,"57,300 mi.",Gasoline,8-Speed A/T,None reported,Yes,"$43,500",395.0,5.7,8 CYLINDER,Wrangler Sport,202.0HP 3.8L V6 Cylinder Engine Gasoline Fuel
MINI,2008,"104,500 mi.",Gasoline,6-Speed A/T,At least 1 accident or damage reported,Yes,"$4,100",118.0,1.6,4 CYLINDER,Wrangler Sport,3.8L V6 12V MPFI OHV
Jeep,1996,"170,552 mi.",Gasoline,4-Speed A/T,At least 1 accident or damage reported,Yes,"$6,500",190.0,4.0,6 CYLINDER,MDX 3.5L w/Technology Package,3.5 Liter
Ford,2013,"18,000 mi.",Gasoline,6-Speed A/T,None reported,Yes,"$29,000",412.0,5.0,8 CYLINDER,Jetta 1.4T S,147.0HP 1.4L 4 Cylinder Engine Gasoline Fuel
Lincoln,2019,"39,000 mi.",Gasoline,10-Speed A/T,None reported,Yes,"$51,999",450.0,3.5,V6,Camaro Z28,310.0HP 5.7L 8 Cylinder Engine Gasoline Fuel
Jeep,2020,"38,000 mi.",Gasoline,8-Speed A/T,None reported,Yes,"$45,000",285.0,3.6,V6,Corvette Z06,650.0HP 6.2L 8 Cylinder Engine Gasoline Fuel
Porsche,2016,"15,168 mi.",Gasoline,6-Speed M/T,None reported,Yes,"$115,000",385.0,3.8,6 CYLINDER,Cayman R,330.0HP 3.4L Flat 6 Cylinder Engine Gasoline Fuel
Honda,2012,"167,506 mi.",Gasoline,A/T,None reported,Yes,"$6,500",140.0,1.8,4 CYLINDER,Cayenne Base,300.0HP 3.6L V6 Cylinder Engine Gasoline Fuel
Jeep,2012,"166,000 mi.",E85 Flex Fuel,A/T,At least 1 accident or damage reported,Yes,"$13,000",290.0,3.6,V6,Crosstrek 2.0i Limited,152.0HP 2.0L 4 Cylinder Engine Gasoline Fuel
Ford,2021,"19,200 mi.",Gasoline,Transmission w/Dual Shift Mode,None reported,Yes,"$82,950",760.0,5.2,8 CYLINDER,750 Li,360.0HP 4.8L 8 Cylinder Engine Gasoline Fuel
Land,2022,"46,000 mi.",Hybrid,8-Speed A/T,None reported,Yes,"$75,000",395.0,3.0,6 CYLINDER,Wrangler Sahara,285.0HP 3.6L V6 Cylinder Engine Gasoline Fuel
Hummer,2007,"201,000 mi.",Gasoline,A/T,At least 1 accident or damage reported,Yes,"$7,200",242.0,3.7,5 CYLINDER,Sierra 2500 AT4,445.0HP 6.6L 8 Cylinder Engine Diesel Fuel
Kia,2014,"87,000 mi.",Gasoline,A/T,At least 1 accident or damage reported,Yes,"$8,900",181.0,2.4,4 CYLINDER,X3 M AWD,473.0HP 3.0L Straight 6 Cylinder Engine Gasoline Fuel
GMC,2015,"145,000 mi.",Gasoline,6-Speed A/T,None reported,Yes,"$24,950",355.0,5.3,8 CYLINDER,335 i,300.0HP 3.0L Straight 6 Cylinder Engine Gasoline Fuel
Jeep,2020,"33,060 mi.",Gasoline,8-Speed A/T,None reported,Yes,"$36,500",285.0,3.6,V6,Wrangler Unlimited Sahara,285.0HP 3.6L V6 Cylinder Engine Gasoline Fuel
Tesla,2021,"10,550 mi.",electric,A/T,None reported,Yes,"$67,800",557.0,3.5,V6,Corolla S Plus,132.0HP 1.8L 4 Cylinder Engine Gasoline Fuel
Audi,2014,"89,500 mi.",Gasoline,Transmission w/Dual Shift Mode,None reported,Yes,"$18,000",310.0,3.0,V6,Rover Discovery HSE LUXURY,340.0HP 3.0L V6 Cylinder Engine Gasoline Fuel
Jeep,2021,"27,000 mi.",Hybrid,8-Speed A/T,None reported,Yes,"$37,500",285.0,3.6,V6,E-Class E 450 4MATIC,362.0HP 3.0L Straight 6 Cylinder Engine Gasoline/Mild Electric Hybrid
Jeep,2010,"87,250 mi.",Gasoline,6-Speed M/T,None reported,Yes,"$18,500",202.0,3.8,V6,Fusion Hybrid Base,191.0HP 2.5L 4 Cylinder Engine Gas/Electric Hybrid
Volkswagen,2016,"76,495 mi.",Gasoline,A/T,At least 1 accident or damage reported,Yes,"$13,000",200.0,2.0,4 CYLINDER,X1 xDrive 28i,228.0HP 2.0L 4 Cylinder Engine Gasoline Fuel
Cadillac,2016,"70,503 mi.",Gasoline,6-Speed A/T,None reported,Yes,"$15,500",308.0,3.6,V6,Terrain SLE,182.0HP 2.4L 4 Cylinder Engine Gasoline Fuel
Porsche,2009,"41,965 mi.",Gasoline,Transmission w/Dual Shift Mode,At least 1 accident or damage reported,Yes,"$35,000",500.0,4.8,8 CYLINDER,i3 120Ah w/Range Extender,170.0HP 0.65L Electric Motor Electric Fuel System
Toyota,1999,"267,000 mi.",Gasoline,5-Speed M/T,At least 1 accident or damage reported,Yes,"$8,000",150.0,2.7,4 CYLINDER,911 GT3,"4L H-6 gasoline direct injection, DOHC, VarioCam Plus variable v"
Mitsubishi,2003,"146,000 mi.",Gasoline,4-Speed A/T,At least 1 accident or damage reported,Yes,"$4,200",200.0,3.0,V6,Mustang SVT Cobra,390.0HP 4.6L 8 Cylinder Engine Gasoline Fuel
Chevrolet,2023,"9,000 mi.",Gasoline,8-Speed A/T,None reported,Yes,"$82,500",490.0,6.2,8 CYLINDER,Rover Range Rover Supercharged LWB,518.0HP 5.0L 8 Cylinder Engine Gasoline Fuel
Toyota,2022,"1,050 mi.",Gasoline,6-Speed A/T,None reported,Yes,"$40,000",228.0,2.4,4 CYLINDER,2500 Big Horn,410.0HP 6.4L 8 Cylinder Engine Gasoline Fuel
Land,2021,"22,270 mi.",Gasoline,8-Speed Automatic,None reported,No,"$89,900",380.0,5.0,V8,E250 Cargo,225.0HP 4.6L 8 Cylinder Engine Flex Fuel Capability
Ford,2012,"19,900 mi.",Gasoline,6-Speed A/T,None reported,Yes,"$26,500",412.0,5.0,8 CYLINDER,Countryman Cooper S ALL4,189.0HP 2.0L 4 Cylinder Engine Gasoline Fuel
Tesla,2020,"19,800 mi.",electric,1-Speed A/T,None reported,Yes,"$44,990",425.0,3.5,V6,1500 Classic Tradesman,395.0HP 5.7L 8 Cylinder Engine Gasoline Fuel
RAM,2012,"113,500 mi.",Gasoline,A/T,None reported,Yes,"$17,900",390.0,5.7,8 CYLINDER,C70 T5,227.0HP 2.5L 5 Cylinder Engine Gasoline Fuel
Lamborghini,2013,"22,000 mi.",Gasoline,6-Speed A/T,None reported,Yes,"$150,000",550.0,5.2,10 CYLINDER,SL-Class SL600 Roadster,510.0HP 5.5L 12 Cylinder Engine Gasoline Fuel
INFINITI,2022,"3,300 mi.",Gasoline,Transmission w/Dual Shift Mode,None reported,Yes,"$54,000",400.0,3.0,V6,Camry Hybrid XLE,208.0HP 2.5L 4 Cylinder Engine Gas/Electric Hybrid
Volkswagen,2016,"41,615 mi.",electric,1-Speed A/T,None reported,Yes,"$12,000",115.0,3.5,V6,Acadia SLE-2,3.6L V6 24V GDI DOHC
Tesla,2022,"11,860 mi.",electric,A/T,None reported,Yes,"$92,500",670.0,3.5,V6,Impala 1LT,3.6L V6 24V GDI DOHC
BMW,2015,"27,000 mi.",Gasoline,7-Speed A/T,None reported,Yes,"$52,500",560.0,4.4,8 CYLINDER,Grand Cherokee L Laredo,3.6L V6 24V MPFI DOHC
Kia,2022,"22,101 mi.",Gasoline,8-Speed Automatic,At least 1 accident or damage reported,Yes,"$29,430",290.0,1.6,I4,Liberty Sport,210.0HP 3.7L V6 Cylinder Engine Gasoline Fuel
Chevrolet,1996,"60,000 mi.",Gasoline,A/T,None reported,No,"$18,500",260.0,5.7,8 CYLINDER,XF Luxury,300.0HP 4.2L 8 Cylinder Engine Gasoline Fuel
Subaru,2013,"46,452 mi.",Gasoline,6-Speed M/T,None reported,Yes,"$22,888",395.0,2.0,4 CYLINDER,Civic Sport,2.0L I4 16V MPFI DOHC
Lincoln,2019,"36,000 mi.",Gasoline,6-Speed A/T,None reported,Yes,"$26,500",245.0,2.0,4 CYLINDER,Outback 2.5i Premium,175.0HP 2.5L 4 Cylinder Engine Gasoline Fuel
Chevrolet,2019,"13,100 mi.",Gasoline,7-Speed M/T,None reported,Yes,"$61,950",460.0,6.2,8 CYLINDER,Rover Range Rover Sport HSE Dynamic,380.0HP 3.0L V6 Cylinder Engine Gasoline Fuel
Audi,2019,"50,000 mi.",Gasoline,7-Speed A/T,At least 1 accident or damage reported,Yes,"$27,000",248.0,2.0,4 CYLINDER,Model Y Long Range,425.0HP Electric Motor Electric Fuel System
Mazda,2018,"19,500 mi.",Gasoline,Transmission w/Dual Shift Mode,None reported,Yes,"$32,250",227.0,2.5,4 CYLINDER,ES 350 Base,302.0HP 3.5L V6 Cylinder Engine Gasoline Fuel
Ford,2016,"36,000 mi.",Gasoline,6-Speed M/T,At least 1 accident or damage reported,Yes,"$31,000",435.0,5.0,8 CYLINDER,CR-V Touring,1.5L I4 16V GDI DOHC Turbo
Rolls-Royce,2016,"21,000 mi.",Gasoline,A/T,None reported,No,"$217,000",624.0,6.6,12 CYLINDER,Romeo Giulia Quadrifoglio,505.0HP 2.9L V6 Cylinder Engine Gasoline Fuel
Chevrolet,2022,"6,640 mi.",Gasoline,A/T,None reported,Yes,"$51,999",455.0,6.2,8 CYLINDER,330 i,225.0HP 3.0L Straight 6 Cylinder Engine Gasoline Fuel
BMW,2016,"74,850 mi.",Gasoline,A/T,At least 1 accident or damage reported,Yes,"$21,900",300.0,3.0,6 CYLINDER,Type 57 Base,543.0HP 5.5L 12 Cylinder Engine Gasoline Fuel
Nissan,2014,"117,000 mi.",Gasoline,Transmission w/Dual Shift Mode,At least 1 accident or damage reported,Yes,"$10,900",290.0,3.5,V6,ES 250 Base,2.5 Liter
Toyota,2016,"51,400 mi.",E85 Flex Fuel,6-Speed A/T,None reported,No,"$39,900",381.0,5.7,8 CYLINDER,Sprinter 2500,161.0HP 2.1L 4 Cylinder Engine Diesel Fuel
INFINITI,2022,"6,000 mi.",Gasoline,9-Speed A/T,None reported,Yes,"$57,999",295.0,3.5,V6,E-Class E 350,302.0HP 3.5L V6 Cylinder Engine Gasoline Fuel
Mitsubishi,2006,"128,000 mi.",Gasoline,6-Speed M/T,None reported,Yes,"$37,999",286.0,2.0,4 CYLINDER,Dakota Sport,230.0HP 5.2L 8 Cylinder Engine Gasoline Fuel
BMW,2021,"15,000 mi.",Gasoline,Transmission w/Dual Shift Mode,None reported,Yes,"$39,995",248.0,2.0,4 CYLINDER,1500 Tradesman/Express,3.6L V6 24V MPFI DOHC Flexible Fuel
Toyota,2016,"119,000 mi.",Gasoline,6-Speed A/T,None reported,Yes,"$29,950",381.0,5.7,8 CYLINDER,CX-9 Touring,227.0HP 2.5L 4 Cylinder Engine Gasoline Fuel
Lincoln,2006,"87,500 mi.",Gasoline,A/T,At least 1 accident or damage reported,Yes,"$12,999",300.0,5.4,8 CYLINDER,911 Turbo S,580.0HP 3.8L Flat 6 Cylinder Engine Gasoline Fuel
Ford,2011,"149,000 mi.",Gasoline,6-Speed A/T,None reported,Yes,"$7,999",262.0,3.5,V6,X3 xDrive30i,248.0HP 2.0L 4 Cylinder Engine Gasoline Fuel
Audi,2015,"54,700 mi.",E85 Flex Fuel,8-Speed A/T,At least 1 accident or damage reported,Yes,"$20,995",220.0,2.0,4 CYLINDER,Grand Cherokee Limited,290.0HP 3.6L V6 Cylinder Engine Flex Fuel Capability
Ford,2021,"45,979 mi.",Gasoline,10-Speed Automatic,None reported,Yes,"$38,532",350.0,3.5,V6,X7 xDrive40i,335.0HP 3.0L Straight 6 Cylinder Engine Gasoline/Mild Electric Hybrid
Lincoln,2017,"56,846 mi.",Gasoline,Transmission w/Dual Shift Mode,None reported,Yes,"$29,000",335.0,2.7,V6,SL-Class SL 550,429.0HP 4.7L 8 Cylinder Engine Gasoline Fuel
Tesla,2017,"94,100 mi.",electric,A/T,At least 1 accident or damage reported,Yes,"$49,900",518.0,3.5,V6,Continental GT W12,582.0HP 6.0L 12 Cylinder Engine Gasoline Fuel
Jeep,2017,"80,150 mi.",Gasoline,8-Speed A/T,At least 1 accident or damage reported,Yes,"$22,500",395.0,3.6,V6,Wrangler Unlimited,190.0HP 4.0L Straight 6 Cylinder Engine Gasoline Fuel
GMC,2013,"11,563 mi.",Gasoline,A/T,At least 1 accident or damage reported,Yes,"$12,300",182.0,2.4,4 CYLINDER,Model S 100D,Electric Motor Electric Fuel System
Tesla,2022,"7,500 mi.",electric,A/T,None reported,Yes,"$84,000",670.0,3.5,V6,Golf SportWagen TSI SE,170.0HP 1.8L 4 Cylinder Engine Gasoline Fuel
Mercedes-Benz,2021,"15,615 mi.",Hybrid,9-Speed A/T,None reported,Yes,"$78,000",429.0,3.0,6 CYLINDER,Wrangler Unlimited Sahara,2.0L I4 16V GDI DOHC Turbo
Subaru,2013,"113,000 mi.",Gasoline,5-Speed M/T,At least 1 accident or damage reported,Yes,"$16,000",265.0,2.5,4 CYLINDER,Sorento SXL,3.3L V6 24V GDI DOHC
Kia,2018,"74,000 mi.",Gasoline,6-Speed A/T,None reported,Yes,"$15,000",185.0,2.4,4 CYLINDER,LS 430 Base,278.0HP 4.3L 8 Cylinder Engine Gasoline Fuel
Mercedes-Benz,2011,"99,200 mi.",Gasoline,A/T,None reported,Yes,"$11,900",268.0,3.5,V6,E-Class E 350 4MATIC,302.0HP 3.5L V6 Cylinder Engine Gasoline Fuel
Volkswagen,2018,"36,824 mi.",Gasoline,6-Speed A/T,None reported,Yes,"$23,999",174.0,2.0,4 CYLINDER,Model X 75D,518.0HP Electric Motor Electric Fuel System
Acura,2005,"186,040 mi.",Gasoline,A/T,At least 1 accident or damage reported,Yes,"$6,700",160.0,2.0,4 CYLINDER,1500 Rebel,395.0HP 5.7L 8 Cylinder Engine Gasoline Fuel
GMC,2020,"58,000 mi.",Gasoline,9-Speed A/T,None reported,Yes,"$27,700",310.0,3.6,V6,Cooper Base,118.0HP 1.6L 4 Cylinder Engine Gasoline Fuel
Ford,2020,"31,250 mi.",Gasoline,A/T,None reported,Yes,"$42,500",325.0,2.7,V6,Cherokee Sport,190.0HP 4.0L Straight 6 Cylinder Engine Gasoline Fuel
Jeep,2020,"43,000 mi.",Gasoline,A/T,None reported,Yes,"$46,500",285.0,3.6,V6,Mustang GT Premium,412.0HP 5.0L 8 Cylinder Engine Gasoline Fuel
Toyota,2020,"41,199 mi.",Gasoline,6 Speed Mt,None reported,No,"$41,598",270.0,3.5,V6,Navigator Reserve,450.0HP 3.5L V6 Cylinder Engine Gasoline Fuel
Kia,2022,"22,000 mi.",electric,1-Speed A/T,None reported,Yes,"$45,000",320.0,3.5,V6,Gladiator Rubicon,285.0HP 3.6L V6 Cylinder Engine Gasoline Fuel
Genesis,2022,"12,900 mi.",Gasoline,8-Speed A/T,None reported,Yes,"$53,000",375.0,3.5,V6,Cayman GT4,385.0HP 3.8L Flat 6 Cylinder Engine Gasoline Fuel
Ford,2022,"10,500 mi.",Gasoline,Transmission w/Dual Shift Mode,None reported,No,"$50,000",400.0,3.0,V6,Civic EX,140.0HP 1.8L 4 Cylinder Engine Gasoline Fuel
MINI,2020,"74,725 mi.",Gasoline,7-Speed Automatic with Auto-Shift,None reported,Yes,"$21,612",181.0,1.5,I3,Grand Cherokee Laredo,290.0HP 3.6L V6 Cylinder Engine Flex Fuel Capability
BMW,2003,"142,000 mi.",Gasoline,5-Speed M/T,At least 1 accident or damage reported,Yes,"$4,800",184.0,2.5,6 CYLINDER,Shelby GT500 Base,760.0HP 5.2L 8 Cylinder Engine Gasoline Fuel
Toyota,2012,"129,355 mi.",Gasoline,4-Speed A/T,At least 1 accident or damage reported,Yes,"$7,950",106.0,1.5,4 CYLINDER,Rover Defender SE,395.0HP 3.0L Straight 6 Cylinder Engine Gasoline/Mild Electric Hybrid
Chevrolet,2010,"204,000 mi.",E85 Flex Fuel,4-Speed A/T,At least 1 accident or damage reported,Yes,"$4,900",310.0,5.3,8 CYLINDER,H3 Base,242.0HP 3.7L 5 Cylinder Engine Gasoline Fuel
Lincoln,2016,"115,600 mi.",Gasoline,6-Speed A/T,None reported,Yes,"$22,500",380.0,3.5,V6,Sportage LX,182.0HP 2.4L 4 Cylinder Engine Gasoline Fuel
Jeep,2023,"1,563 mi.",Hybrid,A/T,None reported,Yes,"$62,500",285.0,3.6,V6,Yukon XL 1500 SLT,355.0HP 5.3L 8 Cylinder Engine Gasoline Fuel
Bentley,2007,"72,166 mi.",Gasoline,A/T,At least 1 accident or damage reported,Yes,"$35,995",552.0,6.0,12 CYLINDER,Wrangler Unlimited Sport,285.0HP 3.6L V6 Cylinder Engine Gasoline Fuel
Lexus,2018,"26,100 mi.",Gasoline,8-Speed A/T,None reported,Yes,"$37,899",295.0,3.5,V6,Bronco XLT,–
BMW,2017,"58,880 mi.",Gasoline,8-Speed A/T,None reported,Yes,"$21,000",248.0,2.0,4 CYLINDER,Model S Long Range Plus,557.0HP Electric Motor Electric Fuel System
Cadillac,2021,"26,000 mi.",Gasoline,10-Speed A/T,None reported,Yes,"$104,000",420.0,6.2,8 CYLINDER,A6 3.0T Prestige,310.0HP 3.0L V6 Cylinder Engine Gasoline Fuel
Honda,2008,"190,640 mi.",Gasoline,5-Speed M/T,At least 1 accident or damage reported,Yes,"$5,500",140.0,1.8,4 CYLINDER,Wrangler 80th Anniversary,285.0HP 3.6L V6 Cylinder Engine Gasoline/Mild Electric Hybrid
Porsche,2020,"37,500 mi.",Gasoline,8-Speed A/T,None reported,Yes,"$59,900",335.0,3.0,V6,Wrangler Sport,202.0HP 3.8L V6 Cylinder Engine Gasoline Fuel
Ford,2022,"13,856 mi.",electric,1-Speed A/T,None reported,Yes,"$54,000",480.0,3.5,V6,CC 2.0T Sport,200.0HP 2.0L 4 Cylinder Engine Gasoline Fuel
Cadillac,2013,"225,000 mi.",Gasoline,6-Speed A/T,None reported,Yes,"$13,600",202.0,2.5,4 CYLINDER,SRX Luxury Collection,308.0HP 3.6L V6 Cylinder Engine Gasoline Fuel
Lexus,2014,"123,256 mi.",Gasoline,8-Speed A/T,None reported,Yes,"$24,995",386.0,4.6,8 CYLINDER,Cayenne Turbo,500.0HP 4.8L 8 Cylinder Engine Gasoline Fuel
Cadillac,2021,"11,459 mi.",Gasoline,10-Speed A/T,None reported,Yes,"$88,900",420.0,6.2,8 CYLINDER,4Runner 4WD,150.0HP 2.7L 4 Cylinder Engine Gasoline Fuel
Mercedes-Benz,2016,"67,289 mi.",Gasoline,7-Speed A/T,None reported,Yes,"$20,490",241.0,2.0,4 CYLINDER,Eclipse GT,200.0HP 3.0L V6 Cylinder Engine Gasoline Fuel
Hyundai,2013,"56,837 mi.",Gasoline,Transmission w/Dual Shift Mode,At least 1 accident or damage reported,Yes,"$10,500",132.0,1.6,4 CYLINDER,Corvette Stingray w/1LT,490.0HP 6.2L 8 Cylinder Engine Gasoline Fuel
Chevrolet,2002,"44,168 mi.",Gasoline,4-Speed A/T,None reported,Yes,"$30,000",350.0,5.7,8 CYLINDER,GR86 Premium,228.0HP 2.4L 4 Cylinder Engine Gasoline Fuel
Mercedes-Benz,2019,"59,766 mi.",Gasoline,9-Speed Automatic,None reported,No,"$26,900",362.0,2.0,I4,Rover Range Rover P525 Westminster,5.0L V8 32V GDI DOHC Supercharged
Kia,2018,"56,300 mi.",Gasoline,A/T,None reported,Yes,"$29,950",365.0,3.3,V6,Mustang GT Premium,412.0HP 5.0L 8 Cylinder Engine Gasoline Fuel
Volvo,2004,"167,000 mi.",Gasoline,6-Speed M/T,None reported,Yes,"$8,000",300.0,2.5,5 CYLINDER,Model Y Long Range,425.0HP Electric Motor Electric Fuel System
Chevrolet,2015,"122,770 mi.",E85 Flex Fuel,A/T,None reported,Yes,"$27,499",360.0,6.0,8 CYLINDER,1500 Sport,390.0HP 5.7L 8 Cylinder Engine Gasoline Fuel
Land,2019,"59,271 mi.",Gasoline,A/T,None reported,Yes,"$54,995",380.0,3.0,V6,Gallardo LP550-2,550.0HP 5.2L 10 Cylinder Engine Gasoline Fuel
GMC,2015,"102,000 mi.",Gasoline,6-Speed A/T,At least 1 accident or damage reported,Yes,"$24,500",355.0,5.3,8 CYLINDER,Q60 3.0t Red Sport 400,400.0HP 3.0L V6 Cylinder Engine Gasoline Fuel
Chevrolet,2020,"40,929 mi.",Gasoline,Automatic,At least 1 accident or damage reported,Yes,"$44,800",355.0,5.3,V8,e-Golf SE,115.0HP Electric Motor Electric Fuel System
Porsche,2019,"22,000 mi.",Gasoline,7-Speed A/T,None reported,Yes,"$174,900",580.0,3.8,6 CYLINDER,Model X Long Range,670.0HP Electric Motor Electric Fuel System
Chevrolet,2022,"19,200 mi.",Gasoline,10-Speed A/T,None reported,Yes,"$69,790",420.0,6.2,8 CYLINDER,M5 Base,560.0HP 4.4L 8 Cylinder Engine Gasoline Fuel
Mercedes-Benz,2019,"32,376 mi.",Gasoline,A/T,None reported,Yes,"$128,000",416.0,4.0,8 CYLINDER,K5 GT-Line,1.6L I4 16V GDI DOHC Turbo
Porsche,2023,"19,800 mi.",Gasoline,8-Speed A/T,None reported,Yes,"$134,900",379.0,3.0,6 CYLINDER,Caprice Classic Base,260.0HP 5.7L 8 Cylinder Engine Gasoline Fuel
Land,2011,"105,000 mi.",Gasoline,A/T,None reported,Yes,"$10,000",375.0,5.0,8 CYLINDER,BRZ Limited,200.0HP 2.0L 4 Cylinder Engine Gasoline Fuel
Ford,2016,"122,650 mi.",Diesel,6-Speed A/T,None reported,Yes,"$38,900",440.0,6.7,8 CYLINDER,MKZ Reserve I,245.0HP 2.0L 4 Cylinder Engine Gasoline Fuel
Subaru,2022,"14,000 mi.",Gasoline,6-Speed M/T,None reported,Yes,"$34,999",395.0,2.4,4 CYLINDER,Corvette Grand Sport,460.0HP 6.2L 8 Cylinder Engine Gasoline Fuel
Lexus,2008,"100,868 mi.",Gasoline,8-Speed A/T,None reported,Yes,"$15,397",380.0,4.6,8 CYLINDER,Q5 2.0T Premium Plus,248.0HP 2.0L 4 Cylinder Engine Gasoline Fuel
Land,2013,"111,000 mi.",Gasoline,6-Speed A/T,At least 1 accident or damage reported,Yes,"$15,000",375.0,5.0,8 CYLINDER,CX-9 Signature,227.0HP 2.5L 4 Cylinder Engine Gasoline Fuel
Cadillac,2021,"38,500 mi.",Gasoline,A/T,At least 1 accident or damage reported,Yes,"$94,995",420.0,6.2,8 CYLINDER,Mustang GT,435.0HP 5.0L 8 Cylinder Engine Gasoline Fuel
Nissan,2020,"41,250 mi.",Gasoline,CVT Transmission,None reported,Yes,"$21,865",284.0,3.5,V6,Wraith Base,624.0HP 6.6L 12 Cylinder Engine Gasoline Fuel
MINI,2006,"99,600 mi.",Gasoline,6-Speed A/T,None reported,Yes,"$5,500",168.0,1.6,4 CYLINDER,Camaro 1SS,455.0HP 6.2L 8 Cylinder Engine Gasoline Fuel
Acura,2013,"198,000 mi.",Gasoline,Transmission w/Dual Shift Mode,At least 1 accident or damage reported,Yes,"$11,000",150.0,2.0,4 CYLINDER,X5 xDrive35i,300.0HP 3.0L Straight 6 Cylinder Engine Gasoline Fuel
Lexus,2021,"20,598 mi.",Gasoline,8-Speed Automatic,At least 1 accident or damage reported,No,"$42,599",301.0,3.5,V6,Maxima SV,290.0HP 3.5L V6 Cylinder Engine Gasoline Fuel
Porsche,2013,"52,044 mi.",Gasoline,7-Speed M/T,None reported,Yes,"$76,500",400.0,3.8,6 CYLINDER,Tundra TRD Pro,381.0HP 5.7L 8 Cylinder Engine Flex Fuel Capability
MINI,2022,"23,777 mi.",Gasoline,6-Speed M/T,None reported,Yes,"$30,000",189.0,2.0,4 CYLINDER,QX60 AUTOGRAPH,295.0HP 3.5L V6 Cylinder Engine Gasoline Fuel
Ford,2018,"60,660 mi.",Gasoline,A/T,At least 1 accident or damage reported,Yes,"$46,900",375.0,3.5,V6,Lancer Evolution MR,286.0HP 2.0L 4 Cylinder Engine Gasoline Fuel
BMW,2015,"26,000 mi.",electric,1-Speed A/T,None reported,Yes,"$14,999",170.0,0.65,V6,X3 xDrive30i,248.0HP 2.0L 4 Cylinder Engine Gasoline Fuel
Lexus,2020,"53,750 mi.",Gasoline,A/T,None reported,Yes,"$32,600",295.0,3.5,V6,Tundra SR5,381.0HP 5.7L 8 Cylinder Engine Gasoline Fuel
BMW,2023,"13,735 mi.",Gasoline,8-Speed Automatic,None reported,No,"$77,897",335.0,4.4,V8,Mark LT Base,300.0HP 5.4L 8 Cylinder Engine Gasoline Fuel
Mercedes-Benz,2019,"32,580 mi.",Gasoline,Automatic,None reported,No,"$33,998",362.0,2.0,V6,Flex SEL,262.0HP 3.5L V6 Cylinder Engine Gasoline Fuel
Porsche,2006,"96,275 mi.",Gasoline,6-Speed M/T,At least 1 accident or damage reported,Yes,"$52,500",325.0,3.6,6 CYLINDER,Q5 2.0T Premium Plus,220.0HP 2.0L 4 Cylinder Engine Flex Fuel Capability
Ford,2015,"162,000 mi.",Diesel,Transmission w/Dual Shift Mode,None reported,Yes,"$32,000",440.0,6.7,8 CYLINDER,F-150 XL,3.5L V6 24V PDI DOHC Twin Turbo
BMW,2019,"92,040 mi.",Gasoline,8-Speed Automatic,None reported,Yes,"$24,999",335.0,2.0,I4,Continental Reserve,335.0HP 2.7L V6 Cylinder Engine Gasoline Fuel
RAM,2017,"73,690 mi.",Gasoline,8-Speed A/T,At least 1 accident or damage reported,Yes,"$27,000",395.0,5.7,8 CYLINDER,Model X 75D,518.0HP Electric Motor Electric Fuel System
Toyota,2009,"48,750 mi.",Gasoline,M/T,None reported,Yes,"$17,900",159.0,2.7,4 CYLINDER,Grand Cherokee Limited,293.0HP 3.6L V6 Cylinder Engine Gasoline Fuel
Cadillac,2011,"124,542 mi.",Gasoline,6-Speed A/T,None reported,Yes,"$8,450",265.0,3.0,V6,Terrain SLT-1,182.0HP 2.4L 4 Cylinder Engine Gasoline Fuel
Ford,2010,"69,000 mi.",Gasoline,5-Speed A/T,None reported,Yes,"$20,000",315.0,4.6,8 CYLINDER,Model X Long Range,670.0HP Electric Motor Electric Fuel System
Dodge,2004,"148,000 mi.",Diesel,4-Speed A/T,None reported,Yes,"$19,000",395.0,5.9,6 CYLINDER,AMG E 53 Base 4MATIC,429.0HP 3.0L Straight 6 Cylinder Engine Gasoline/Mild Electric Hybrid
BMW,2006,"122,141 mi.",Gasoline,6-Speed M/T,None reported,Yes,"$10,500",360.0,4.8,8 CYLINDER,Impreza WRX Base,265.0HP 2.5L 4 Cylinder Engine Gasoline Fuel
Subaru,2012,"106,000 mi.",Gasoline,M/T,None reported,Yes,"$15,000",265.0,2.5,4 CYLINDER,Optima S,185.0HP 2.4L 4 Cylinder Engine Gasoline Fuel
Ford,2017,"113,294 mi.",Gasoline,6-Speed A/T,At least 1 accident or damage reported,Yes,"$16,500",245.0,2.0,4 CYLINDER,M-Class ML 350,268.0HP 3.5L V6 Cylinder Engine Gasoline Fuel
Kia,2021,"24,423 mi.",Gasoline,8-Speed Automatic,None reported,No,"$44,315",291.0,3.8,V6,Beetle 2.0T S,174.0HP 2.0L 4 Cylinder Engine Gasoline Fuel
Tesla,2022,"28,000 mi.",electric,1-Speed A/T,None reported,Yes,"$68,750",670.0,3.5,V6,RSX Base,160.0HP 2.0L 4 Cylinder Engine Gasoline Fuel
RAM,2018,"54,800 mi.",Gasoline,A/T,At least 1 accident or damage reported,Yes,"$37,050",395.0,5.7,8 CYLINDER,Acadia SLE,310.0HP 3.6L V6 Cylinder Engine Gasoline Fuel
Ford,2017,"161,000 mi.",Gasoline,6-Speed A/T,None reported,Yes,"$17,500",290.0,3.5,V6,F-150 Lariat,325.0HP 2.7L V6 Cylinder Engine Gasoline Fuel
Mercedes-Benz,2019,"28,755 mi.",Gasoline,9-Speed A/T,None reported,Yes,"$61,350",385.0,3.0,V6,Gladiator Overland,285.0HP 3.6L V6 Cylinder Engine Gasoline Fuel
Audi,2016,"52,105 mi.",E85 Flex Fuel,A/T,At least 1 accident or damage reported,Yes,"$20,499",220.0,2.0,4 CYLINDER,Tacoma TRD Sport,3.5 Liter
Nissan,2018,"119,950 mi.",Gasoline,Transmission w/Dual Shift Mode,None reported,Yes,"$20,999",390.0,5.6,8 CYLINDER,EV6 GT-Line,320.0HP Electric Motor Electric Fuel System
Mercedes-Benz,2003,"80,081 mi.",Gasoline,5-Speed A/T,None reported,Yes,"$12,500",302.0,5.0,8 CYLINDER,GV70 3.5T Sport,375.0HP 3.5L V6 Cylinder Engine Gasoline Fuel
Bentley,2021,"24,500 mi.",Gasoline,8-Speed A/T,None reported,Yes,"$165,000",542.0,4.0,8 CYLINDER,Explorer ST,400.0HP 3.0L V6 Cylinder Engine Gasoline Fuel
Jeep,2021,"4,100 mi.",Gasoline,A/T,None reported,Yes,"$55,000",285.0,3.6,V6,Countryman Cooper,1.5L I3 12V GDI DOHC Turbo
BMW,2020,"9,670 mi.",Gasoline,Transmission w/Dual Shift Mode,None reported,Yes,"$103,500",444.0,3.0,6 CYLINDER,CX-5 Grand Touring,2.5L I4 16V GDI DOHC
Dodge,2017,"63,250 mi.",Gasoline,A/T,None reported,Yes,"$18,650",292.0,3.6,V6,325 i,184.0HP 2.5L Straight 6 Cylinder Engine Gasoline Fuel
Lincoln,2017,"69,431 mi.",Gasoline,6-Speed A/T,None reported,Yes,"$26,500",335.0,2.7,V6,Mustang EcoBoost Premium,–
Toyota,2015,"108,044 mi.",Gasoline,6-Speed Automatic,None reported,Yes,"$31,380",270.0,5.7,V8,Yaris L,106.0HP 1.5L 4 Cylinder Engine Gasoline Fuel
BMW,2008,"98,000 mi.",Gasoline,Transmission w/Dual Shift Mode,None reported,Yes,"$13,998",300.0,3.0,6 CYLINDER,Express 1500 Base,310.0HP 5.3L 8 Cylinder Engine Flex Fuel Capability
BMW,2019,"52,253 mi.",Gasoline,Transmission w/Dual Shift Mode,None reported,Yes,"$34,500",228.0,2.0,4 CYLINDER,Navigator L Select,380.0HP 3.5L V6 Cylinder Engine Gasoline Fuel
Ford,2022,"23,850 mi.",Diesel,10-Speed A/T,None reported,Yes,"$99,750",475.0,6.7,8 CYLINDER,Wrangler Sahara Altitude,285.0HP 3.6L V6 Cylinder Engine Gasoline/Mild Electric Hybrid
Mercedes-Benz,2015,"1,500 mi.",Diesel,A/T,None reported,Yes,"$39,500",188.0,3.0,V6,Continental GT Base,552.0HP 6.0L 12 Cylinder Engine Gasoline Fuel
Dodge,2021,"40,000 mi.",Gasoline,A/T,None reported,Yes,"$32,500",303.0,3.6,V6,RX 350 F Sport,295.0HP 3.5L V6 Cylinder Engine Gasoline Fuel
Audi,2012,"38,718 mi.",Gasoline,7-Speed A/T,None reported,Yes,"$31,000",333.0,3.0,V6,430 i,248.0HP 2.0L 4 Cylinder Engine Gasoline Fuel
Toyota,2018,"84,184 mi.",Gasoline,Automatic,None reported,No,"$35,998",270.0,3.5,V6,Escalade Sport Platinum,420.0HP 6.2L 8 Cylinder Engine Gasoline Fuel
Mercedes-Benz,2021,"13,344 mi.",Diesel,7-Speed A/T,None reported,Yes,"$56,500",188.0,3.0,V6,Civic EX,140.0HP 1.8L 4 Cylinder Engine Gasoline Fuel
INFINITI,2018,"51,850 mi.",Gasoline,Transmission w/Dual Shift Mode,None reported,Yes,"$28,900",400.0,3.0,V6,Cayenne AWD,335.0HP 3.0L V6 Cylinder Engine Gasoline Fuel
Porsche,2002,"119,500 mi.",Gasoline,6-Speed M/T,At least 1 accident or damage reported,Yes,"$36,995",320.0,3.6,6 CYLINDER,Mustang Mach-E GT,480.0HP Electric Motor Electric Fuel System
Ford,2021,"30,918 mi.",Gasoline,10-Speed A/T,None reported,Yes,"$51,999",395.0,3.5,V6,ATS 2.5L Luxury,202.0HP 2.5L 4 Cylinder Engine Gasoline Fuel
Chevrolet,2023,"1,100 mi.",Gasoline,8-Speed A/T,None reported,Yes,"$92,000",490.0,6.2,8 CYLINDER,LS 460 Base,386.0HP 4.6L 8 Cylinder Engine Gasoline Fuel
Mercedes-Benz,2019,"40,000 mi.",Gasoline,A/T,None reported,Yes,"$27,900",255.0,2.0,4 CYLINDER,Escalade Premium Luxury,420.0HP 6.2L 8 Cylinder Engine Gasoline Fuel
Jeep,2005,"100,500 mi.",Gasoline,A/T,None reported,Yes,"$9,998",395.0,5.7,8 CYLINDER,C-Class C 300 4MATIC Sport,241.0HP 2.0L 4 Cylinder Engine Gasoline Fuel
Dodge,2020,"54,320 mi.",Gasoline,8-Speed A/T,At least 1 accident or damage reported,Yes,"$67,000",707.0,6.2,8 CYLINDER,Veloster Base,132.0HP 1.6L 4 Cylinder Engine Gasoline Fuel
Mercedes-Benz,2018,"49,000 mi.",Gasoline,A/T,None reported,Yes,"$23,450",241.0,2.0,4 CYLINDER,Corvette Base,350.0HP 5.7L 8 Cylinder Engine Gasoline Fuel
Porsche,2020,"28,000 mi.",Gasoline,8-Speed A/T,None reported,Yes,"$134,999",443.0,3.0,6 CYLINDER,C-Class C 300 4MATIC,2.0L I4 16V GDI DOHC Turbo
Porsche,2022,"1,750 mi.",Gasoline,7-Speed A/T,None reported,Yes,"$275,000",502.0,4.0,6 CYLINDER,Stinger GT,365.0HP 3.3L V6 Cylinder Engine Gasoline Fuel
Cadillac,2007,"130,000 mi.",Gasoline,A/T,At least 1 accident or damage reported,Yes,"$3,499",275.0,4.6,8 CYLINDER,S60 R,300.0HP 2.5L 5 Cylinder Engine Gasoline Fuel
Maserati,2023,"3,721 mi.",Gasoline,8-Speed Automatic,None reported,Yes,"$69,645",405.0,2.0,I4,Silverado 2500 LT,360.0HP 6.0L 8 Cylinder Engine Flex Fuel Capability
Mercedes-Benz,2016,"78,101 mi.",Gasoline,7-Speed A/T,None reported,Yes,"$34,500",449.0,4.7,8 CYLINDER,Rover Range Rover 3.0L V6 Supercharged HSE,380.0HP 3.0L V6 Cylinder Engine Gasoline Fuel
Chevrolet,2017,"54,000 mi.",Gasoline,A/T,At least 1 accident or damage reported,Yes,"$16,000",160.0,1.5,4 CYLINDER,Sierra 1500 SLE,355.0HP 5.3L 8 Cylinder Engine Gasoline Fuel
Nissan,2011,"185,000 mi.",Gasoline,A/T,At least 1 accident or damage reported,Yes,"$7,500",260.0,3.5,V6,Silverado 1500 RST,5.3L V8 16V GDI OHV
Mercedes-Benz,2015,"49,000 mi.",Gasoline,7-Speed A/T,None reported,Yes,"$23,500",201.0,1.8,4 CYLINDER,911 Turbo S,580.0HP 3.8L Flat 6 Cylinder Engine Gasoline Fuel
GMC,2024,"2,043 mi.",Gasoline,10-Speed A/T,None reported,Yes,"$81,500",401.0,6.6,8 CYLINDER,Suburban Z71,420.0HP 6.2L 8 Cylinder Engine Gasoline Fuel
Lexus,2016,"71,750 mi.",Gasoline,8-Speed A/T,None reported,Yes,"$28,000",295.0,3.5,V6,G-Class G 550 4MATIC,416.0HP 4.0L 8 Cylinder Engine Gasoline Fuel
Chevrolet,2020,"5,194 mi.",Gasoline,8-Speed Automatic with Auto-Shift,None reported,No,"$87,500",355.0,6.2,V8,911 Carrera,379.0HP 3.0L Flat 6 Cylinder Engine Gasoline Fuel
BMW,2019,"42,200 mi.",Gasoline,8-Speed A/T,None reported,Yes,"$27,500",255.0,2.0,4 CYLINDER,Rover Range Rover Sport HSE,375.0HP 5.0L 8 Cylinder Engine Gasoline Fuel
Mercedes-Benz,2020,"42,717 mi.",Gasoline,A/T,None reported,Yes,"$33,500",255.0,2.0,4 CYLINDER,F-250 Lariat,440.0HP 6.7L 8 Cylinder Engine Diesel Fuel
Tesla,2016,"102,260 mi.",electric,1-Speed A/T,None reported,Yes,"$31,300",518.0,3.5,V6,BRZ Limited,228.0HP 2.4L 4 Cylinder Engine Gasoline Fuel
Chevrolet,2022,"11,089 mi.",Gasoline,8-Speed Manual,None reported,No,"$80,900",355.0,6.2,V8,LS 460 Base,380.0HP 4.6L 8 Cylinder Engine Gasoline Fuel
Jaguar,2018,"37,777 mi.",Gasoline,Transmission w/Dual Shift Mode,None reported,Yes,"$32,500",247.0,2.0,4 CYLINDER,Rover Range Rover Sport HSE,375.0HP 5.0L 8 Cylinder Engine Gasoline Fuel
Ford,2021,"35,921 mi.",Gasoline,10-Speed Automatic,None reported,No,"$42,995",350.0,2.7,V6,Escalade Sport Platinum,420.0HP 6.2L 8 Cylinder Engine Gasoline Fuel
Ford,2023,"1,800 mi.",Gasoline,10-Speed A/T,None reported,No,"$54,900",275.0,2.3,4 CYLINDER,Pathfinder S,284.0HP 3.5L V6 Cylinder Engine Gasoline Fuel
Scion,2014,"163,019 mi.",Gasoline,6-Speed M/T,At least 1 accident or damage reported,Yes,"$8,900",200.0,2.0,4 CYLINDER,Cooper S Base,168.0HP 1.6L 4 Cylinder Engine Gasoline Fuel
Mercedes-Benz,2020,"14,220 mi.",Gasoline,9-Speed A/T,None reported,Yes,"$35,500",255.0,2.0,4 CYLINDER,ILX 2.0L w/Premium Package,150.0HP 2.0L 4 Cylinder Engine Gasoline Fuel
Chevrolet,2019,"48,879 mi.",Gasoline,Automatic,None reported,No,"$49,573",355.0,5.3,V8,RX 350 Base,3.5L V6 24V PDI DOHC
BMW,2002,"117,200 mi.",Gasoline,6-Speed A/T,None reported,Yes,"$15,000",333.0,3.2,6 CYLINDER,911 Carrera S,400.0HP 3.8L Flat 6 Cylinder Engine Gasoline Fuel
Ford,2016,"25,000 mi.",E85 Flex Fuel,6-Speed A/T,None reported,Yes,"$65,000",385.0,5.0,8 CYLINDER,Hardtop Cooper S,189.0HP 2.0L 4 Cylinder Engine Gasoline Fuel
BMW,2014,"74,500 mi.",electric,A/T,None reported,Yes,"$11,499",170.0,0.65,V6,F-150 Platinum,375.0HP 3.5L V6 Cylinder Engine Gasoline Fuel
INFINITI,2013,"33,300 mi.",Gasoline,A/T,None reported,Yes,"$21,990",328.0,3.7,V6,i3 Base,170.0HP 0.65L Electric Motor Electric Fuel System
Ford,2007,"123,921 mi.",Gasoline,6-Speed A/T,None reported,Yes,"$6,900",300.0,5.4,8 CYLINDER,CX-5 Touring,187.0HP 2.5L 4 Cylinder Engine Gasoline Fuel
BMW,2021,"12,800 mi.",Gasoline,A/T,None reported,Yes,"$39,990",248.0,2.0,4 CYLINDER,RX 350 F Sport Performance,295.0HP 3.5L V6 Cylinder Engine Gasoline Fuel
Aston,2015,"21,100 mi.",Gasoline,6-Speed M/T,None reported,Yes,"$80,000",430.0,4.7,8 CYLINDER,X5 M50i,4.4L V8 32V GDI DOHC Twin Turbo
Chevrolet,2009,"104,733 mi.",E85 Flex Fuel,6-Speed A/T,None reported,Yes,"$15,000",320.0,5.3,8 CYLINDER,E-Class E 300,2.0 Liter Turbo
Ford,2020,"53,000 mi.",Gasoline,A/T,At least 1 accident or damage reported,Yes,"$38,500",310.0,3.5,V6,911 Carrera Cabriolet,325.0HP 3.6L Flat 6 Cylinder Engine Gasoline Fuel
Lexus,2021,"17,570 mi.",Gasoline,Automatic,None reported,No,"$39,998",301.0,2.5,V6,F-350 Lariat,440.0HP 6.7L 8 Cylinder Engine Diesel Fuel
RAM,2020,"63,875 mi.",Hybrid,8-Speed A/T,At least 1 accident or damage reported,Yes,"$41,900",395.0,5.7,8 CYLINDER,X3 xDrive30i,2.0L I4 16V GDI DOHC Turbo
Ford,2023,"12,500 mi.",Hybrid,A/T,None reported,Yes,"$29,999",191.0,2.5,4 CYLINDER,1500 SLT,395.0HP 5.7L 8 Cylinder Engine Gasoline Fuel
BMW,2001,"103,990 mi.",Gasoline,5-Speed M/T,None reported,Yes,"$10,500",225.0,3.0,6 CYLINDER,Tacoma Base,159.0HP 2.7L 4 Cylinder Engine Gasoline Fuel
Chevrolet,2022,"7,000 mi.",Gasoline,6-Speed M/T,None reported,Yes,"$50,000",455.0,6.2,8 CYLINDER,SRX Performance Collection,265.0HP 3.0L V6 Cylinder Engine Gasoline Fuel
Chevrolet,2023,"9,000 mi.",Gasoline,8-Speed A/T,None reported,Yes,"$92,000",490.0,6.2,8 CYLINDER,Mustang GT Premium,315.0HP 4.6L 8 Cylinder Engine Gasoline Fuel
Pontiac,2007,"7,800 mi.",Gasoline,5-Speed A/T,None reported,Yes,"$19,000",260.0,2.0,4 CYLINDER,Ram 2500 Laramie Quad Cab,250.0HP 5.9L Straight 6 Cylinder Engine Diesel Fuel
Cadillac,2017,"69,289 mi.",Gasoline,6-Speed A/T,At least 1 accident or damage reported,Yes,"$20,997",304.0,3.6,V6,650 i,360.0HP 4.8L 8 Cylinder Engine Gasoline Fuel
Toyota,2011,"106,000 mi.",Gasoline,5-Speed A/T,At least 1 accident or damage reported,Yes,"$16,600",395.0,3.5,V6,Impreza WRX,265.0HP 2.5L 4 Cylinder Engine Gasoline Fuel
Lincoln,2020,"68,000 mi.",Gasoline,10-Speed A/T,At least 1 accident or damage reported,Yes,"$55,999",450.0,3.5,V6,Edge Titanium,245.0HP 2.0L 4 Cylinder Engine Gasoline Fuel
Toyota,2019,"13,828 mi.",Hybrid,CVT Transmission,None reported,Yes,"$43,000",395.0,3.5,V6,Telluride SX,3.8L V6 24V GDI DOHC
Audi,2018,"39,600 mi.",Gasoline,Transmission w/Dual Shift Mode,None reported,Yes,"$26,999",220.0,2.0,4 CYLINDER,Model S Long Range,670.0HP Electric Motor Electric Fuel System
Jeep,2003,"92,000 mi.",Gasoline,M/T,None reported,Yes,"$12,500",150.0,2.4,4 CYLINDER,1500 Rebel,395.0HP 5.7L 8 Cylinder Engine Gasoline Fuel
Toyota,2022,"5,020 mi.",Gasoline,A/T,None reported,Yes,"$36,500",278.0,3.5,V6,Explorer XLT,290.0HP 3.5L V6 Cylinder Engine Gasoline Fuel
Chevrolet,2007,"107,800 mi.",Gasoline,A/T,At least 1 accident or damage reported,Yes,"$15,000",395.0,6.0,8 CYLINDER,AMG GLE 43 4MATIC Coupe,385.0HP 3.0L V6 Cylinder Engine Gasoline Fuel
Audi,2019,"23,827 mi.",Gasoline,7-Speed A/T,None reported,Yes,"$34,995",248.0,2.0,4 CYLINDER,Q5 2.0T Premium Plus,220.0HP 2.0L 4 Cylinder Engine Flex Fuel Capability
Audi,2020,"25,300 mi.",Hybrid,7-Speed A/T,None reported,Yes,"$39,900",335.0,3.0,V6,Armada Platinum,390.0HP 5.6L 8 Cylinder Engine Gasoline Fuel
Mercedes-Benz,2016,"399,000 mi.",Diesel,5-Speed A/T,At least 1 accident or damage reported,Yes,"$24,500",188.0,3.0,V6,SL-Class SL500 Roadster,302.0HP 5.0L 8 Cylinder Engine Gasoline Fuel
Porsche,2005,"46,200 mi.",Gasoline,6-Speed M/T,None reported,Yes,"$49,999",325.0,3.6,6 CYLINDER,Bentayga V8,542.0HP 4.0L 8 Cylinder Engine Gasoline Fuel
Chevrolet,2022,"3,158 mi.",Gasoline,8-Speed A/T,None reported,Yes,"$85,989",490.0,6.2,8 CYLINDER,Gladiator Overland,285.0HP 3.6L V6 Cylinder Engine Gasoline Fuel
GMC,2021,"26,000 mi.",Gasoline,A/T,None reported,Yes,"$30,900",228.0,2.0,4 CYLINDER,M2 CS,444.0HP 3.0L Straight 6 Cylinder Engine Gasoline Fuel
Porsche,2020,"12,758 mi.",Gasoline,8-Speed A/T,None reported,Yes,"$107,900",379.0,3.0,6 CYLINDER,Charger SE,292.0HP 3.6L V6 Cylinder Engine Gasoline Fuel
Chevrolet,2007,"123,500 mi.",Gasoline,Transmission w/Dual Shift Mode,At least 1 accident or damage reported,Yes,"$27,000",400.0,6.0,8 CYLINDER,MKX Black Label,335.0HP 2.7L V6 Cylinder Engine Gasoline Fuel
Ford,2018,"26,840 mi.",Gasoline,6-Speed M/T,None reported,Yes,"$42,500",460.0,5.0,8 CYLINDER,Tundra SR5,5.7L V8 32V MPFI DOHC
Ford,2021,"17,836 mi.",Gasoline,8-Speed Automatic,None reported,Yes,"$31,933",350.0,2.0,I4,335 i,300.0HP 3.0L Straight 6 Cylinder Engine Gasoline Fuel
Cadillac,2012,"114,500 mi.",E85 Flex Fuel,A/T,None reported,Yes,"$16,100",403.0,6.2,8 CYLINDER,X1 xDrive28i,228.0HP 2.0L 4 Cylinder Engine Gasoline Fuel
Chevrolet,2022,"5,400 mi.",Gasoline,8-Speed A/T,None reported,Yes,"$89,900",490.0,6.2,8 CYLINDER,F-350 Platinum,475.0HP 6.7L 8 Cylinder Engine Diesel Fuel
Toyota,2016,"17,500 mi.",Gasoline,A/T,None reported,Yes,"$15,100",132.0,1.8,4 CYLINDER,Sprinter High Roof,188.0HP 3.0L V6 Cylinder Engine Diesel Fuel
Chevrolet,2017,"56,000 mi.",Gasoline,A/T,None reported,Yes,"$44,600",285.0,4.8,8 CYLINDER,Challenger GT,303.0HP 3.6L V6 Cylinder Engine Gasoline Fuel
Chevrolet,2020,"20,800 mi.",Gasoline,6-Speed A/T,None reported,Yes,"$19,000",138.0,1.4,4 CYLINDER,S4 3.0 Prestige,333.0HP 3.0L V6 Cylinder Engine Gasoline Fuel
Volkswagen,2015,"107,543 mi.",Gasoline,Transmission w/Dual Shift Mode,None reported,Yes,"$13,200",170.0,1.8,4 CYLINDER,Tacoma TRD Sport,3.5 Liter
Nissan,2012,"206,000 mi.",Gasoline,Transmission w/Dual Shift Mode,None reported,Yes,"$5,000",266.0,4.0,V6,Sprinter 2500 Standard Roof,188.0HP 3.0L V6 Cylinder Engine Diesel Fuel
Ford,2018,"37,100 mi.",E85 Flex Fuel,10-Speed A/T,None reported,Yes,"$46,000",395.0,5.0,8 CYLINDER,Q50 3.0t Red Sport 400,400.0HP 3.0L V6 Cylinder Engine Gasoline Fuel
Land,2019,"19,813 mi.",Gasoline,8-Speed A/T,None reported,Yes,"$51,900",380.0,3.0,V6,911 Carrera 4S,320.0HP 3.6L Flat 6 Cylinder Engine Gasoline Fuel
Kia,2010,"208,321 mi.",Gasoline,A/T,None reported,Yes,"$3,500",181.0,2.7,V6,Expedition Max Limited,375.0HP 3.5L V6 Cylinder Engine Gasoline Fuel
Lexus,2012,"200,000 mi.",Gasoline,Transmission w/Dual Shift Mode,At least 1 accident or damage reported,Yes,"$9,995",380.0,4.6,8 CYLINDER,Corvette Stingray w/3LT,490.0HP 6.2L 8 Cylinder Engine Gasoline Fuel
MINI,2012,"66,000 mi.",Gasoline,6-Speed A/T,None reported,Yes,"$10,999",181.0,1.6,4 CYLINDER,C-Class C 300,255.0HP 2.0L 4 Cylinder Engine Gasoline Fuel
Bentley,2018,"41,000 mi.",Gasoline,8-Speed A/T,None reported,Yes,"$113,000",600.0,6.0,12 CYLINDER,Grand Cherokee Limited,325.0HP 5.7L 8 Cylinder Engine Gasoline Fuel
Volvo,2019,"20,623 mi.",Gasoline,A/T,None reported,Yes,"$36,800",330.0,2.0,4 CYLINDER,Charger SRT Hellcat,707.0HP 6.2L 8 Cylinder Engine Gasoline Fuel
Ford,2018,"86,000 mi.",Gasoline,Transmission w/Dual Shift Mode,None reported,Yes,"$26,900",395.0,3.5,V6,C-Class C 300 4MATIC,241.0HP 2.0L 4 Cylinder Engine Gasoline Fuel
Porsche,2022,"1,766 mi.",Gasoline,Automatic,None reported,No,"$209,995",365.0,4.0,V6,911 Carrera S,443.0HP 3.0L Flat 6 Cylinder Engine Gasoline Fuel
Mercedes-Benz,2016,"51,354 mi.",Gasoline,7-Speed A/T,None reported,Yes,"$73,000",416.0,4.0,8 CYLINDER,911 GT3,502.0HP 4.0L Flat 6 Cylinder Engine Gasoline Fuel
Jeep,2021,"38,000 mi.",Gasoline,Transmission w/Dual Shift Mode,None reported,Yes,"$72,980",470.0,6.4,8 CYLINDER,DTS Luxury,275.0HP 4.6L 8 Cylinder Engine Gasoline Fuel
Toyota,2015,"161,000 mi.",Hybrid,CVT Transmission,None reported,Yes,"$11,500",200.0,2.5,4 CYLINDER,Grecale Modena,2.0L I4 16V GDI DOHC Turbo
Nissan,2012,"74,750 mi.",Gasoline,CVT Transmission,None reported,Yes,"$12,500",188.0,1.6,4 CYLINDER,S-Class S 550,449.0HP 4.7L 8 Cylinder Engine Gasoline Fuel
Porsche,2013,"67,522 mi.",Gasoline,7-Speed A/T,At least 1 accident or damage reported,Yes,"$59,500",350.0,3.4,6 CYLINDER,Malibu 1LT,160.0HP 1.5L 4 Cylinder Engine Gasoline Fuel
MINI,2012,"152,000 mi.",Gasoline,6-Speed A/T,None reported,Yes,"$9,000",181.0,1.6,4 CYLINDER,Quest SL,260.0HP 3.5L V6 Cylinder Engine Gasoline Fuel
Subaru,2019,"71,273 mi.",Gasoline,CVT Transmission,None reported,Yes,"$23,900",260.0,2.4,4 CYLINDER,SLK-Class SLK 250,201.0HP 1.8L 4 Cylinder Engine Gasoline Fuel
Subaru,2017,"37,800 mi.",Gasoline,6-Speed M/T,None reported,Yes,"$32,500",305.0,2.5,4 CYLINDER,Sierra 2500 Denali,401.0HP 6.6L 8 Cylinder Engine Gasoline Fuel
Land,2019,"42,000 mi.",Gasoline,Transmission w/Dual Shift Mode,None reported,Yes,"$48,990",340.0,3.0,V6,RX 350 Base,295.0HP 3.5L V6 Cylinder Engine Gasoline Fuel
Kia,2022,"10,101 mi.",Plug-In Hybrid,6-Speed A/T,None reported,Yes,"$44,990",261.0,1.6,4 CYLINDER,Corvette Stingray w/3LT,6.2L V8 16V GDI OHV
Chevrolet,2022,"7,900 mi.",Gasoline,8-Speed A/T,None reported,Yes,"$92,500",490.0,6.2,8 CYLINDER,330 i,255.0HP 2.0L 4 Cylinder Engine Gasoline Fuel
Tesla,2020,"45,468 mi.",electric,1-Speed A/T,None reported,Yes,"$45,999",455.0,3.5,V6,GLC 300 Base,255.0HP 2.0L 4 Cylinder Engine Gasoline Fuel
Nissan,2017,"187,141 mi.",Gasoline,A/T,None reported,Yes,"$16,995",390.0,5.6,8 CYLINDER,Model S 75D,518.0HP Electric Motor Electric Fuel System
Porsche,2014,"99,100 mi.",Gasoline,8-Speed A/T,None reported,Yes,"$32,000",550.0,4.8,8 CYLINDER,Corvette Stingray w/2LT,6.2L V8 16V GDI OHV
Subaru,2021,"33,500 mi.",Gasoline,CVT Transmission,None reported,Yes,"$34,000",260.0,2.4,4 CYLINDER,XF 25t Prestige,247.0HP 2.0L 4 Cylinder Engine Gasoline Fuel
Acura,2016,"102,665 mi.",Gasoline,6-Speed A/T,None reported,Yes,"$15,450",310.0,3.5,V6,F-150 XLT,2.7L V6 24V PDI DOHC Twin Turbo
Ford,2001,"52,675 mi.",Gasoline,5-Speed M/T,None reported,Yes,"$16,995",260.0,4.6,8 CYLINDER,Bronco Outer Banks,275.0HP 2.3L 4 Cylinder Engine Gasoline Fuel
BMW,2017,"59,203 mi.",Gasoline,A/T,None reported,Yes,"$23,000",248.0,2.0,4 CYLINDER,FR-S Monogram,200.0HP 2.0L 4 Cylinder Engine Gasoline Fuel
Mercedes-Benz,2009,"60,100 mi.",Gasoline,7-Speed A/T,None reported,Yes,"$27,000",382.0,5.5,8 CYLINDER,C-Class C 300 4MATIC,255.0HP 2.0L 4 Cylinder Engine Gasoline Fuel
Audi,2021,"43,238 mi.",Gasoline,Transmission w/Dual Shift Mode,None reported,Yes,"$76,400",500.0,4.0,8 CYLINDER,Tahoe Premier,5.3L V8 16V GDI OHV
MINI,2007,"118,000 mi.",Gasoline,A/T,None reported,Yes,"$3,600",172.0,1.6,4 CYLINDER,M3 Base,333.0HP 3.2L Straight 6 Cylinder Engine Gasoline Fuel
Ford,2021,"17,300 mi.",Gasoline,10-Speed A/T,None reported,Yes,"$31,000",310.0,2.3,4 CYLINDER,F-150 Lariat,385.0HP 5.0L 8 Cylinder Engine Flex Fuel Capability
Audi,2016,"64,800 mi.",Gasoline,8-Speed A/T,None reported,Yes,"$50,000",560.0,4.0,8 CYLINDER,i3 Base w/Range Extender,170.0HP 0.65L Electric Motor Electric Fuel System
Mercedes-Benz,2022,"1,408 mi.",Gasoline,Automatic,None reported,No,"$46,798",362.0,2.0,V6,G37 Journey,328.0HP 3.7L V6 Cylinder Engine Gasoline Fuel
Volkswagen,2015,"15,167 mi.",Diesel,8-Speed A/T,None reported,Yes,"$35,000",240.0,3.0,V6,Expedition XLT,300.0HP 5.4L 8 Cylinder Engine Gasoline Fuel
Porsche,2016,"64,600 mi.",Gasoline,8-Speed A/T,None reported,Yes,"$41,000",440.0,3.6,V6,X3 sDrive30i,248.0HP 2.0L 4 Cylinder Engine Gasoline Fuel
Jeep,2022,"31,112 mi.",Gasoline,8-Speed A/T,None reported,Yes,"$83,000",471.0,6.4,8 CYLINDER,Martin Vantage GT Base,430.0HP 4.7L 8 Cylinder Engine Gasoline Fuel
Tesla,2018,"23,250 mi.",electric,1-Speed A/T,None reported,Yes,"$57,000",518.0,3.5,V6,Tahoe LT,320.0HP 5.3L 8 Cylinder Engine Flex Fuel Capability
MINI,2011,"63,500 mi.",Gasoline,6-Speed M/T,None reported,Yes,"$10,500",181.0,1.6,4 CYLINDER,Transit-250 Base,310.0HP 3.5L V6 Cylinder Engine Gasoline Fuel
RAM,2022,"13,464 mi.",Gasoline,8-Speed Automatic,None reported,No,"$46,999",395.0,5.7,V8,ES 250 Base,2.5 Liter
Chevrolet,2001,"64,776 mi.",Gasoline,A/T,None reported,Yes,"$7,500",200.0,3.8,V6,1500 Rebel,395.0HP 5.7L 8 Cylinder Engine Gasoline/Mild Electric Hybrid
Jeep,2022,"9,601 mi.",Gasoline,Automatic,None reported,No,"$33,498",285.0,3.2,V6,Maverick XL,191.0HP 2.5L 4 Cylinder Engine Gas/Electric Hybrid
BMW,2013,"135,000 mi.",Gasoline,A/T,At least 1 accident or damage reported,Yes,"$14,000",445.0,4.4,8 CYLINDER,Z3 3.0i Roadster,225.0HP 3.0L Straight 6 Cylinder Engine Gasoline Fuel
Volvo,2013,"208,864 mi.",Gasoline,6-Speed A/T,At least 1 accident or damage reported,Yes,"$7,500",240.0,3.2,6 CYLINDER,Camaro 1SS,455.0HP 6.2L 8 Cylinder Engine Gasoline Fuel
INFINITI,2016,"49,872 mi.",Gasoline,7-Speed A/T,At least 1 accident or damage reported,Yes,"$21,500",300.0,3.0,V6,Corvette Stingray w/3LT,490.0HP 6.2L 8 Cylinder Engine Gasoline Fuel
MINI,2009,"90,367 mi.",Gasoline,6-Speed M/T,None reported,Yes,"$9,250",118.0,1.6,4 CYLINDER,Solstice GXP,260.0HP 2.0L 4 Cylinder Engine Gasoline Fuel
Porsche,2014,"36,670 mi.",Gasoline,Transmission w/Dual Shift Mode,None reported,Yes,"$82,499",400.0,3.8,6 CYLINDER,XTS Luxury,304.0HP 3.6L V6 Cylinder Engine Gasoline Fuel
Jeep,2023,"3,752 mi.",Gasoline,8-Speed Automatic,None reported,Yes,"$84,620",285.0,6.4,V8,Highlander Limited,270.0HP 3.5L V6 Cylinder Engine Gasoline Fuel
Lexus,2021,"30,761 mi.",Gasoline,8-Speed Automatic,None reported,No,"$44,950",301.0,3.5,V6,Navigator Reserve,450.0HP 3.5L V6 Cylinder Engine Gasoline Fuel
RAM,2022,"13,438 mi.",Gasoline,8-Speed Automatic,None reported,No,"$46,599",395.0,5.7,V8,Highlander Hybrid Limited Platinum,306.0HP 3.5L V6 Cylinder Engine Gas/Electric Hybrid
Jeep,2020,"9,100 mi.",Gasoline,8-Speed A/T,None reported,Yes,"$49,895",285.0,3.6,V6,A3 2.0T Tech Premium,220.0HP 2.0L 4 Cylinder Engine Gasoline Fuel
Ford,2011,"223,824 mi.",Hybrid,A/T,At least 1 accident or damage reported,Yes,"$4,500",156.0,2.5,4 CYLINDER,Wrangler SE,150.0HP 2.4L 4 Cylinder Engine Gasoline Fuel
Audi,2016,"96,000 mi.",Gasoline,8-Speed A/T,None reported,Yes,"$21,990",252.0,2.0,4 CYLINDER,Tacoma SR,278.0HP 3.5L V6 Cylinder Engine Gasoline Fuel
Chevrolet,2004,"185,000 mi.",Gasoline,4-Speed A/T,At least 1 accident or damage reported,Yes,"$10,500",295.0,5.3,8 CYLINDER,Trailblazer SS,395.0HP 6.0L 8 Cylinder Engine Gasoline Fuel
Porsche,2021,"6,900 mi.",electric,2-Speed A/T,None reported,Yes,"$79,999",375.0,3.5,V6,A5 2.0T Premium Plus,248.0HP 2.0L 4 Cylinder Engine Gasoline Fuel
Honda,2017,"96,400 mi.",Hybrid,CVT Transmission,At least 1 accident or damage reported,Yes,"$18,500",212.0,2.0,4 CYLINDER,A6 55 Premium,335.0HP 3.0L V6 Cylinder Engine Gasoline/Mild Electric Hybrid
RAM,2018,"67,865 mi.",Gasoline,6-Speed A/T,None reported,Yes,"$36,500",410.0,6.4,8 CYLINDER,Sprinter 2500,188.0HP 3.0L V6 Cylinder Engine Diesel Fuel
Land,2015,"64,300 mi.",E85 Flex Fuel,Transmission w/Dual Shift Mode,None reported,Yes,"$44,850",550.0,5.0,8 CYLINDER,911 Carrera,325.0HP 3.6L Flat 6 Cylinder Engine Gasoline Fuel
Chevrolet,2018,"76,500 mi.",Gasoline,8-Speed A/T,None reported,Yes,"$33,500",308.0,3.6,V6,Corvette Stingray w/2LT,490.0HP 6.2L 8 Cylinder Engine Gasoline Fuel
GMC,2017,"96,343 mi.",Diesel,6-Speed A/T,At least 1 accident or damage reported,Yes,"$53,000",445.0,6.6,8 CYLINDER,Acadia SLE,228.0HP 2.0L 4 Cylinder Engine Gasoline Fuel
Subaru,2018,"74,600 mi.",Gasoline,Transmission w/Dual Shift Mode,None reported,Yes,"$24,000",395.0,2.0,4 CYLINDER,911 Carrera,379.0HP 3.0L Flat 6 Cylinder Engine Gasoline Fuel
Subaru,2014,"157,530 mi.",Gasoline,Automatic CVT,At least 1 accident or damage reported,Yes,"$9,995",395.0,2.5,V6,Corvette Base,400.0HP 6.0L 8 Cylinder Engine Gasoline Fuel
Tesla,2022,"15,000 mi.",electric,A/T,None reported,Yes,"$95,999",1020.0,3.5,V6,Mustang GT Premium,460.0HP 5.0L 8 Cylinder Engine Gasoline Fuel
Jeep,2012,"80,000 mi.",Gasoline,A/T,None reported,Yes,"$30,000",285.0,3.6,V6,Edge SEL,2.0L I4 16V GDI DOHC Turbo
Tesla,2018,"83,424 mi.",electric,1-Speed A/T,None reported,Yes,"$45,000",518.0,3.5,V6,Escalade Luxury,403.0HP 6.2L 8 Cylinder Engine Flex Fuel Capability
Mercedes-Benz,2021,"19,000 mi.",Gasoline,A/T,None reported,Yes,"$37,999",255.0,2.0,4 CYLINDER,Corvette Stingray w/3LT,490.0HP 6.2L 8 Cylinder Engine Gasoline Fuel
Porsche,2013,"64,000 mi.",Gasoline,7-Speed A/T,At least 1 accident or damage reported,Yes,"$67,000",400.0,3.8,6 CYLINDER,Corolla LE,132.0HP 1.8L 4 Cylinder Engine Gasoline Fuel
Mercedes-Benz,2019,"34,068 mi.",Gasoline,9-Speed A/T,None reported,Yes,"$46,900",362.0,3.0,V6,Express 2500 Work Van,285.0HP 4.8L 8 Cylinder Engine Gasoline Fuel
Buick,2021,"20,104 mi.",Gasoline,9-Speed Automatic,None reported,Yes,"$33,295",228.0,2.0,I4,Trax LS,138.0HP 1.4L 4 Cylinder Engine Gasoline Fuel
Nissan,2022,"8,400 mi.",Gasoline,7-Speed A/T,None reported,Yes,"$59,950",400.0,5.6,8 CYLINDER,Golf Auto TSI S,170.0HP 1.8L 4 Cylinder Engine Gasoline Fuel
Porsche,2021,"11,938 mi.",Gasoline,Transmission w/Dual Shift Mode,None reported,No,"$209,000",572.0,3.8,6 CYLINDER,Pathfinder Silver,266.0HP 4.0L V6 Cylinder Engine Gasoline Fuel
Chevrolet,2021,"24,670 mi.",Gasoline,Transmission w/Dual Shift Mode,None reported,Yes,"$72,500",490.0,6.2,8 CYLINDER,F-150 Platinum,395.0HP 5.0L 8 Cylinder Engine Flex Fuel Capability
Ford,2013,"16,478 mi.",Gasoline,6-Speed M/T,None reported,Yes,"$66,400",650.0,5.8,8 CYLINDER,Rover Range Rover Velar P380 SE R-Dynamic,380.0HP 3.0L V6 Cylinder Engine Gasoline Fuel
Ford,2018,"52,500 mi.",E85 Flex Fuel,A/T,None reported,Yes,"$35,000",395.0,5.0,8 CYLINDER,Sportage LX,173.0HP 2.7L V6 Cylinder Engine Gasoline Fuel
Porsche,2004,"92,500 mi.",Gasoline,Transmission w/Dual Shift Mode,None reported,Yes,"$12,000",450.0,4.5,8 CYLINDER,LS 460 Base,380.0HP 4.6L 8 Cylinder Engine Gasoline Fuel
Mitsubishi,2008,"62,930 mi.",Gasoline,A/T,At least 1 accident or damage reported,Yes,"$10,000",260.0,3.8,V6,Cooper S Base,181.0HP 1.6L 4 Cylinder Engine Gasoline Fuel
Lexus,2007,"116,600 mi.",Gasoline,5-Speed A/T,None reported,Yes,"$19,975",263.0,4.7,8 CYLINDER,Bentayga Activity Edition,600.0HP 6.0L 12 Cylinder Engine Gasoline Fuel
Dodge,2010,"172,024 mi.",Gasoline,4-Speed A/T,At least 1 accident or damage reported,Yes,"$7,500",350.0,3.7,V6,XC60 T6 Inscription,330.0HP 2.0L 4 Cylinder Engine Gasoline Fuel
Jeep,2012,"57,237 mi.",Gasoline,A/T,None reported,Yes,"$22,500",285.0,3.6,V6,Explorer Limited,290.0HP 3.5L V6 Cylinder Engine Gasoline Fuel
Subaru,2020,"44,600 mi.",Gasoline,CVT Transmission,None reported,Yes,"$28,300",395.0,2.5,4 CYLINDER,Cayenne Turbo GT,4.0L
Jeep,2013,"181,830 mi.",Gasoline,6-Speed M/T,None reported,Yes,"$21,000",285.0,3.6,V6,G-Class G 550 4MATIC,416.0HP 4.0L 8 Cylinder Engine Gasoline Fuel
Subaru,2021,"39,948 mi.",Gasoline,Automatic CVT,None reported,Yes,"$36,791",265.0,2.4,V6,Wrangler Unlimited Rubicon 392,470.0HP 6.4L 8 Cylinder Engine Gasoline Fuel
Ford,2017,"156,453 mi.",Diesel,6-Speed A/T,None reported,Yes,"$40,000",440.0,6.7,8 CYLINDER,Avalon Hybrid XLE Premium,200.0HP 2.5L 4 Cylinder Engine Gas/Electric Hybrid
Porsche,2014,"156,193 mi.",Gasoline,8-Speed A/T,None reported,Yes,"$36,000",550.0,4.8,8 CYLINDER,Juke SL,188.0HP 1.6L 4 Cylinder Engine Gasoline Fuel
BMW,2020,"27,989 mi.",Gasoline,A/T,None reported,Yes,"$29,000",228.0,2.0,4 CYLINDER,911 Carrera 4,350.0HP 3.4L Flat 6 Cylinder Engine Gasoline Fuel
Toyota,2014,"146,700 mi.",Gasoline,5-Speed A/T,At least 1 accident or damage reported,Yes,"$24,999",395.0,4.0,V6,Cooper S Base,181.0HP 1.6L 4 Cylinder Engine Gasoline Fuel
GMC,2019,"88,450 mi.",Gasoline,10-Speed A/T,At least 1 accident or damage reported,Yes,"$42,900",420.0,6.2,8 CYLINDER,Ascent Touring 7-Passenger,260.0HP 2.4L 4 Cylinder Engine Gasoline Fuel
Toyota,2020,"14,065 mi.",Gasoline,Automatic CVT,At least 1 accident or damage reported,Yes,"$27,671",270.0,2.0,I4,WRX STI Base,305.0HP 2.5L 4 Cylinder Engine Gasoline Fuel
Subaru,2020,"36,844 mi.",Gasoline,Automatic CVT,At least 1 accident or damage reported,No,"$30,427",395.0,2.4,V6,Rover Range Rover Sport HSE,340.0HP 3.0L V6 Cylinder Engine Gasoline Fuel
Chevrolet,2020,"49,000 mi.",Gasoline,A/T,None reported,Yes,"$44,900",355.0,5.3,8 CYLINDER,Sorento Plug-In Hybrid SX Prestige,261.0HP 1.6L 4 Cylinder Engine Plug-In Electric/Gas
BMW,2013,"58,000 mi.",Gasoline,8-Speed A/T,None reported,Yes,"$17,900",400.0,4.4,8 CYLINDER,Corvette Stingray w/2LT,490.0HP 6.2L 8 Cylinder Engine Gasoline Fuel
Audi,2021,"22,800 mi.",Hybrid,A/T,None reported,Yes,"$52,000",335.0,3.0,V6,Model 3 Performance,455.0HP Electric Motor Electric Fuel System
Subaru,2014,"78,007 mi.",Gasoline,A/T,None reported,Yes,"$14,750",395.0,2.5,4 CYLINDER,Armada SV,390.0HP 5.6L 8 Cylinder Engine Gasoline Fuel
Ford,2020,"36,500 mi.",Diesel,10-Speed A/T,None reported,Yes,"$69,900",475.0,6.7,8 CYLINDER,Cayenne Turbo S,550.0HP 4.8L 8 Cylinder Engine Gasoline Fuel
Honda,2004,"156,350 mi.",Gasoline,A/T,At least 1 accident or damage reported,Yes,"$3,990",160.0,2.4,4 CYLINDER,Outback Touring XT,260.0HP 2.4L 4 Cylinder Engine Gasoline Fuel
Lexus,2021,"17,710 mi.",Gasoline,A/T,None reported,Yes,"$59,000",301.0,4.6,8 CYLINDER,RLX Advance Package,310.0HP 3.5L V6 Cylinder Engine Gasoline Fuel
Ford,2013,"149,000 mi.",Gasoline,A/T,At least 1 accident or damage reported,Yes,"$7,850",290.0,3.5,V6,Mustang GT,260.0HP 4.6L 8 Cylinder Engine Gasoline Fuel
Subaru,2015,"90,000 mi.",Gasoline,CVT Transmission,None reported,Yes,"$16,000",395.0,2.5,4 CYLINDER,330 i xDrive,248.0HP 2.0L 4 Cylinder Engine Gasoline Fuel
Ford,2022,"9,990 mi.",Gasoline,Transmission w/Dual Shift Mode,None reported,Yes,"$64,500",315.0,2.7,V6,SL-Class SL550 Roadster,382.0HP 5.5L 8 Cylinder Engine Gasoline Fuel
Mercedes-Benz,2019,"28,663 mi.",Gasoline,7-Speed Automatic with Auto-Shift,None reported,No,"$29,500",362.0,2.0,I4,SQ8 4.0T Premium Plus,500.0HP 4.0L 8 Cylinder Engine Gasoline Fuel
Lexus,2015,"124,250 mi.",Gasoline,A/T,At least 1 accident or damage reported,Yes,"$17,900",235.0,2.0,4 CYLINDER,Cooper S Base,172.0HP 1.6L 4 Cylinder Engine Gasoline Fuel
Ford,2017,"50,780 mi.",Diesel,6-Speed A/T,None reported,Yes,"$61,000",440.0,6.7,8 CYLINDER,Mustang EcoBoost,310.0HP 2.3L 4 Cylinder Engine Gasoline Fuel
Porsche,2006,"65,000 mi.",Gasoline,6-Speed M/T,None reported,No,"$43,000",355.0,3.8,6 CYLINDER,RS 7 4.0T Prestige,560.0HP 4.0L 8 Cylinder Engine Gasoline Fuel
Toyota,2022,"19,361 mi.",Gasoline,Automatic,None reported,No,"$38,298",270.0,3.5,V6,GLC 300 GLC 300,2.0 Liter Turbo
BMW,2017,"43,000 mi.",electric,1-Speed A/T,None reported,Yes,"$16,500",170.0,0.65,V6,Touareg TDI Lux,240.0HP 3.0L V6 Cylinder Engine Diesel Fuel
Porsche,2018,"9,712 mi.",Gasoline,7-Speed Automatic with Auto-Shift,None reported,No,"$188,900",365.0,4.0,V6,Cayenne GTS,440.0HP 3.6L V6 Cylinder Engine Gasoline Fuel
Mercedes-Benz,2005,"131,000 mi.",Gasoline,5-Speed A/T,None reported,Yes,"$16,500",469.0,5.4,8 CYLINDER,Grand Wagoneer Series III,471.0HP 6.4L 8 Cylinder Engine Gasoline Fuel
Toyota,2022,"31,000 mi.",Gasoline,Transmission w/Dual Shift Mode,None reported,Yes,"$43,000",295.0,3.5,V6,Model X 100D,518.0HP Electric Motor Electric Fuel System
Volvo,2021,"24,158 mi.",Plug-In Hybrid,8-Speed A/T,None reported,Yes,"$44,900",400.0,2.0,4 CYLINDER,Cooper S Base,181.0HP 1.6L 4 Cylinder Engine Gasoline Fuel
Audi,2016,"72,865 mi.",Gasoline,A/T,At least 1 accident or damage reported,Yes,"$22,000",333.0,3.0,V6,1500 Laramie,5.7L V8 16V MPFI OHV
Mercedes-Benz,2014,"89,563 mi.",Gasoline,7-Speed A/T,None reported,Yes,"$18,995",302.0,3.5,V6,Camaro Base,200.0HP 3.8L V6 Cylinder Engine Gasoline Fuel
Nissan,2012,"72,639 mi.",Gasoline,CVT Transmission,At least 1 accident or damage reported,Yes,"$15,000",188.0,1.6,4 CYLINDER,Cherokee X,3.2L V6 24V MPFI DOHC
Mercedes-Benz,2012,"79,000 mi.",Gasoline,7-Speed A/T,None reported,Yes,"$19,999",402.0,4.6,8 CYLINDER,ALPINA B7 xDrive,445.0HP 4.4L 8 Cylinder Engine Gasoline Fuel
Audi,2012,"111,564 mi.",Gasoline,6-Speed A/T,None reported,Yes,"$11,200",200.0,2.0,4 CYLINDER,XC90 3.2 Premier Plus,240.0HP 3.2L Straight 6 Cylinder Engine Gasoline Fuel
Lexus,2018,"75,000 mi.",Gasoline,6-Speed A/T,At least 1 accident or damage reported,Yes,"$38,095",301.0,4.6,8 CYLINDER,Q50 3.0T Premium,300.0HP 3.0L V6 Cylinder Engine Gasoline Fuel
Ford,2007,"169,613 mi.",Gasoline,A/T,At least 1 accident or damage reported,Yes,"$5,900",210.0,4.0,V6,Cooper Base,118.0HP 1.6L 4 Cylinder Engine Gasoline Fuel
Honda,2011,"175,000 mi.",Gasoline,5-Speed A/T,None reported,Yes,"$9,000",250.0,3.5,V6,911 Carrera 4S,400.0HP 3.8L Flat 6 Cylinder Engine Gasoline Fuel
BMW,2017,"98,500 mi.",Gasoline,8-Speed A/T,None reported,Yes,"$24,500",335.0,3.0,6 CYLINDER,Grand Wagoneer Base,6.4L V8 16V MPFI OHV
Chrysler,2012,"53,000 mi.",Gasoline,Transmission w/Dual Shift Mode,At least 1 accident or damage reported,Yes,"$13,750",292.0,3.6,V6,RX 350 Base,3.5L V6 24V PDI DOHC
RAM,2015,"72,200 mi.",Diesel,6-Speed A/T,None reported,Yes,"$52,500",395.0,6.7,6 CYLINDER,1500 Laramie,5.7L V8 16V MPFI OHV
Acura,2005,"151,600 mi.",Gasoline,6-Speed M/T,None reported,Yes,"$7,899",200.0,2.4,4 CYLINDER,Gladiator Overland,285.0HP 3.6L V6 Cylinder Engine Gasoline Fuel
Lotus,2011,"20,000 mi.",Gasoline,6-Speed M/T,None reported,Yes,"$51,000",276.0,3.5,V6,200 Limited,–
Chevrolet,2010,"170,000 mi.",E85 Flex Fuel,A/T,At least 1 accident or damage reported,Yes,"$9,000",320.0,5.3,8 CYLINDER,Fusion Hybrid Base,156.0HP 2.5L 4 Cylinder Engine Gas/Electric Hybrid
Ford,2019,"69,800 mi.",E85 Flex Fuel,10-Speed A/T,None reported,Yes,"$34,600",395.0,5.0,8 CYLINDER,A6 2.0T Premium Plus,252.0HP 2.0L 4 Cylinder Engine Gasoline Fuel
Toyota,2020,"26,300 mi.",Gasoline,6-Speed A/T,At least 1 accident or damage reported,Yes,"$46,199",381.0,5.7,8 CYLINDER,Silverado 1500 Z71 Extended Cab,295.0HP 5.3L 8 Cylinder Engine Gasoline Fuel
Honda,2007,"156,111 mi.",Gasoline,Transmission w/Dual Shift Mode,At least 1 accident or damage reported,Yes,"$5,200",109.0,1.5,4 CYLINDER,Taycan Base,375.0HP Electric Motor Electric Fuel System
Chevrolet,2016,"172,600 mi.",Diesel,A/T,At least 1 accident or damage reported,Yes,"$32,500",397.0,6.6,8 CYLINDER,Accord Hybrid Touring,212.0HP 2.0L 4 Cylinder Engine Gas/Electric Hybrid
Honda,2010,"145,000 mi.",Gasoline,A/T,None reported,Yes,"$9,000",271.0,3.5,V6,2500 SLT,410.0HP 6.4L 8 Cylinder Engine Gasoline Fuel
Ford,2001,"64,309 mi.",Gasoline,A/T,None reported,Yes,"$7,500",260.0,5.4,8 CYLINDER,Rover Range Rover Sport Supercharged,550.0HP 5.0L 8 Cylinder Engine Flex Fuel Capability
RAM,2021,"15,183 mi.",Gasoline,8-Speed A/T,None reported,Yes,"$90,000",720.0,6.2,V8,Colorado ZR2,308.0HP 3.6L V6 Cylinder Engine Gasoline Fuel
Buick,2020,"28,548 mi.",Gasoline,6-Speed Automatic,None reported,No,"$32,063",228.0,2.5,I4,Sierra 2500 Denali,445.0HP 6.6L 8 Cylinder Engine Diesel Fuel
Volkswagen,2022,"14,000 mi.",Gasoline,8-Speed A/T,None reported,Yes,"$46,900",276.0,3.6,V6,Crosstrek 2.0i Limited,152.0HP 2.0L 4 Cylinder Engine Gasoline Fuel
Mercedes-Benz,2019,"67,000 mi.",Hybrid,Transmission w/Dual Shift Mode,None reported,Yes,"$44,500",369.0,3.0,6 CYLINDER,Outback 2.5i Limited,2.5L H4 16V MPFI DOHC
Jeep,2017,"84,786 mi.",Gasoline,5-Speed A/T,None reported,Yes,"$23,500",285.0,3.6,V6,Model X Plaid,1020.0HP Electric Motor Electric Fuel System
Mercedes-Benz,2008,"93,000 mi.",Gasoline,A/T,None reported,Yes,"$17,800",518.0,6.2,8 CYLINDER,Wrangler Unlimited Rubicon,285.0HP 3.6L V6 Cylinder Engine Gasoline Fuel
Hyundai,2010,"127,500 mi.",Gasoline,6-Speed M/T,At least 1 accident or damage reported,Yes,"$6,000",306.0,3.8,V6,Model S 100D,518.0HP Electric Motor Electric Fuel System
Ford,2022,"8,000 mi.",electric,1-Speed A/T,None reported,Yes,"$60,999",480.0,3.5,V6,C-Class C 300 4MATIC,255.0HP 2.0L 4 Cylinder Engine Gasoline Fuel
GMC,2022,"16,500 mi.",Gasoline,8-Speed A/T,None reported,Yes,"$32,900",308.0,3.6,V6,911 Carrera S,400.0HP 3.8L Flat 6 Cylinder Engine Gasoline Fuel
Jaguar,2013,"55,700 mi.",Gasoline,6-Speed A/T,None reported,Yes,"$27,200",385.0,5.0,8 CYLINDER,GLS 450 Base 4MATIC,362.0HP 3.0L V6 Cylinder Engine Gasoline Fuel
Ford,2021,"42,245 mi.",Diesel,Automatic,None reported,No,"$76,598",350.0,6.7,V8,Envision Preferred,2.0L I4 16V GDI DOHC Turbo
Toyota,2009,"78,500 mi.",Gasoline,4-Speed A/T,None reported,Yes,"$12,000",179.0,2.5,4 CYLINDER,Armada Platinum,400.0HP 5.6L 8 Cylinder Engine Gasoline Fuel
Ford,2018,"48,619 mi.",Gasoline,10-Speed A/T,None reported,Yes,"$51,499",400.0,3.5,V6,911 Turbo,572.0HP 3.8L Flat 6 Cylinder Engine Gasoline Fuel
Jeep,2021,"51,105 mi.",Hybrid,8-Speed Automatic,None reported,Yes,"$42,700",285.0,2.0,I4,Corvette Stingray w/2LT,490.0HP 6.2L 8 Cylinder Engine Gasoline Fuel
Ford,2016,"25,880 mi.",E85 Flex Fuel,6-Speed A/T,None reported,Yes,"$25,500",282.0,3.5,V6,Mustang Shelby GT500,650.0HP 5.8L 8 Cylinder Engine Gasoline Fuel
Tesla,2021,"20,100 mi.",electric,A/T,None reported,Yes,"$69,995",1020.0,3.5,V6,F-150 XL,395.0HP 5.0L 8 Cylinder Engine Flex Fuel Capability
Toyota,2018,"25,083 mi.",Gasoline,6-Speed Automatic,At least 1 accident or damage reported,Yes,"$34,955",270.0,3.5,V6,Cayenne Turbo,450.0HP 4.5L 8 Cylinder Engine Gasoline Fuel
Audi,2002,"69,300 mi.",Gasoline,6-Speed M/T,At least 1 accident or damage reported,Yes,"$9,995",225.0,1.8,4 CYLINDER,Eclipse Spyder GT,260.0HP 3.8L V6 Cylinder Engine Gasoline Fuel
Toyota,2019,"46,000 mi.",Hybrid,CVT Transmission,None reported,Yes,"$40,000",395.0,3.5,V6,GX 470 Base,263.0HP 4.7L 8 Cylinder Engine Gasoline Fuel
Jeep,2008,"141,485 mi.",Gasoline,A/T,At least 1 accident or damage reported,Yes,"$6,500",210.0,3.7,V6,Dakota Big Horn/Lone Star,210.0HP 3.7L V6 Cylinder Engine Gasoline Fuel
Toyota,2018,"63,990 mi.",Gasoline,6-Speed A/T,At least 1 accident or damage reported,Yes,"$48,000",395.0,5.7,8 CYLINDER,Wrangler Sport,285.0HP 3.6L V6 Cylinder Engine Gasoline Fuel
Ford,2020,"19,400 mi.",Gasoline,A/T,None reported,Yes,"$58,000",310.0,3.5,V6,Outback Limited,182.0HP 2.5L 4 Cylinder Engine Gasoline Fuel
Subaru,2013,"129,858 mi.",Gasoline,6-Speed A/T,At least 1 accident or damage reported,Yes,"$13,490",395.0,2.0,4 CYLINDER,Wrangler Unlimited Rubicon,285.0HP 3.6L V6 Cylinder Engine Gasoline Fuel
Volvo,2012,"102,000 mi.",Gasoline,6-Speed A/T,None reported,Yes,"$10,800",240.0,3.2,6 CYLINDER,Ascent Touring 7-Passenger,2.4L H4 16V GDI DOHC Turbo
Subaru,2010,"8,700 mi.",Gasoline,6-Speed M/T,None reported,Yes,"$39,900",305.0,2.5,4 CYLINDER,F-350 XL,440.0HP 6.7L 8 Cylinder Engine Diesel Fuel
Chevrolet,2018,"49,279 mi.",electric,1-Speed A/T,None reported,Yes,"$17,500",200.0,3.5,V6,Cayenne Turbo S,550.0HP 4.8L 8 Cylinder Engine Gasoline Fuel
Chevrolet,2004,"148,800 mi.",Gasoline,A/T,None reported,Yes,"$6,500",240.0,3.8,V6,X1 xDrive28i,228.0HP 2.0L 4 Cylinder Engine Gasoline Fuel
Cadillac,2012,"160,249 mi.",E85 Flex Fuel,A/T,None reported,Yes,"$12,900",403.0,6.2,8 CYLINDER,4Runner Limited,270.0HP 4.0L V6 Cylinder Engine Gasoline Fuel
Chrysler,2004,"45,000 mi.",Gasoline,A/T,None reported,Yes,"$6,000",250.0,3.5,V6,Yukon Denali,420.0HP 6.2L 8 Cylinder Engine Gasoline Fuel
Chevrolet,2006,"169,000 mi.",Diesel,6-Speed A/T,None reported,Yes,"$19,500",360.0,6.6,8 CYLINDER,C-HR LE,2.0L I4 16V MPFI DOHC
Mercedes-Benz,2017,"46,000 mi.",Gasoline,7-Speed A/T,None reported,Yes,"$56,000",503.0,4.0,8 CYLINDER,Outback Limited XT,2.4L H4 16V GDI DOHC Turbo
Ferrari,2019,"13,900 mi.",Gasoline,Transmission w/Dual Shift Mode,None reported,Yes,"$315,000",592.0,3.9,8 CYLINDER,Silverado 1500 LT Trail Boss,355.0HP 5.3L 8 Cylinder Engine Gasoline Fuel
Acura,2015,"38,000 mi.",Gasoline,9-Speed A/T,None reported,Yes,"$21,900",290.0,3.5,V6,X5 xDrive50i,400.0HP 4.4L 8 Cylinder Engine Gasoline Fuel
Chevrolet,2006,"42,000 mi.",Gasoline,6-Speed M/T,None reported,Yes,"$42,000",505.0,7.0,8 CYLINDER,A6 55 Prestige,335.0HP 3.0L V6 Cylinder Engine Gasoline/Mild Electric Hybrid
Lexus,2024,300 mi.,Hybrid,A/T,None reported,Yes,"$50,999",240.0,2.5,4 CYLINDER,Outback 2.5i Limited,173.0HP 2.5L 4 Cylinder Engine Gasoline Fuel
Mercedes-Benz,2008,"120,800 mi.",Gasoline,7-Speed A/T,None reported,Yes,"$13,900",268.0,3.5,V6,F-250 King Ranch,475.0HP 6.7L 8 Cylinder Engine Diesel Fuel
Jeep,2020,"76,313 mi.",Gasoline,8-Speed Automatic,None reported,Yes,"$35,234",285.0,2.0,I4,CR-V EX,160.0HP 2.4L 4 Cylinder Engine Gasoline Fuel
Chevrolet,2012,"104,000 mi.",E85 Flex Fuel,6-Speed A/T,At least 1 accident or damage reported,Yes,"$16,500",315.0,5.3,8 CYLINDER,GX 460 Luxury,301.0HP 4.6L 8 Cylinder Engine Gasoline Fuel
Lexus,2010,"97,097 mi.",Gasoline,A/T,At least 1 accident or damage reported,Yes,"$22,000",301.0,4.6,8 CYLINDER,Explorer XLT,290.0HP 3.5L V6 Cylinder Engine Gasoline Fuel
Jeep,2008,"136,731 mi.",Gasoline,A/T,None reported,Yes,"$15,900",202.0,3.8,V6,Forester 2.5i Limited,170.0HP 2.5L 4 Cylinder Engine Gasoline Fuel
RAM,2017,"40,200 mi.",Gasoline,A/T,At least 1 accident or damage reported,Yes,"$24,000",305.0,5.7,8 CYLINDER,Bronco Wildtrak Advanced,315.0HP 2.7L V6 Cylinder Engine Gasoline Fuel
Ford,2021,"39,105 mi.",Gasoline,10-Speed Automatic,None reported,Yes,"$44,605",350.0,3.0,V6,A-Class A 220 4MATIC,2.0L I4 16V GDI DOHC Turbo
Mercedes-Benz,2017,"23,567 mi.",Gasoline,Transmission w/Dual Shift Mode,At least 1 accident or damage reported,Yes,"$215,000",416.0,4.0,8 CYLINDER,NX 200t Base,235.0HP 2.0L 4 Cylinder Engine Gasoline Fuel
BMW,2021,"12,500 mi.",Gasoline,8-Speed A/T,At least 1 accident or damage reported,Yes,"$90,000",503.0,3.0,6 CYLINDER,F-250 Lariat,440.0HP 6.7L 8 Cylinder Engine Diesel Fuel
Chevrolet,2019,"38,900 mi.",Gasoline,8-Speed A/T,None reported,Yes,"$34,700",308.0,3.6,V6,911 Carrera C4S,355.0HP 3.8L Flat 6 Cylinder Engine Gasoline Fuel
Lincoln,2016,"84,272 mi.",Gasoline,6-Speed A/T,At least 1 accident or damage reported,Yes,"$25,221",380.0,3.5,V6,Model 3 Long Range,Electric
Mercedes-Benz,2016,"58,375 mi.",Gasoline,A/T,None reported,Yes,"$24,999",302.0,3.5,V6,Camry XSE,3.5 Liter
Ford,2007,"7,346 mi.",Gasoline,6-Speed M/T,None reported,Yes,"$40,999",500.0,5.4,8 CYLINDER,i3 94 Ah,170.0HP 0.65L Electric Motor Electric Fuel System
Dodge,2008,"98,231 mi.",Gasoline,5-Speed A/T,At least 1 accident or damage reported,Yes,"$15,500",425.0,6.1,8 CYLINDER,F-250 XL SuperCab H/D,–
Jaguar,2007,"56,000 mi.",Gasoline,A/T,None reported,Yes,"$18,000",300.0,4.2,8 CYLINDER,Taycan Turbo,Electric
Honda,2020,"13,935 mi.",Gasoline,CVT Transmission,None reported,Yes,"$26,000",174.0,1.5,4 CYLINDER,911 GT3,4.0L H6 24V GDI DOHC
Subaru,2019,"30,000 mi.",Gasoline,CVT Transmission,At least 1 accident or damage reported,Yes,"$21,250",152.0,2.0,4 CYLINDER,E-Class E55 AMG,469.0HP 5.4L 8 Cylinder Engine Gasoline Fuel
Saab,2009,"106,000 mi.",Gasoline,6-Speed A/T,None reported,Yes,"$12,950",280.0,2.8,V6,Highlander XLE,295.0HP 3.5L V6 Cylinder Engine Gasoline Fuel
BMW,2014,"82,978 mi.",Gasoline,8-Speed A/T,None reported,Yes,"$18,700",445.0,4.4,8 CYLINDER,S60 Recharge Plug-In Hybrid T8 Inscription,400.0HP 2.0L 4 Cylinder Engine Plug-In Electric/Gas
Jeep,2018,"58,500 mi.",Gasoline,8-Speed A/T,None reported,Yes,"$35,000",285.0,3.6,V6,A6 3.0T Premium Plus,333.0HP 3.0L V6 Cylinder Engine Gasoline Fuel
Ford,2015,"92,421 mi.",Diesel,6-Speed A/T,None reported,Yes,"$51,900",440.0,6.7,8 CYLINDER,E-Class E 350 4MATIC,302.0HP 3.5L V6 Cylinder Engine Gasoline Fuel
Mazda,2020,"9,927 mi.",Gasoline,6-Speed Automatic,None reported,Yes,"$27,518",186.0,2.5,I4,Juke SL,188.0HP 1.6L 4 Cylinder Engine Gasoline Fuel
Jeep,2000,"122,945 mi.",Gasoline,5-Speed M/T,None reported,Yes,"$13,900",181.0,4.0,6 CYLINDER,CLS-Class CLS 550,402.0HP 4.6L 8 Cylinder Engine Gasoline Fuel
Lexus,2006,"110,250 mi.",Gasoline,A/T,None reported,Yes,"$11,000",230.0,3.3,V6,A3 2.0T Premium,200.0HP 2.0L 4 Cylinder Engine Gasoline Fuel
INFINITI,2011,"103,010 mi.",Gasoline,7-Speed A/T,None reported,Yes,"$13,500",400.0,5.6,8 CYLINDER,GX 460 Base,301.0HP 4.6L 8 Cylinder Engine Gasoline Fuel
Hyundai,2017,"55,359 mi.",Gasoline,6-Speed Automatic with Auto-Shift,None reported,No,"$15,599",290.0,1.6,I4,Mustang Premium,210.0HP 4.0L V6 Cylinder Engine Gasoline Fuel
Chevrolet,2002,"118,500 mi.",Gasoline,A/T,At least 1 accident or damage reported,Yes,"$5,900",285.0,5.3,8 CYLINDER,Pilot EX-L,250.0HP 3.5L V6 Cylinder Engine Gasoline Fuel
Rivian,2022,"7,800 mi.",electric,1-Speed A/T,None reported,Yes,"$92,500",835.0,3.5,V6,540 i,335.0HP 3.0L Straight 6 Cylinder Engine Gasoline Fuel
Land,2020,"41,500 mi.",Hybrid,8-Speed A/T,None reported,Yes,"$68,000",395.0,3.0,6 CYLINDER,300 S,292.0HP 3.6L V6 Cylinder Engine Gasoline Fuel
BMW,2020,"28,000 mi.",Gasoline,7-Speed A/T,None reported,Yes,"$59,900",425.0,3.0,6 CYLINDER,2500 Longhorn,370.0HP 6.7L Straight 6 Cylinder Engine Diesel Fuel
Mercedes-Benz,2014,"53,500 mi.",Gasoline,A/T,None reported,Yes,"$24,500",302.0,3.5,V6,TSX Base,200.0HP 2.4L 4 Cylinder Engine Gasoline Fuel
Honda,2021,"33,523 mi.",Hybrid,Automatic CVT,None reported,No,"$28,748",205.0,2.0,I4,Evora 2+2,276.0HP 3.5L V6 Cylinder Engine Gasoline Fuel
Toyota,2016,"86,300 mi.",Hybrid,A/T,At least 1 accident or damage reported,Yes,"$18,000",134.0,1.8,4 CYLINDER,Avalanche 1500 LT,320.0HP 5.3L 8 Cylinder Engine Flex Fuel Capability
Subaru,2022,"7,738 mi.",Gasoline,Transmission w/Dual Shift Mode,At least 1 accident or damage reported,Yes,"$33,000",271.0,2.4,4 CYLINDER,F-150 XLT,395.0HP 5.0L 8 Cylinder Engine Flex Fuel Capability
Bentley,2020,"22,001 mi.",Gasoline,8-Speed Automatic,None reported,Yes,"$173,995",573.5,6.0,W12,Tundra SR5,381.0HP 5.7L 8 Cylinder Engine Gasoline Fuel
Ford,2022,"14,361 mi.",Gasoline,10-Speed A/T,None reported,Yes,"$51,500",400.0,3.0,V6,Fit Sport,109.0HP 1.5L 4 Cylinder Engine Gasoline Fuel
Chevrolet,2016,"98,000 mi.",E85 Flex Fuel,Transmission Overdrive Switch,At least 1 accident or damage reported,Yes,"$30,000",355.0,5.3,8 CYLINDER,Silverado 2500 LTZ,397.0HP 6.6L 8 Cylinder Engine Diesel Fuel
Chevrolet,2022,"30,455 mi.",Gasoline,Automatic,None reported,No,"$37,698",395.0,2.7,V6,Accord Crosstour EX-L,271.0HP 3.5L V6 Cylinder Engine Gasoline Fuel
Ford,2020,"64,552 mi.",Gasoline,10-Speed Automatic,At least 1 accident or damage reported,Yes,"$36,750",350.0,3.0,V6,F-250 XLT Super Duty,260.0HP 5.4L 8 Cylinder Engine Gasoline Fuel
Lexus,2017,"103,866 mi.",Gasoline,8-Speed A/T,At least 1 accident or damage reported,Yes,"$24,700",295.0,3.5,V6,1500 TRX,702.0HP 6.2L 8 Cylinder Engine Gasoline Fuel
Land,2019,"35,650 mi.",Gasoline,8-Speed A/T,At least 1 accident or damage reported,Yes,"$57,999",380.0,3.0,V6,Envision Essence,2.5L I4 16V GDI DOHC
Ford,2021,"64,957 mi.",Gasoline,10-Speed Automatic,None reported,Yes,"$39,979",350.0,3.0,V6,Atlas 3.6L SEL Premium R-Line,276.0HP 3.6L V6 Cylinder Engine Gasoline Fuel
Chevrolet,2012,"96,653 mi.",Gasoline,6-Speed A/T,At least 1 accident or damage reported,Yes,"$7,500",264.0,3.0,V6,CLS 450 Base,369.0HP 3.0L Straight 6 Cylinder Engine Gasoline/Mild Electric Hybrid
Dodge,2022,"29,500 mi.",Gasoline,8-Speed A/T,None reported,Yes,"$31,000",303.0,3.6,V6,Wrangler Unlimited Sport,285.0HP 3.6L V6 Cylinder Engine Gasoline Fuel
Porsche,2021,"7,400 mi.",Gasoline,8-Speed A/T,None reported,No,"$116,999",379.0,3.0,6 CYLINDER,S-Class S 63 AMG,518.0HP 6.2L 8 Cylinder Engine Gasoline Fuel
Volvo,2012,"69,000 mi.",Gasoline,A/T,At least 1 accident or damage reported,Yes,"$15,900",300.0,3.0,6 CYLINDER,Genesis Coupe 3.8 Track,306.0HP 3.8L V6 Cylinder Engine Gasoline Fuel
Lexus,2005,"198,000 mi.",Gasoline,5-Speed A/T,At least 1 accident or damage reported,Yes,"$15,500",270.0,4.7,8 CYLINDER,Mustang Mach-E GT,480.0HP Electric Motor Electric Fuel System
Porsche,2015,"23,600 mi.",Gasoline,7-Speed M/T,None reported,Yes,"$132,900",430.0,3.8,6 CYLINDER,Canyon Elevation Standard,308.0HP 3.6L V6 Cylinder Engine Gasoline Fuel
Volvo,2008,"170,000 mi.",Gasoline,6-Speed A/T,None reported,Yes,"$7,000",235.0,3.2,6 CYLINDER,XK Base,385.0HP 5.0L 8 Cylinder Engine Gasoline Fuel
Nissan,2008,"76,500 mi.",Gasoline,6-Speed M/T,At least 1 accident or damage reported,Yes,"$28,000",306.0,3.5,V6,F-250 LARIAT,Intercooled Turbo Diesel V-8 6.7 L/406
Porsche,2007,"73,500 mi.",Gasoline,5-Speed A/T,None reported,Yes,"$75,499",480.0,3.6,6 CYLINDER,RAV4 Base,179.0HP 2.5L 4 Cylinder Engine Gasoline Fuel
Land,2020,"29,000 mi.",Hybrid,A/T,None reported,Yes,"$70,000",355.0,3.0,6 CYLINDER,Expedition Platinum,400.0HP 3.5L V6 Cylinder Engine Gasoline Fuel
Porsche,2017,"69,404 mi.",Plug-In Hybrid,8-Speed A/T,At least 1 accident or damage reported,Yes,"$29,500",416.0,3.0,V6,Wrangler Unlimited 4xe Sahara,2.0L I4 16V GDI DOHC Turbo Hybrid
Lexus,2007,"103,000 mi.",Gasoline,6-Speed A/T,At least 1 accident or damage reported,Yes,"$12,900",306.0,3.5,V6,F-150 XLT,282.0HP 3.5L V6 Cylinder Engine Flex Fuel Capability
Porsche,2015,"70,500 mi.",Gasoline,Transmission w/Dual Shift Mode,At least 1 accident or damage reported,Yes,"$26,500",340.0,3.0,V6,Model S Plaid,1020.0HP Electric Motor Electric Fuel System
Land,2016,"64,000 mi.",Gasoline,Transmission w/Dual Shift Mode,None reported,Yes,"$36,995",510.0,5.0,8 CYLINDER,Tacoma SR5,3.5L V6 24V PDI DOHC
GMC,2018,"63,460 mi.",E85 Flex Fuel,A/T,None reported,Yes,"$33,000",341.0,6.0,8 CYLINDER,TT Roadster quattro,225.0HP 1.8L 4 Cylinder Engine Gasoline Fuel
Toyota,2018,"32,199 mi.",Gasoline,A/T,None reported,Yes,"$35,500",270.0,4.0,V6,Highlander Hybrid Limited Platinum,306.0HP 3.5L V6 Cylinder Engine Gas/Electric Hybrid
Hyundai,2020,"69,487 mi.",Gasoline,A/T,None reported,Yes,"$32,000",291.0,3.8,V6,Liberty Sport,210.0HP 3.7L V6 Cylinder Engine Gasoline Fuel
GMC,2015,"86,000 mi.",Diesel,A/T,None reported,Yes,"$49,000",397.0,6.6,8 CYLINDER,Sequoia Limited,381.0HP 5.7L 8 Cylinder Engine Gasoline Fuel
Genesis,2022,"8,730 mi.",Gasoline,8-Speed Automatic,None reported,No,"$48,219",365.0,3.5,V6,Transit-350 Base,310.0HP 3.5L V6 Cylinder Engine Gasoline Fuel
Dodge,2002,"70,000 mi.",Gasoline,A/T,At least 1 accident or damage reported,Yes,"$8,000",175.0,3.9,V6,BRZ Limited,200.0HP 2.0L 4 Cylinder Engine Gasoline Fuel
Chevrolet,2017,"70,000 mi.",Gasoline,6-Speed A/T,At least 1 accident or damage reported,Yes,"$17,900",305.0,3.6,V6,XC60 3.2,240.0HP 3.2L Straight 6 Cylinder Engine Gasoline Fuel
Audi,2015,"83,420 mi.",E85 Flex Fuel,8-Speed A/T,At least 1 accident or damage reported,Yes,"$16,000",220.0,2.0,4 CYLINDER,Impreza WRX Sti Special Edition,305.0HP 2.5L 4 Cylinder Engine Gasoline Fuel
Nissan,2003,"189,000 mi.",Gasoline,A/T,At least 1 accident or damage reported,Yes,"$2,899",175.0,2.5,4 CYLINDER,Bolt EV LT,200.0HP Electric Motor Electric Fuel System
Porsche,2017,"31,500 mi.",Gasoline,7-Speed A/T,None reported,Yes,"$97,555",420.0,3.0,6 CYLINDER,Monte Carlo Supercharged SS,240.0HP 3.8L V6 Cylinder Engine Gasoline Fuel
BMW,2015,"85,766 mi.",Gasoline,A/T,None reported,Yes,"$13,000",240.0,2.0,4 CYLINDER,Escalade Platinum Edition,403.0HP 6.2L 8 Cylinder Engine Flex Fuel Capability
GMC,2018,"92,800 mi.",Gasoline,10-Speed A/T,None reported,Yes,"$34,000",420.0,6.2,8 CYLINDER,300M Base,250.0HP 3.5L V6 Cylinder Engine Gasoline Fuel
Land,2021,"13,970 mi.",Hybrid,A/T,None reported,Yes,"$75,500",395.0,3.0,6 CYLINDER,Silverado 2500 LT H/D Extended Cab,360.0HP 6.6L 8 Cylinder Engine Diesel Fuel
Porsche,2023,154 mi.,Gasoline,8-Speed Automatic with Auto-Shift,None reported,No,"$274,900",365.0,3.8,V6,AMG C 63 S,503.0HP 4.0L 8 Cylinder Engine Gasoline Fuel
Toyota,2000,"265,000 mi.",Gasoline,4-Speed A/T,None reported,Yes,"$15,500",230.0,4.7,8 CYLINDER,488 Spider Base,660.0HP 3.9L 8 Cylinder Engine Gasoline Fuel
Scion,2011,"95,426 mi.",Gasoline,A/T,None reported,Yes,"$8,000",158.0,2.4,4 CYLINDER,TLX V6 Tech,290.0HP 3.5L V6 Cylinder Engine Gasoline Fuel
Honda,2001,"119,900 mi.",Gasoline,6-Speed M/T,At least 1 accident or damage reported,Yes,"$18,000",240.0,2.0,4 CYLINDER,Corvette Z06,505.0HP 7.0L 8 Cylinder Engine Gasoline Fuel
Mazda,2020,"23,162 mi.",Gasoline,6-Speed Automatic,None reported,Yes,"$25,495",186.0,2.5,I4,NX 350h Premium,240.0HP 2.5L 4 Cylinder Engine Gas/Electric Hybrid
BMW,2023,"3,950 mi.",Gasoline,A/T,None reported,Yes,"$83,500",503.0,3.0,6 CYLINDER,SLK-Class SLK 350,268.0HP 3.5L V6 Cylinder Engine Gasoline Fuel
Porsche,2006,"80,000 mi.",Gasoline,6-Speed M/T,None reported,Yes,"$43,000",355.0,3.8,6 CYLINDER,Wrangler Unlimited Sahara,2.0L I4 16V GDI DOHC Turbo
Ford,2015,"94,634 mi.",E85 Flex Fuel,A/T,At least 1 accident or damage reported,Yes,"$32,500",385.0,6.2,8 CYLINDER,Silverado 1500 LT,315.0HP 5.3L 8 Cylinder Engine Flex Fuel Capability
Chevrolet,2007,"65,000 mi.",Gasoline,6-Speed A/T,At least 1 accident or damage reported,Yes,"$33,885",400.0,6.0,8 CYLINDER,GX 460 Base,301.0HP 4.6L 8 Cylinder Engine Gasoline Fuel
Lexus,2008,"100,000 mi.",Gasoline,A/T,At least 1 accident or damage reported,Yes,"$11,500",380.0,4.6,8 CYLINDER,Wrangler Unlimited X,202.0HP 3.8L V6 Cylinder Engine Gasoline Fuel
Toyota,2023,500 mi.,Hybrid,A/T,None reported,Yes,"$59,500",245.0,2.5,4 CYLINDER,1500 Tradesman/Express,395.0HP 5.7L 8 Cylinder Engine Gasoline Fuel
Mercedes-Benz,2021,"7,856 mi.",Gasoline,9-Speed Automatic,None reported,Yes,"$425,000",362.0,4.0,V8,Explorer ST,3.0L V6 24V GDI DOHC Twin Turbo
Audi,2011,"181,000 mi.",Gasoline,A/T,None reported,Yes,"$5,500",211.0,2.0,4 CYLINDER,G 550 4x4 Squared Base,416.0HP 4.0L 8 Cylinder Engine Gasoline Fuel
Mercedes-Benz,2018,"48,700 mi.",Gasoline,9-Speed A/T,None reported,Yes,"$27,900",241.0,2.0,4 CYLINDER,M4 Competition,503.0HP 3.0L Straight 6 Cylinder Engine Gasoline Fuel
Porsche,2009,"13,500 mi.",Gasoline,6-Speed M/T,None reported,Yes,"$130,000",480.0,3.6,6 CYLINDER,Colorado ZR2,308.0HP 3.6L V6 Cylinder Engine Gasoline Fuel
Toyota,2017,"87,500 mi.",Gasoline,6-Speed A/T,None reported,Yes,"$20,000",200.0,2.0,4 CYLINDER,Navigator L Select,380.0HP 3.5L V6 Cylinder Engine Gasoline Fuel
Jaguar,2000,"45,000 mi.",Gasoline,A/T,None reported,Yes,"$12,500",290.0,4.0,8 CYLINDER,E-Class E 350,302.0HP 3.5L V6 Cylinder Engine Gasoline Fuel
Chevrolet,1996,"85,760 mi.",Gasoline,4-Speed A/T,None reported,Yes,"$14,500",300.0,5.7,8 CYLINDER,Mustang Shelby GT500,500.0HP 5.4L 8 Cylinder Engine Gasoline Fuel
Tesla,2018,"36,187 mi.",electric,1-Speed A/T,None reported,Yes,"$28,895",271.0,3.5,V6,Charger SRT8,425.0HP 6.1L 8 Cylinder Engine Gasoline Fuel
Hyundai,2022,"13,666 mi.",Gasoline,8-Speed Automatic,None reported,No,"$27,999",290.0,2.5,I4,XK Base,300.0HP 4.2L 8 Cylinder Engine Gasoline Fuel
Porsche,2007,"50,500 mi.",Gasoline,6-Speed M/T,None reported,Yes,"$56,000",355.0,3.8,6 CYLINDER,Civic EX,174.0HP 1.5L 4 Cylinder Engine Gasoline Fuel
Lincoln,2021,"19,291 mi.",Gasoline,8-Speed Automatic,None reported,No,"$44,340",304.0,2.0,I4,Impreza 2.0i,152.0HP 2.0L 4 Cylinder Engine Gasoline Fuel
Ford,2012,"1,295 mi.",Gasoline,M/T,None reported,Yes,"$49,990",444.0,5.0,8 CYLINDER,9-3 Aero,280.0HP 2.8L V6 Cylinder Engine Gasoline Fuel
Cadillac,2017,"55,000 mi.",Gasoline,8-Speed A/T,At least 1 accident or damage reported,Yes,"$49,900",420.0,6.2,8 CYLINDER,650 Gran Coupe i xDrive,445.0HP 4.4L 8 Cylinder Engine Gasoline Fuel
MINI,2010,"74,000 mi.",Gasoline,6-Speed M/T,None reported,Yes,"$9,650",118.0,1.6,4 CYLINDER,Wrangler Unlimited Sport,285.0HP 3.6L V6 Cylinder Engine Gasoline Fuel
Dodge,2022,"14,976 mi.",Gasoline,8-Speed Automatic,None reported,Yes,"$49,999",357.5,5.7,V8,F-350 King Ranch,440.0HP 6.7L 8 Cylinder Engine Diesel Fuel
BMW,2018,"25,348 mi.",Gasoline,8-Speed Automatic,At least 1 accident or damage reported,No,"$33,889",335.0,3.0,I6,CX-30 Preferred,2.5L I4 16V GDI DOHC
Chevrolet,2010,"23,133 mi.",Gasoline,6-Speed M/T,None reported,Yes,"$35,000",430.0,6.2,8 CYLINDER,Wrangler Sport,181.0HP 4.0L Straight 6 Cylinder Engine Gasoline Fuel
Jaguar,2018,"34,322 mi.",Diesel,Automatic,None reported,No,"$29,998",340.0,2.0,V6,RX 330 Base,230.0HP 3.3L V6 Cylinder Engine Gasoline Fuel
Dodge,2021,"39,960 mi.",Gasoline,8-Speed A/T,At least 1 accident or damage reported,Yes,"$28,500",375.0,5.7,8 CYLINDER,QX56 Base,400.0HP 5.6L 8 Cylinder Engine Gasoline Fuel
BMW,2016,"76,400 mi.",Gasoline,8-Speed A/T,At least 1 accident or damage reported,Yes,"$31,300",445.0,4.4,8 CYLINDER,Veloster Value Edition,1.6L I4 16V GDI DOHC
Ford,2022,"18,533 mi.",Gasoline,10-Speed Automatic,None reported,Yes,"$38,978",350.0,2.3,I4,Silverado 1500 LT Extended Cab,285.0HP 5.3L 8 Cylinder Engine Gasoline Fuel
GMC,2023,"7,500 mi.",Gasoline,10-Speed A/T,None reported,Yes,"$92,888",420.0,6.2,8 CYLINDER,R1S Launch Edition,835.0HP Electric Motor Electric Fuel System
INFINITI,2022,"26,520 mi.",Gasoline,7-Speed A/T,At least 1 accident or damage reported,Yes,"$64,000",400.0,5.6,8 CYLINDER,Rover Range Rover HSE SWB,395.0HP 3.0L Straight 6 Cylinder Engine Gasoline/Mild Electric Hybrid
Land,2014,"59,500 mi.",E85 Flex Fuel,A/T,None reported,Yes,"$33,800",340.0,3.0,V6,M4 Base,425.0HP 3.0L Straight 6 Cylinder Engine Gasoline Fuel
Honda,2020,"44,000 mi.",Gasoline,A/T,None reported,Yes,"$34,999",280.0,3.5,V6,E-Class E 350,302.0HP 3.5L V6 Cylinder Engine Gasoline Fuel
Pontiac,2001,"111,000 mi.",Gasoline,A/T,None reported,Yes,"$11,000",200.0,3.8,V6,Accord Hybrid Base,2.0L I4 16V MPFI DOHC Hybrid
Toyota,2016,"82,260 mi.",Gasoline,5-Speed Automatic,None reported,Yes,"$31,906",395.0,4.0,V6,Prius v Three,134.0HP 1.8L 4 Cylinder Engine Gas/Electric Hybrid
Porsche,2006,"52,744 mi.",Gasoline,Transmission w/Dual Shift Mode,At least 1 accident or damage reported,Yes,"$37,500",325.0,3.6,6 CYLINDER,WRX Premium,271.0HP 2.4L 4 Cylinder Engine Gasoline Fuel
BMW,2019,"28,200 mi.",Plug-In Hybrid,Transmission w/Dual Shift Mode,At least 1 accident or damage reported,Yes,"$79,950",369.0,1.5,3 CYLINDER,Bentayga Speed,6.0L W12 48V PDI DOHC Twin Turbo
Nissan,2000,"194,277 mi.",Gasoline,A/T,At least 1 accident or damage reported,Yes,"$2,300",222.0,3.0,V6,Explorer ST,400.0HP 3.0L V6 Cylinder Engine Gasoline Fuel
Pontiac,2001,"91,812 mi.",Gasoline,A/T,None reported,Yes,"$12,850",310.0,5.7,8 CYLINDER,Suburban LT,355.0HP 5.3L 8 Cylinder Engine Flex Fuel Capability
Chevrolet,2018,"84,224 mi.",Gasoline,6-Speed Automatic,None reported,Yes,"$43,775",355.0,5.3,V8,Silverado 1500 Limited Custom,2.7 Liter DOHC Turbo
BMW,2018,"66,690 mi.",Gasoline,Transmission w/Dual Shift Mode,At least 1 accident or damage reported,Yes,"$24,900",228.0,2.0,4 CYLINDER,Explorer Platinum,3.0L V6 24V GDI DOHC Twin Turbo
Mercedes-Benz,2018,"41,500 mi.",Gasoline,9-Speed A/T,At least 1 accident or damage reported,Yes,"$39,848",362.0,3.0,V6,RX 350 Base,295.0HP 3.5L V6 Cylinder Engine Gasoline Fuel
BMW,2014,"85,095 mi.",Gasoline,8-Speed A/T,At least 1 accident or damage reported,Yes,"$24,900",445.0,4.4,8 CYLINDER,Rover Range Rover 3.0L V6 Supercharged HSE,380.0HP 3.0L V6 Cylinder Engine Gasoline Fuel
Volvo,2015,"39,000 mi.",Gasoline,Transmission w/Dual Shift Mode,At least 1 accident or damage reported,Yes,"$17,900",250.0,2.5,5 CYLINDER,Explorer Platinum,3.0L V6 24V GDI DOHC Twin Turbo
Tesla,2022,"20,500 mi.",electric,1-Speed A/T,None reported,Yes,"$46,500",425.0,3.5,V6,Challenger SRT8 392,–
Ford,2019,"112,000 mi.",Diesel,6-Speed A/T,None reported,Yes,"$61,995",450.0,6.7,8 CYLINDER,Equinox 2LT,264.0HP 3.0L V6 Cylinder Engine Gasoline Fuel
Audi,2016,"90,360 mi.",Gasoline,A/T,At least 1 accident or damage reported,Yes,"$15,499",220.0,2.0,4 CYLINDER,Challenger SXT,303.0HP 3.6L V6 Cylinder Engine Gasoline Fuel
Ford,2020,"82,146 mi.",Gasoline,10-Speed Automatic,None reported,Yes,"$30,825",395.0,2.3,I4,911 Carrera,379.0HP 3.0L Flat 6 Cylinder Engine Gasoline Fuel
Ford,2020,"16,850 mi.",Gasoline,10-Speed A/T,At least 1 accident or damage reported,Yes,"$41,000",460.0,5.0,8 CYLINDER,XC70 T6 Platinum,300.0HP 3.0L Straight 6 Cylinder Engine Gasoline Fuel
Honda,2003,"101,000 mi.",Gasoline,6-Speed M/T,None reported,Yes,"$28,000",240.0,2.0,4 CYLINDER,GX 470 Base,270.0HP 4.7L 8 Cylinder Engine Gasoline Fuel
BMW,2015,"68,750 mi.",Gasoline,6-Speed M/T,None reported,Yes,"$25,999",320.0,3.0,6 CYLINDER,911 Carrera GTS,430.0HP 3.8L Flat 6 Cylinder Engine Gasoline Fuel
Lamborghini,2018,"5,858 mi.",Gasoline,7-Speed A/T,None reported,Yes,"$491,836",729.0,6.5,12 CYLINDER,XC70 3.2,235.0HP 3.2L Straight 6 Cylinder Engine Gasoline Fuel
Dodge,2004,"143,000 mi.",Gasoline,A/T,None reported,Yes,"$3,200",335.0,5.7,8 CYLINDER,350Z NISMO,306.0HP 3.5L V6 Cylinder Engine Gasoline Fuel
Nissan,2005,"152,270 mi.",Gasoline,A/T,At least 1 accident or damage reported,Yes,"$6,900",305.0,5.6,8 CYLINDER,911 Turbo,480.0HP 3.6L Flat 6 Cylinder Engine Gasoline Fuel
Kia,2021,"19,605 mi.",Gasoline,8-Speed Automatic,None reported,No,"$33,591",244.0,2.5,I4,Rover Range Rover SWB,355.0HP 3.0L Straight 6 Cylinder Engine Gasoline/Mild Electric Hybrid
Chevrolet,2020,"19,200 mi.",Gasoline,10-Speed A/T,None reported,Yes,"$69,999",355.0,5.3,8 CYLINDER,Cayenne E-Hybrid S Platinum Edition,416.0HP 3.0L V6 Cylinder Engine Plug-In Electric/Gas
Chevrolet,2004,"64,500 mi.",Gasoline,A/T,None reported,Yes,"$5,900",180.0,3.4,V6,IS 350 Base,306.0HP 3.5L V6 Cylinder Engine Gasoline Fuel
Toyota,2011,"149,000 mi.",Gasoline,A/T,None reported,Yes,"$18,995",236.0,4.0,V6,Macan S,340.0HP 3.0L V6 Cylinder Engine Gasoline Fuel
McLaren,2018,"5,918 mi.",Gasoline,7-Speed Automatic with Auto-Shift,None reported,No,"$179,900",562.0,3.8,V8,Rover Range Rover 5.0L Supercharged,510.0HP 5.0L 8 Cylinder Engine Gasoline Fuel
Pontiac,1997,"134,033 mi.",Gasoline,A/T,At least 1 accident or damage reported,Yes,"$7,200",285.0,5.7,8 CYLINDER,Savana 2500 Work Van,341.0HP 6.0L 8 Cylinder Engine Flex Fuel Capability
Kia,2019,"37,226 mi.",Gasoline,Automatic,None reported,No,"$34,998",244.0,3.3,V6,4Runner SR5,270.0HP 4.0L V6 Cylinder Engine Gasoline Fuel
Ford,2017,"71,924 mi.",Gasoline,A/T,None reported,Yes,"$13,700",179.0,1.5,4 CYLINDER,Palisade SEL,291.0HP 3.8L V6 Cylinder Engine Gasoline Fuel
Lamborghini,2021,"5,718 mi.",Gasoline,Automatic,None reported,No,"$279,991",602.0,5.2,V10,Sierra 2500 Denali,397.0HP 6.6L 8 Cylinder Engine Diesel Fuel
Jeep,2014,"122,200 mi.",Gasoline,A/T,At least 1 accident or damage reported,Yes,"$21,500",285.0,3.6,V6,GV70 3.5T Sport,3.5L V6 24V PDI DOHC Twin Turbo
Land,2020,"37,248 mi.",Hybrid,8-Speed A/T,None reported,Yes,"$54,500",395.0,3.0,6 CYLINDER,Ram Van 1500,175.0HP 3.9L V6 Cylinder Engine Gasoline Fuel
Chevrolet,1999,"88,750 mi.",Gasoline,A/T,None reported,Yes,"$6,800",255.0,4.8,8 CYLINDER,Impala 1LT,305.0HP 3.6L V6 Cylinder Engine Gasoline Fuel
Cadillac,2008,"64,800 mi.",Gasoline,6-Speed A/T,None reported,No,"$24,700",443.0,4.4,8 CYLINDER,A4 2.0T Premium Plus,220.0HP 2.0L 4 Cylinder Engine Flex Fuel Capability
Ford,2014,"112,180 mi.",Hybrid,Automatic CVT,None reported,No,"$12,599",350.0,2.0,I4,Altima 2.5 S,175.0HP 2.5L 4 Cylinder Engine Gasoline Fuel
RAM,2015,"149,130 mi.",Diesel,6-Speed A/T,At least 1 accident or damage reported,Yes,"$35,000",350.0,6.7,6 CYLINDER,911 Carrera 4S,420.0HP 3.0L Flat 6 Cylinder Engine Gasoline Fuel
Tesla,2020,"88,000 mi.",electric,1-Speed A/T,None reported,Yes,"$35,500",425.0,3.5,V6,X1 xDrive 28i,240.0HP 2.0L 4 Cylinder Engine Gasoline Fuel
Toyota,2018,"74,000 mi.",Gasoline,8-Speed A/T,None reported,Yes,"$27,950",295.0,3.5,V6,Yukon Denali,420.0HP 6.2L 8 Cylinder Engine Gasoline Fuel
Ford,2019,"44,460 mi.",Gasoline,10-Speed A/T,None reported,Yes,"$34,500",325.0,2.7,V6,Rover Defender SE,395.0HP 3.0L Straight 6 Cylinder Engine Gasoline/Mild Electric Hybrid
GMC,2015,"96,000 mi.",Gasoline,6-Speed A/T,None reported,Yes,"$17,000",281.0,3.6,V6,911 Turbo S,3.8L H6 24V GDI DOHC Twin Turbo
Porsche,2005,"75,000 mi.",Gasoline,5-Speed M/T,None reported,No,"$17,500",240.0,2.7,6 CYLINDER,Land Cruiser Base,230.0HP 4.7L 8 Cylinder Engine Gasoline Fuel
Dodge,2014,"95,000 mi.",Gasoline,Transmission w/Dual Shift Mode,None reported,Yes,"$17,900",370.0,5.7,8 CYLINDER,xB Base,158.0HP 2.4L 4 Cylinder Engine Gasoline Fuel
Land,2016,"49,799 mi.",Gasoline,A/T,None reported,Yes,"$37,500",340.0,3.0,V6,S2000 Base,240.0HP 2.0L 4 Cylinder Engine Gasoline Fuel
Ford,2006,"27,407 mi.",Gasoline,5-Speed M/T,None reported,Yes,"$21,750",300.0,4.6,8 CYLINDER,CX-30 Select,2.5L I4 16V GDI DOHC
Alfa,2020,"23,339 mi.",Gasoline,8-Speed Automatic,None reported,No,"$34,645",280.0,2.0,I4,M4 Competition,503.0HP 3.0L Straight 6 Cylinder Engine Gasoline Fuel
Tesla,2016,"74,122 mi.",electric,A/T,None reported,Yes,"$35,900",417.0,3.5,V6,911 Carrera 4S,355.0HP 3.8L Flat 6 Cylinder Engine Gasoline Fuel
Jaguar,1997,"50,000 mi.",Gasoline,A/T,None reported,Yes,"$6,000",290.0,4.0,8 CYLINDER,F-250 Lariat,385.0HP 6.2L 8 Cylinder Engine Flex Fuel Capability
Mercedes-Benz,2021,"14,745 mi.",Gasoline,Automatic,None reported,No,"$38,998",362.0,2.0,V6,Corvette Base,400.0HP 6.0L 8 Cylinder Engine Gasoline Fuel
Chevrolet,2021,"2,700 mi.",Gasoline,Transmission w/Dual Shift Mode,None reported,Yes,"$85,950",490.0,6.2,8 CYLINDER,LS 460 L,380.0HP 4.6L 8 Cylinder Engine Gasoline Fuel
Buick,2012,"190,000 mi.",Gasoline,6-Speed A/T,At least 1 accident or damage reported,Yes,"$6,000",220.0,2.0,4 CYLINDER,Sienna XSE 25th Anniversary,245.0HP 2.5L 4 Cylinder Engine Gas/Electric Hybrid
Audi,2014,"90,236 mi.",E85 Flex Fuel,Transmission w/Dual Shift Mode,None reported,Yes,"$9,999",220.0,2.0,4 CYLINDER,AMG G 63 Base,4.0L V8 32V GDI DOHC Twin Turbo
Jeep,2020,"4,000 mi.",Gasoline,8-Speed A/T,None reported,Yes,"$50,000",285.0,3.6,V6,A4 2.0T Premium quattro,211.0HP 2.0L 4 Cylinder Engine Gasoline Fuel
Land,2022,"2,220 mi.",Hybrid,8-Speed A/T,None reported,Yes,"$115,999",395.0,3.0,6 CYLINDER,GLC 300 Base 4MATIC,241.0HP 2.0L 4 Cylinder Engine Gasoline Fuel
GMC,2017,"124,000 mi.",Gasoline,8-Speed A/T,At least 1 accident or damage reported,Yes,"$32,000",420.0,6.2,8 CYLINDER,911 Turbo Cabriolet,480.0HP 3.6L Flat 6 Cylinder Engine Gasoline Fuel
Ford,2019,"45,163 mi.",Gasoline,10-Speed Automatic,None reported,Yes,"$35,690",350.0,2.3,I4,86 860 Special Edition,200.0HP 2.0L 4 Cylinder Engine Gasoline Fuel
Volkswagen,2020,"49,400 mi.",Gasoline,6-Speed A/T,None reported,Yes,"$20,900",174.0,2.0,4 CYLINDER,XJ8 L,290.0HP 4.0L 8 Cylinder Engine Gasoline Fuel
Porsche,2020,"11,256 mi.",Gasoline,8-Speed A/T,None reported,Yes,"$124,900",379.0,3.0,6 CYLINDER,Corvette Base,300.0HP 5.7L 8 Cylinder Engine Gasoline Fuel
Chevrolet,2021,"13,700 mi.",Gasoline,A/T,None reported,Yes,"$75,000",490.0,6.2,8 CYLINDER,Model 3 Long Range,271.0HP Electric Motor Electric Fuel System
Land,2011,"174,678 mi.",Gasoline,6-Speed A/T,None reported,Yes,"$9,500",230.0,3.2,6 CYLINDER,Tucson SEL,2.5L I4 16V PDI DOHC
Lexus,2022,"1,600 mi.",Hybrid,A/T,None reported,Yes,"$59,000",308.0,3.5,V6,911 Carrera S,355.0HP 3.8L Flat 6 Cylinder Engine Gasoline Fuel
Porsche,2019,"15,509 mi.",Gasoline,7-Speed Automatic with Auto-Shift,None reported,No,"$229,900",365.0,4.0,V6,Nautilus Reserve,2.0L I4 16V GDI DOHC Turbo
Ford,2020,"69,849 mi.",Gasoline,10-Speed Automatic,None reported,Yes,"$48,149",350.0,3.5,V6,Mustang Boss 302,444.0HP 5.0L 8 Cylinder Engine Gasoline Fuel
Toyota,2008,"160,000 mi.",Gasoline,A/T,At least 1 accident or damage reported,Yes,"$17,000",236.0,4.0,V6,Escalade Premium Luxury,420.0HP 6.2L 8 Cylinder Engine Gasoline Fuel
Ford,2007,"228,000 mi.",Gasoline,A/T,At least 1 accident or damage reported,Yes,"$3,850",292.0,4.6,8 CYLINDER,Durango R/T,5.7L V8 16V MPFI OHV
Mercedes-Benz,2015,"102,000 mi.",Gasoline,7-Speed A/T,None reported,Yes,"$17,000",241.0,2.0,4 CYLINDER,X5 xDrive35i,3.0L I6 24V GDI DOHC Turbo
Cadillac,2016,"48,000 mi.",Gasoline,6-Speed A/T,At least 1 accident or damage reported,Yes,"$24,995",308.0,3.6,V6,Corvette Base,430.0HP 6.2L 8 Cylinder Engine Gasoline Fuel
Chrysler,2012,"163,500 mi.",E85 Flex Fuel,6-Speed A/T,None reported,Yes,"$5,949",283.0,3.6,V6,XE 20d Prestige,2.0 Liter
Porsche,2023,"1,500 mi.",Gasoline,A/T,None reported,Yes,"$149,000",379.0,3.0,6 CYLINDER,Challenger R/T,375.0HP 5.7L 8 Cylinder Engine Gasoline Fuel
Porsche,2021,"2,100 mi.",Gasoline,6-Speed M/T,None reported,No,"$136,900",414.0,4.0,6 CYLINDER,550 i xDrive,445.0HP 4.4L 8 Cylinder Engine Gasoline Fuel
Ford,2018,"66,281 mi.",Diesel,Transmission w/Dual Shift Mode,None reported,Yes,"$63,500",450.0,6.7,8 CYLINDER,Explorer XLT,2.3L I4 16V GDI DOHC Turbo
Ford,2021,"18,000 mi.",electric,A/T,None reported,Yes,"$39,499",266.0,3.5,V6,Yukon XL Denali,420.0HP 6.2L 8 Cylinder Engine Gasoline Fuel
Ford,2014,"27,300 mi.",Gasoline,6-Speed A/T,None reported,Yes,"$21,500",365.0,3.5,V6,QX80 SENSORY,400.0HP 5.6L 8 Cylinder Engine Gasoline Fuel
Mazda,2020,"19,319 mi.",Gasoline,6-Speed Automatic,At least 1 accident or damage reported,Yes,"$24,899",186.0,2.5,I4,Rover Range Rover 3.0L Supercharged,340.0HP 3.0L V6 Cylinder Engine Flex Fuel Capability
Mercedes-Benz,2016,"32,936 mi.",Gasoline,Transmission w/Dual Shift Mode,At least 1 accident or damage reported,Yes,"$90,000",563.0,5.5,8 CYLINDER,Pilot EX-L,280.0HP 3.5L V6 Cylinder Engine Gasoline Fuel
BMW,2017,"30,450 mi.",Gasoline,Transmission w/Dual Shift Mode,None reported,Yes,"$52,999",425.0,3.0,6 CYLINDER,Firebird Base,200.0HP 3.8L V6 Cylinder Engine Gasoline Fuel
Jeep,2017,"38,200 mi.",Gasoline,A/T,None reported,Yes,"$29,500",285.0,3.6,V6,4Runner Limited,4.0L V6 24V MPFI DOHC
Jeep,2020,"26,315 mi.",Gasoline,8-Speed Automatic,None reported,Yes,"$31,871",285.0,2.0,I4,911 Carrera Cabriolet,325.0HP 3.6L Flat 6 Cylinder Engine Gasoline Fuel
Chevrolet,2003,"110,000 mi.",Gasoline,A/T,None reported,Yes,"$8,900",270.0,4.8,8 CYLINDER,i8 Base,369.0HP 1.5L 3 Cylinder Engine Plug-In Electric/Gas
MINI,2014,"19,700 mi.",Gasoline,6-Speed A/T,None reported,Yes,"$13,500",189.0,2.0,4 CYLINDER,Maxima GLE,222.0HP 3.0L V6 Cylinder Engine Gasoline Fuel
Honda,2008,"192,000 mi.",Gasoline,5-Speed A/T,At least 1 accident or damage reported,Yes,"$11,000",166.0,2.4,4 CYLINDER,Firebird Trans Am,310.0HP 5.7L 8 Cylinder Engine Gasoline Fuel
Porsche,2017,"26,000 mi.",Gasoline,Transmission w/Dual Shift Mode,None reported,Yes,"$116,911",420.0,3.0,6 CYLINDER,Suburban Premier,5.3L V8 16V GDI OHV
Subaru,2008,"98,313 mi.",Gasoline,4-Speed A/T,None reported,Yes,"$7,495",170.0,2.5,4 CYLINDER,X2 xDrive28i,228.0HP 2.0L 4 Cylinder Engine Gasoline Fuel
Cadillac,2021,"66,500 mi.",Gasoline,A/T,None reported,Yes,"$28,500",310.0,3.6,V6,AMG C 43 Base 4MATIC,362.0HP 3.0L V6 Cylinder Engine Gasoline Fuel
Nissan,2022,"19,877 mi.",Gasoline,Automatic CVT,None reported,No,"$18,999",284.0,1.6,I4,750 i xDrive,445.0HP 4.4L 8 Cylinder Engine Gasoline Fuel
Kia,2021,"16,100 mi.",Gasoline,A/T,None reported,Yes,"$25,500",146.0,2.0,4 CYLINDER,S60 T5 Premier Plus,250.0HP 2.5L 5 Cylinder Engine Gasoline Fuel
GMC,2016,"83,858 mi.",Gasoline,6-Speed A/T,At least 1 accident or damage reported,Yes,"$27,633",355.0,5.3,8 CYLINDER,Model Y Long Range,425.0HP Electric Motor Electric Fuel System
Mercedes-Benz,2020,"24,108 mi.",Gasoline,9-Speed A/T,None reported,Yes,"$56,000",255.0,2.0,4 CYLINDER,F-350 Platinum,450.0HP 6.7L 8 Cylinder Engine Diesel Fuel
Ford,2020,"42,609 mi.",Gasoline,10-Speed Automatic,At least 1 accident or damage reported,Yes,"$32,107",350.0,2.3,I4,ID.4 Pro S,Battery Electric
Subaru,2017,"160,000 mi.",Gasoline,A/T,At least 1 accident or damage reported,Yes,"$7,750",152.0,2.0,4 CYLINDER,A3 2.0T Premium,220.0HP 2.0L 4 Cylinder Engine Gasoline Fuel
INFINITI,2017,"121,525 mi.",Gasoline,A/T,At least 1 accident or damage reported,Yes,"$28,500",400.0,5.6,8 CYLINDER,Explorer Limited,2.3L I4 16V GDI DOHC Turbo
Kia,2023,"6,423 mi.",Gasoline,A/T,None reported,Yes,"$42,500",291.0,3.8,V6,Mustang GT Premium,460.0HP 5.0L 8 Cylinder Engine Gasoline Fuel
Pontiac,2007,"62,310 mi.",Gasoline,5-Speed A/T,None reported,Yes,"$12,900",177.0,2.4,4 CYLINDER,S2000 Base,240.0HP 2.0L 4 Cylinder Engine Gasoline Fuel
Mazda,2021,"21,444 mi.",Gasoline,6-Speed Automatic,None reported,Yes,"$29,995",186.0,2.5,I4,M235 i,320.0HP 3.0L Straight 6 Cylinder Engine Gasoline Fuel
Ford,2015,"112,000 mi.",Gasoline,A/T,At least 1 accident or damage reported,Yes,"$29,500",310.0,3.5,V6,Aventador S Base,729.0HP 6.5L 12 Cylinder Engine Gasoline Fuel
Hyundai,2013,"60,000 mi.",Gasoline,A/T,None reported,Yes,"$16,500",344.0,3.8,V6,Durango SLT,335.0HP 5.7L 8 Cylinder Engine Gasoline Fuel
Dodge,2013,"153,250 mi.",Gasoline,6-Speed A/T,None reported,Yes,"$4,399",160.0,1.4,4 CYLINDER,Armada LE,305.0HP 5.6L 8 Cylinder Engine Gasoline Fuel
Jeep,2019,"57,000 mi.",Gasoline,8-Speed A/T,None reported,Yes,"$39,900",285.0,3.6,V6,Sorento S,2.5L I4 16V PDI DOHC
Chevrolet,2011,"140,401 mi.",E85 Flex Fuel,6-Speed A/T,At least 1 accident or damage reported,Yes,"$16,000",320.0,5.3,8 CYLINDER,Silverado 1500 RST,355.0HP 5.3L 8 Cylinder Engine Gasoline Fuel
Ford,2023,"5,500 mi.",Gasoline,10-Speed A/T,None reported,Yes,"$70,000",400.0,3.5,V6,Impala Base,180.0HP 3.4L V6 Cylinder Engine Gasoline Fuel
Chevrolet,2022,"2,010 mi.",Gasoline,Transmission w/Dual Shift Mode,None reported,Yes,"$89,000",490.0,6.2,8 CYLINDER,Tacoma PreRunner,236.0HP 4.0L V6 Cylinder Engine Gasoline Fuel
Tesla,2018,"24,360 mi.",electric,A/T,None reported,Yes,"$31,500",271.0,3.5,V6,570S Spider,3.8L V8 32V MPFI DOHC Twin Turbo
Audi,2013,"96,800 mi.",Gasoline,A/T,At least 1 accident or damage reported,Yes,"$11,000",211.0,2.0,4 CYLINDER,Firebird Trans Am,285.0HP 5.7L 8 Cylinder Engine Gasoline Fuel
Cadillac,2014,"34,988 mi.",Gasoline,6-Speed A/T,None reported,Yes,"$21,500",318.0,3.6,V6,Stinger GT1,"3.3L V-6 gasoline direct injection, DOHC, D-CVVT variable valve"
Nissan,2012,"65,750 mi.",Gasoline,A/T,At least 1 accident or damage reported,Yes,"$15,995",261.0,4.0,V6,Escape SE,179.0HP 1.5L 4 Cylinder Engine Gasoline Fuel
Chevrolet,2019,"56,654 mi.",Gasoline,Automatic,None reported,Yes,"$43,860",355.0,6.2,V8,Huracan EVO Coupe,"5.2L V-10 gasoline direct injection, DOHC, variable valve contro"
Lincoln,2016,"140,200 mi.",Gasoline,6-Speed A/T,None reported,Yes,"$10,500",303.0,3.7,V6,Wrangler Unlimited Sport,285.0HP 3.6L V6 Cylinder Engine Gasoline Fuel
Chevrolet,2016,"122,971 mi.",Gasoline,6-Speed Automatic,At least 1 accident or damage reported,Yes,"$12,999",355.0,1.4,I4,Rover Range Rover Sport HST MHEV,395.0HP 3.0L Straight 6 Cylinder Engine Gasoline/Mild Electric Hybrid
Nissan,2008,"227,010 mi.",Gasoline,5-Speed A/T,None reported,Yes,"$3,850",261.0,4.0,V6,Silverado 1500 Base,255.0HP 4.8L 8 Cylinder Engine Gasoline Fuel
Ford,2004,"271,000 mi.",Gasoline,A/T,At least 1 accident or damage reported,Yes,"$9,500",300.0,5.4,8 CYLINDER,XLR V,443.0HP 4.4L 8 Cylinder Engine Gasoline Fuel
Porsche,2022,"13,800 mi.",Gasoline,8-Speed A/T,None reported,Yes,"$234,000",572.0,3.8,6 CYLINDER,Fusion Hybrid Titanium,2.0L I4 16V MPFI DOHC Hybrid
Dodge,2001,"171,079 mi.",Diesel,A/T,None reported,Yes,"$27,500",245.0,5.9,6 CYLINDER,2500 SLT,350.0HP 6.7L Straight 6 Cylinder Engine Diesel Fuel
Chevrolet,2021,"24,915 mi.",Gasoline,Automatic,None reported,No,"$44,791",355.0,3.6,V6,Model Y Long Range,425.0HP Electric Motor Electric Fuel System
Nissan,2022,"15,577 mi.",Gasoline,Automatic CVT,None reported,No,"$19,599",284.0,1.6,I4,Highlander XLE,295.0HP 3.5L V6 Cylinder Engine Gasoline Fuel
Audi,2014,"102,370 mi.",Gasoline,7-Speed A/T,None reported,Yes,"$21,373",333.0,3.0,V6,F-150 XLT,325.0HP 2.7L V6 Cylinder Engine Gasoline Fuel
Lamborghini,2011,"16,000 mi.",Gasoline,Transmission w/Dual Shift Mode,None reported,Yes,"$229,000",562.0,5.2,10 CYLINDER,Acadia SLE-2,281.0HP 3.6L V6 Cylinder Engine Gasoline Fuel
Mercedes-Benz,2012,"122,000 mi.",Gasoline,7-Speed A/T,None reported,Yes,"$15,000",201.0,1.8,4 CYLINDER,Boxster Base,240.0HP 2.7L Flat 6 Cylinder Engine Gasoline Fuel
FIAT,2016,"48,500 mi.",Gasoline,A/T,None reported,Yes,"$15,999",180.0,2.4,4 CYLINDER,Charger R/T,370.0HP 5.7L 8 Cylinder Engine Gasoline Fuel
Ford,2018,"53,500 mi.",Gasoline,10-Speed A/T,At least 1 accident or damage reported,Yes,"$31,500",325.0,2.7,V6,Rover Range Rover Sport Supercharged HSE,340.0HP 3.0L V6 Cylinder Engine Gasoline Fuel
Ford,2004,"315,000 mi.",Diesel,A/T,None reported,Yes,"$9,200",325.0,6.0,8 CYLINDER,Mustang GT,300.0HP 4.6L 8 Cylinder Engine Gasoline Fuel
Ford,2006,"158,000 mi.",Gasoline,A/T,At least 1 accident or damage reported,Yes,"$8,500",305.0,6.8,10 CYLINDER,Romeo Giulia Ti,2.0L I4 16V GDI SOHC Turbo
Kia,2019,"43,850 mi.",Gasoline,8-Speed A/T,At least 1 accident or damage reported,Yes,"$30,000",290.0,3.3,V6,Model S 90D,417.0HP Electric Motor Electric Fuel System
Mercedes-Benz,2015,"73,500 mi.",Gasoline,7-Speed A/T,None reported,Yes,"$19,000",241.0,2.0,4 CYLINDER,XK8 Base,290.0HP 4.0L 8 Cylinder Engine Gasoline Fuel
Nissan,2014,"153,350 mi.",Gasoline,A/T,At least 1 accident or damage reported,Yes,"$9,000",182.0,2.5,4 CYLINDER,GLC 300 GLC 300,2.0 Liter Turbo
Volkswagen,2019,"74,000 mi.",Gasoline,A/T,None reported,Yes,"$25,500",184.0,2.0,4 CYLINDER,Corvette Stingray w/3LT,490.0HP 6.2L 8 Cylinder Engine Gasoline Fuel
BMW,2013,"52,000 mi.",Gasoline,Transmission w/Dual Shift Mode,None reported,Yes,"$17,500",240.0,2.0,4 CYLINDER,Regal Turbo - Premium 1,220.0HP 2.0L 4 Cylinder Engine Gasoline Fuel
Audi,2022,250 mi.,electric,1-Speed A/T,None reported,Yes,"$52,000",295.0,3.5,V6,A4 2.0T Premium,220.0HP 2.0L 4 Cylinder Engine Flex Fuel Capability
Nissan,2017,"145,000 mi.",Gasoline,A/T,At least 1 accident or damage reported,Yes,"$8,500",284.0,3.5,V6,Gladiator Overland,285.0HP 3.6L V6 Cylinder Engine Gasoline Fuel
Subaru,2020,"40,971 mi.",Gasoline,Transmission w/Dual Shift Mode,None reported,Yes,"$32,500",260.0,2.4,4 CYLINDER,Rover Range Rover Westminster SWB,395.0HP 3.0L Straight 6 Cylinder Engine Gasoline/Mild Electric Hybrid
Ford,2010,"248,000 mi.",E85 Flex Fuel,A/T,At least 1 accident or damage reported,Yes,"$14,000",255.0,5.4,8 CYLINDER,Yukon XL Denali,420.0HP 6.2L 8 Cylinder Engine Gasoline Fuel
BMW,2018,"38,000 mi.",Gasoline,A/T,None reported,Yes,"$60,500",453.0,3.0,6 CYLINDER,Ranger Lariat,2.3L I4 16V GDI DOHC Turbo
Acura,2016,"128,000 mi.",Gasoline,A/T,None reported,Yes,"$19,500",290.0,3.5,V6,Passat 2.0T SE,174.0HP 2.0L 4 Cylinder Engine Gasoline Fuel
Chevrolet,2022,"7,455 mi.",Gasoline,Automatic,None reported,No,"$68,990",355.0,6.2,V8,911 Carrera,379.0HP 3.0L Flat 6 Cylinder Engine Gasoline Fuel
Jeep,1999,"137,790 mi.",Gasoline,5-Speed M/T,None reported,Yes,"$12,000",120.0,2.5,4 CYLINDER,Corvette Stingray w/1LT,490.0HP 6.2L 8 Cylinder Engine Gasoline Fuel
Ford,2016,"92,000 mi.",Gasoline,6-Speed A/T,None reported,Yes,"$19,995",315.0,2.7,V6,Rover Range Rover HSE,230.0HP 3.2L Straight 6 Cylinder Engine Gasoline Fuel
Porsche,2001,"21,450 mi.",Gasoline,6-Speed M/T,None reported,Yes,"$36,000",300.0,3.4,6 CYLINDER,RX 450h F Sport Handling,308.0HP 3.5L V6 Cylinder Engine Gas/Electric Hybrid
Nissan,2021,"43,875 mi.",Gasoline,Automatic CVT,At least 1 accident or damage reported,No,"$29,725",284.0,3.5,V6,911 GT3 RS,4.0L H6 24V GDI DOHC
Pontiac,2009,"81,327 mi.",Gasoline,Transmission w/Dual Shift Mode,None reported,Yes,"$17,500",355.0,6.0,8 CYLINDER,Expedition Platinum,3.5L V6 24V GDI DOHC Twin Turbo
Mercedes-Benz,2021,"72,836 mi.",Gasoline,9-Speed A/T,None reported,Yes,"$41,000",255.0,2.0,4 CYLINDER,Tacoma PreRunner,236.0HP 4.0L V6 Cylinder Engine Gasoline Fuel
McLaren,2020,"5,072 mi.",Gasoline,7-Speed Automatic with Auto-Shift,None reported,Yes,"$279,950",710.0,4.0,V8,Mirai Base,151.0HP Electric Motor Hydrogen Fuel
Jeep,2007,"161,900 mi.",E85 Flex Fuel,A/T,At least 1 accident or damage reported,Yes,"$4,800",235.0,4.7,8 CYLINDER,Explorer Sport Trac XLT,292.0HP 4.6L 8 Cylinder Engine Gasoline Fuel
Audi,2022,"24,500 mi.",Hybrid,Transmission w/Dual Shift Mode,None reported,Yes,"$47,000",261.0,2.0,4 CYLINDER,Sierra 1500 SLE1 Extended Cab,–
BMW,2018,"14,993 mi.",Gasoline,8-Speed A/T,None reported,Yes,"$44,900",456.0,4.4,8 CYLINDER,C-Class C 300 Luxury,241.0HP 2.0L 4 Cylinder Engine Gasoline Fuel
Volkswagen,2019,"96,000 mi.",Gasoline,A/T,At least 1 accident or damage reported,Yes,"$14,980",147.0,1.4,4 CYLINDER,SRX Standard,308.0HP 3.6L V6 Cylinder Engine Gasoline Fuel
Porsche,2022,"7,900 mi.",electric,2-Speed A/T,None reported,Yes,"$108,000",482.0,3.5,V6,Town & Country Touring-L,283.0HP 3.6L V6 Cylinder Engine Flex Fuel Capability
Cadillac,2019,"35,566 mi.",Gasoline,8-Speed A/T,At least 1 accident or damage reported,Yes,"$26,000",265.0,2.0,4 CYLINDER,911 Carrera,379.0HP 3.0L Flat 6 Cylinder Engine Gasoline Fuel
Lexus,2008,"113,000 mi.",Gasoline,8-Speed A/T,At least 1 accident or damage reported,Yes,"$34,000",416.0,5.0,8 CYLINDER,718 Cayman GT4,414.0HP 4.0L Flat 6 Cylinder Engine Gasoline Fuel
Ford,2022,"20,678 mi.",Gasoline,A/T,None reported,Yes,"$46,000",300.0,2.3,4 CYLINDER,F-350 Lariat,450.0HP 6.7L 8 Cylinder Engine Diesel Fuel
Porsche,2008,"10,900 mi.",Gasoline,6-Speed M/T,None reported,Yes,"$129,000",480.0,3.6,6 CYLINDER,Mustang Mach-E Select,266.0HP Electric Motor Electric Fuel System
Buick,2012,"19,079 mi.",Hybrid,6-Speed A/T,None reported,Yes,"$15,995",182.0,2.4,4 CYLINDER,F-150 XL,365.0HP 3.5L V6 Cylinder Engine Gasoline Fuel
Ford,2019,"35,500 mi.",Gasoline,10-Speed A/T,None reported,Yes,"$32,300",460.0,5.0,8 CYLINDER,AMG G AMG G 63 4MATIC,563.0HP 5.5L 8 Cylinder Engine Gasoline Fuel
Mazda,2021,"52,253 mi.",Gasoline,6-Speed Automatic,At least 1 accident or damage reported,Yes,"$25,215",186.0,2.5,I4,M4 Base,425.0HP 3.0L Straight 6 Cylinder Engine Gasoline Fuel
Ford,2004,"110,000 mi.",Gasoline,A/T,At least 1 accident or damage reported,Yes,"$8,500",148.0,3.0,V6,Wrangler Sport,285.0HP 3.6L V6 Cylinder Engine Gasoline Fuel
Volkswagen,2016,"59,250 mi.",Gasoline,Transmission w/Dual Shift Mode,None reported,Yes,"$18,999",220.0,2.0,4 CYLINDER,Wrangler Sport,2.0L I4 16V GDI DOHC Turbo
Ford,2004,"39,000 mi.",Gasoline,A/T,None reported,No,"$22,000",280.0,3.9,8 CYLINDER,Silverado 1500 LS,270.0HP 4.8L 8 Cylinder Engine Gasoline Fuel
Hummer,2008,"155,000 mi.",Gasoline,6-Speed A/T,At least 1 accident or damage reported,Yes,"$37,000",393.0,6.2,8 CYLINDER,Hardtop Cooper,189.0HP 2.0L 4 Cylinder Engine Gasoline Fuel
BMW,2017,"39,250 mi.",Gasoline,A/T,None reported,Yes,"$28,900",300.0,3.0,6 CYLINDER,Element EX,166.0HP 2.4L 4 Cylinder Engine Gasoline Fuel
BMW,2020,"23,647 mi.",Gasoline,8-Speed Automatic,None reported,Yes,"$37,998",335.0,2.0,I4,911 Carrera 4S,420.0HP 3.0L Flat 6 Cylinder Engine Gasoline Fuel
Hyundai,2014,"127,941 mi.",Gasoline,A/T,None reported,Yes,"$7,500",138.0,1.6,4 CYLINDER,Impreza Outback Sport Wagon,170.0HP 2.5L 4 Cylinder Engine Gasoline Fuel
RAM,2014,"124,000 mi.",Gasoline,8-Speed A/T,None reported,Yes,"$24,850",350.0,5.7,8 CYLINDER,XT5 Premium Luxury,310.0HP 3.6L V6 Cylinder Engine Gasoline Fuel
Ford,2023,"1,500 mi.",Gasoline,7-Speed M/T,None reported,Yes,"$60,000",275.0,2.3,4 CYLINDER,Kicks S,1.6L I4 16V MPFI DOHC
MINI,2014,"70,700 mi.",Gasoline,6-Speed A/T,None reported,Yes,"$15,750",181.0,1.6,4 CYLINDER,Seltos S,146.0HP 2.0L 4 Cylinder Engine Gasoline Fuel
Cadillac,2013,"113,395 mi.",E85 Flex Fuel,6-Speed A/T,At least 1 accident or damage reported,Yes,"$18,800",403.0,6.2,8 CYLINDER,Yukon SLE,355.0HP 5.3L 8 Cylinder Engine Gasoline Fuel
Mercedes-Benz,2022,"18,815 mi.",Gasoline,Automatic,None reported,No,"$61,998",362.0,2.0,V6,GLE 350 Base 4MATIC,255.0HP 2.0L 4 Cylinder Engine Gasoline Fuel
Toyota,2014,"65,000 mi.",Gasoline,A/T,None reported,Yes,"$27,999",395.0,4.0,V6,Explorer XLT,2.3L I4 16V GDI DOHC Turbo
Audi,2019,"23,350 mi.",Hybrid,Transmission w/Dual Shift Mode,None reported,Yes,"$48,000",335.0,3.0,V6,Impreza 2.0i Premium,152.0HP 2.0L 4 Cylinder Engine Gasoline Fuel
Lexus,2019,"39,000 mi.",Gasoline,Transmission w/Dual Shift Mode,At least 1 accident or damage reported,Yes,"$34,000",302.0,3.5,V6,QX80 Base,400.0HP 5.6L 8 Cylinder Engine Gasoline Fuel
Toyota,2019,"48,842 mi.",Gasoline,5-Speed Automatic,At least 1 accident or damage reported,Yes,"$39,857",395.0,4.0,V6,Telluride S,291.0HP 3.8L V6 Cylinder Engine Gasoline Fuel
FIAT,2015,"47,800 mi.",Gasoline,A/T,At least 1 accident or damage reported,Yes,"$11,500",101.0,1.4,4 CYLINDER,Solstice Base,177.0HP 2.4L 4 Cylinder Engine Gasoline Fuel
Ford,2022,"52,000 mi.",Hybrid,CVT Transmission,None reported,Yes,"$28,000",191.0,2.5,4 CYLINDER,Mazda6 Carbon Edition,2.5L I4 16V
Ford,2006,"16,000 mi.",Gasoline,5-Speed A/T,None reported,Yes,"$22,000",300.0,4.6,8 CYLINDER,Transit-350 Base,310.0HP 3.5L V6 Cylinder Engine Gasoline Fuel
Jeep,2023,"7,102 mi.",Gasoline,8-Speed Automatic,None reported,Yes,"$40,995",285.0,2.0,I4,Genesis Coupe 3.8 Grand Touring,344.0HP 3.8L V6 Cylinder Engine Gasoline Fuel
Jeep,2015,"157,000 mi.",E85 Flex Fuel,A/T,None reported,Yes,"$17,000",395.0,3.6,V6,Dart SE,160.0HP 1.4L 4 Cylinder Engine Gasoline Fuel
Ford,2023,"9,095 mi.",electric,A/T,None reported,Yes,"$59,000",480.0,3.5,V6,Wrangler Unlimited Sahara,285.0HP 3.6L V6 Cylinder Engine Gasoline Fuel
Jeep,2010,"179,700 mi.",Gasoline,A/T,At least 1 accident or damage reported,Yes,"$4,500",172.0,2.4,4 CYLINDER,Tahoe LTZ,320.0HP 5.3L 8 Cylinder Engine Flex Fuel Capability
Lexus,2006,"170,000 mi.",Gasoline,A/T,None reported,Yes,"$7,500",278.0,4.3,8 CYLINDER,F-150 Tremor,400.0HP 3.5L V6 Cylinder Engine Gasoline Fuel
Rolls-Royce,2022,"3,420 mi.",Gasoline,8-Speed Automatic,None reported,Yes,"$399,950",563.0,6.7,V12,Corvette Stingray w/2LT,490.0HP 6.2L 8 Cylinder Engine Gasoline Fuel
Ford,2021,"93,400 mi.",Diesel,10-Speed A/T,None reported,No,"$69,995",475.0,6.7,8 CYLINDER,Model 3 Long Range,271.0HP Electric Motor Electric Fuel System
BMW,2011,"110,000 mi.",Gasoline,Transmission w/Dual Shift Mode,At least 1 accident or damage reported,Yes,"$12,000",400.0,4.4,8 CYLINDER,A4 2.0T Premium,211.0HP 2.0L 4 Cylinder Engine Gasoline Fuel
Porsche,2016,"22,500 mi.",Gasoline,A/T,None reported,Yes,"$78,000",350.0,3.4,6 CYLINDER,CTS Performance,318.0HP 3.6L V6 Cylinder Engine Gasoline Fuel
Ford,2013,"20,800 mi.",Gasoline,6-Speed M/T,None reported,Yes,"$19,795",252.0,2.0,4 CYLINDER,Frontier SV,261.0HP 4.0L V6 Cylinder Engine Gasoline Fuel
Lexus,2018,"100,868 mi.",Hybrid,CVT Transmission,At least 1 accident or damage reported,Yes,"$23,400",200.0,2.5,4 CYLINDER,Silverado 1500 LTZ,6.2L V8 16V GDI OHV
Volkswagen,2012,"131,986 mi.",Gasoline,M/T,At least 1 accident or damage reported,Yes,"$9,000",200.0,2.0,4 CYLINDER,MKT Base,303.0HP 3.7L V6 Cylinder Engine Gasoline Fuel
Volkswagen,2016,"127,770 mi.",Gasoline,5-Speed M/T,None reported,Yes,"$13,800",170.0,1.8,4 CYLINDER,Cruze LT Automatic,1.4L I4 16V GDI DOHC Turbo
Porsche,2013,"56,985 mi.",Gasoline,7-Speed A/T,None reported,Yes,"$65,900",400.0,3.8,6 CYLINDER,Xterra S,261.0HP 4.0L V6 Cylinder Engine Gasoline Fuel
Toyota,2014,"106,000 mi.",Plug-In Hybrid,A/T,At least 1 accident or damage reported,Yes,"$11,800",134.0,1.8,4 CYLINDER,F-150 Lariat SuperCrew,300.0HP 5.4L 8 Cylinder Engine Gasoline Fuel
Ford,2019,"92,671 mi.",Diesel,A/T,At least 1 accident or damage reported,Yes,"$50,000",450.0,6.7,8 CYLINDER,911 Turbo,572.0HP 3.8L Flat 6 Cylinder Engine Gasoline Fuel
Mercedes-Benz,2019,"49,500 mi.",Gasoline,A/T,None reported,Yes,"$55,900",463.0,4.0,8 CYLINDER,Ram 2500 Quad Cab,245.0HP 5.9L Straight 6 Cylinder Engine Diesel Fuel
Porsche,2020,"16,741 mi.",Gasoline,A/T,None reported,Yes,"$112,500",379.0,3.0,6 CYLINDER,Colorado ZR2,3.6L V6 24V GDI DOHC
Ford,2011,"133,504 mi.",Gasoline,6-Speed M/T,None reported,Yes,"$23,500",412.0,5.0,8 CYLINDER,Kicks S,1.6L I4 16V MPFI DOHC
Cadillac,2019,"20,296 mi.",Gasoline,8-Speed Automatic,None reported,No,"$30,599",400.0,2.0,I4,S4 3.0T Premium Plus,333.0HP 3.0L V6 Cylinder Engine Gasoline Fuel
Volkswagen,2019,"55,234 mi.",Gasoline,8-Speed Automatic,None reported,No,"$19,290",200.0,1.4,I4,Gallardo LP570-4 Superleggera,562.0HP 5.2L 10 Cylinder Engine Gasoline Fuel
Jeep,2005,"162,482 mi.",Gasoline,6-Speed M/T,None reported,Yes,"$11,000",190.0,4.0,6 CYLINDER,C-Class C 250 Luxury,201.0HP 1.8L 4 Cylinder Engine Gasoline Fuel
Lincoln,2002,"42,000 mi.",Gasoline,A/T,At least 1 accident or damage reported,Yes,"$11,000",252.0,3.9,8 CYLINDER,500X Trekking Plus,180.0HP 2.4L 4 Cylinder Engine Gasoline Fuel
Ford,2022,470 mi.,electric,1-Speed A/T,None reported,Yes,"$71,900",563.0,3.5,V6,F-150 XLT,325.0HP 2.7L V6 Cylinder Engine Gasoline Fuel
Mercedes-Benz,2006,"98,300 mi.",Gasoline,Transmission w/Dual Shift Mode,At least 1 accident or damage reported,Yes,"$15,900",362.0,5.4,8 CYLINDER,F-250 XL Crew Cab Super Duty,325.0HP 6.0L 8 Cylinder Engine Diesel Fuel
Audi,2013,"53,900 mi.",Gasoline,7-Speed A/T,None reported,No,"$27,450",420.0,4.0,8 CYLINDER,E350 Super Duty Base,305.0HP 6.8L 10 Cylinder Engine Gasoline Fuel
BMW,2013,"82,849 mi.",Gasoline,8-Speed A/T,None reported,Yes,"$19,999",300.0,3.0,6 CYLINDER,Sorento SXL,290.0HP 3.3L V6 Cylinder Engine Gasoline Fuel
Porsche,2009,"25,500 mi.",Gasoline,6-Speed M/T,None reported,Yes,"$79,995",385.0,3.8,6 CYLINDER,C-Class C 300 4MATIC Sport,241.0HP 2.0L 4 Cylinder Engine Gasoline Fuel
Kia,2020,"53,452 mi.",Gasoline,A/T,At least 1 accident or damage reported,Yes,"$16,995",147.0,2.0,4 CYLINDER,Altima 2.5 SL,182.0HP 2.5L 4 Cylinder Engine Gasoline Fuel
Chevrolet,2004,"40,011 mi.",Gasoline,4-Speed A/T,None reported,Yes,"$23,500",350.0,5.7,8 CYLINDER,Tiguan 2.0T SEL Premium R-Line,184.0HP 2.0L 4 Cylinder Engine Gasoline Fuel
Hyundai,2018,"45,800 mi.",Gasoline,A/T,At least 1 accident or damage reported,Yes,"$20,900",240.0,2.0,4 CYLINDER,328 i xDrive,240.0HP 2.0L 4 Cylinder Engine Gasoline Fuel
RAM,2022,"15,741 mi.",Gasoline,8-Speed Automatic,None reported,No,"$45,999",395.0,5.7,V8,Q4 e-tron 50 Premium Plus,295.0HP Electric Motor Electric Fuel System
Kia,2023,"11,100 mi.",Gasoline,Transmission w/Dual Shift Mode,None reported,Yes,"$40,200",281.0,2.5,4 CYLINDER,Pathfinder S,284.0HP 3.5L V6 Cylinder Engine Gasoline Fuel
Ford,2020,"36,000 mi.",E85 Flex Fuel,A/T,None reported,Yes,"$44,000",385.0,6.2,8 CYLINDER,Ascent Touring 7-Passenger,260.0HP 2.4L 4 Cylinder Engine Gasoline Fuel
BMW,2013,"69,750 mi.",Gasoline,8-Speed A/T,At least 1 accident or damage reported,Yes,"$15,999",300.0,3.0,6 CYLINDER,E350 Super Duty XLT,255.0HP 5.4L 8 Cylinder Engine Flex Fuel Capability
Mercedes-Benz,2021,"19,162 mi.",Gasoline,Transmission w/Dual Shift Mode,None reported,Yes,"$38,500",255.0,2.0,4 CYLINDER,HUMMER EV Edition 1,Electric Motor Electric Fuel System
Audi,2023,"6,046 mi.",Hybrid,Automatic,None reported,No,"$51,598",333.0,2.0,V6,M3 CS,453.0HP 3.0L Straight 6 Cylinder Engine Gasoline Fuel
Ford,2020,"17,000 mi.",Gasoline,10-Speed A/T,At least 1 accident or damage reported,Yes,"$21,000",300.0,2.3,4 CYLINDER,TLX V6 Advance,290.0HP 3.5L V6 Cylinder Engine Gasoline Fuel
Audi,2019,"10,832 mi.",Hybrid,7-Speed A/T,None reported,Yes,"$42,500",335.0,3.0,V6,Silverado 1500 ZR2,6.2L V8 16V GDI OHV
Toyota,2004,"173,452 mi.",Gasoline,4-Speed A/T,At least 1 accident or damage reported,Yes,"$4,000",130.0,1.8,4 CYLINDER,Wrangler SE,120.0HP 2.5L 4 Cylinder Engine Gasoline Fuel
Kia,2017,"103,338 mi.",Gasoline,6-Speed Automatic,At least 1 accident or damage reported,No,"$17,238",244.0,2.0,I4,Edge Sport,315.0HP 2.7L V6 Cylinder Engine Gasoline Fuel
Ford,2022,"28,000 mi.",Gasoline,A/T,None reported,Yes,"$53,500",400.0,3.5,V6,911 Carrera Cabriolet,300.0HP 3.4L Flat 6 Cylinder Engine Gasoline Fuel
Audi,2019,"51,984 mi.",Hybrid,8-Speed A/T,None reported,Yes,"$44,870",335.0,3.0,V6,Murano SL,3.5L V6 24V MPFI DOHC
Chevrolet,2020,"8,974 mi.",Gasoline,A/T,At least 1 accident or damage reported,Yes,"$79,900",490.0,6.2,8 CYLINDER,G8 GT,355.0HP 6.0L 8 Cylinder Engine Gasoline Fuel
Scion,2014,"99,999 mi.",Gasoline,6-Speed M/T,None reported,Yes,"$10,998",179.0,2.5,4 CYLINDER,E-Class E 350,255.0HP 2.0L 4 Cylinder Engine Gasoline Fuel
Mercedes-Benz,2017,"59,400 mi.",Gasoline,7-Speed A/T,At least 1 accident or damage reported,Yes,"$21,000",241.0,2.0,4 CYLINDER,720S Performance,4.0L V8 32V MPFI DOHC Twin Turbo
Nissan,2020,"47,147 mi.",Gasoline,Automatic CVT,None reported,Yes,"$23,625",284.0,3.5,V6,Commander Sport,235.0HP 4.7L 8 Cylinder Engine Flex Fuel Capability
Ford,2018,"53,782 mi.",Gasoline,6-Speed M/T,At least 1 accident or damage reported,Yes,"$29,950",460.0,5.0,8 CYLINDER,A5 45 S line Premium Plus,261.0HP 2.0L 4 Cylinder Engine Gasoline/Mild Electric Hybrid
Ford,2011,"160,000 mi.",Gasoline,A/T,None reported,Yes,"$4,700",365.0,3.5,V6,M550 i xDrive,456.0HP 4.4L 8 Cylinder Engine Gasoline Fuel
Chevrolet,2015,500 mi.,Gasoline,6-Speed A/T,At least 1 accident or damage reported,Yes,"$37,000",355.0,5.3,8 CYLINDER,Jetta 1.4T R-Line,147.0HP 1.4L 4 Cylinder Engine Gasoline Fuel
Ford,2020,"42,000 mi.",Gasoline,A/T,None reported,No,"$19,000",181.0,1.5,3 CYLINDER,Taycan 4S,482.0HP Electric Motor Electric Fuel System
Dodge,2018,"64,000 mi.",E85 Flex Fuel,A/T,None reported,Yes,"$35,000",283.0,3.6,V6,CTS 2.0L Turbo Luxury,265.0HP 2.0L 4 Cylinder Engine Gasoline Fuel
Hyundai,2021,"28,600 mi.",Hybrid,A/T,None reported,Yes,"$23,999",395.0,1.6,4 CYLINDER,IS-F Base,416.0HP 5.0L 8 Cylinder Engine Gasoline Fuel
GMC,2019,"26,339 mi.",Gasoline,8-Speed A/T,At least 1 accident or damage reported,Yes,"$36,750",308.0,3.6,V6,Explorer XLT,300.0HP 2.3L 4 Cylinder Engine Gasoline Fuel
Alfa,2018,"28,644 mi.",Gasoline,8-Speed A/T,None reported,No,"$41,500",240.0,2.9,V6,911 Turbo Cabriolet,480.0HP 3.6L Flat 6 Cylinder Engine Gasoline Fuel
Subaru,2008,"148,740 mi.",Gasoline,5-Speed M/T,At least 1 accident or damage reported,Yes,"$14,500",224.0,2.5,4 CYLINDER,LaCrosse Leather,182.0HP 2.4L 4 Cylinder Engine Gasoline/Mild Electric Hybrid
GMC,2021,"16,919 mi.",Diesel,10-Speed A/T,At least 1 accident or damage reported,Yes,"$73,000",445.0,6.6,8 CYLINDER,RX-8 Sport,212.0HP 1.3L Rotary engine Gasoline Fuel
Chevrolet,2005,"170,000 mi.",Gasoline,4-Speed A/T,At least 1 accident or damage reported,Yes,"$9,000",285.0,4.8,8 CYLINDER,Mustang GT Premium,460.0HP 5.0L 8 Cylinder Engine Gasoline Fuel
Mercedes-Benz,2013,"130,000 mi.",Gasoline,A/T,At least 1 accident or damage reported,Yes,"$26,900",429.0,4.6,8 CYLINDER,Mazda6 Touring,2.5L I4 16V GDI DOHC
Ford,2022,"1,889 mi.",Plug-In Hybrid,CVT Transmission,None reported,Yes,"$32,850",221.0,2.5,4 CYLINDER,Ranger Edge SuperCab,148.0HP 3.0L V6 Cylinder Engine Gasoline Fuel
Dodge,2018,"62,197 mi.",Gasoline,8-Speed Automatic,None reported,Yes,"$26,691",357.5,3.6,V6,Golf GTI 2.0T SE w/Performance Package 4-Door,220.0HP 2.0L 4 Cylinder Engine Gasoline Fuel
Ford,2016,"71,000 mi.",E85 Flex Fuel,A/T,At least 1 accident or damage reported,Yes,"$24,350",385.0,5.0,8 CYLINDER,Thunderbird Deluxe,280.0HP 3.9L 8 Cylinder Engine Gasoline Fuel
Lexus,2016,"83,400 mi.",Gasoline,A/T,At least 1 accident or damage reported,Yes,"$22,495",235.0,2.0,4 CYLINDER,H2 Base,393.0HP 6.2L 8 Cylinder Engine Gasoline Fuel
Cadillac,2019,"74,414 mi.",Gasoline,8-Speed A/T,None reported,Yes,"$26,000",310.0,3.6,V6,X5 sDrive35i,300.0HP 3.0L Straight 6 Cylinder Engine Gasoline Fuel
Ford,2010,"29,816 mi.",Gasoline,6-Speed M/T,None reported,Yes,"$38,000",540.0,5.4,8 CYLINDER,X3 xDrive30i,2.0L I4 16V GDI DOHC Turbo
Ford,2015,"68,749 mi.",Diesel,Transmission w/Dual Shift Mode,None reported,Yes,"$45,000",440.0,6.7,8 CYLINDER,Accent GLS,138.0HP 1.6L 4 Cylinder Engine Gasoline Fuel
BMW,2005,"190,395 mi.",Gasoline,A/T,None reported,Yes,"$5,000",184.0,2.5,6 CYLINDER,1500 Big Horn,395.0HP 5.7L 8 Cylinder Engine Gasoline Fuel
Lamborghini,2015,"34,152 mi.",Gasoline,7-Speed A/T,None reported,Yes,"$185,500",602.0,5.2,10 CYLINDER,Bronco Heritage Edition Advanced,275.0HP 2.3L 4 Cylinder Engine Gasoline Fuel
Toyota,2007,"98,528 mi.",Gasoline,5-Speed A/T,At least 1 accident or damage reported,Yes,"$7,450",158.0,2.4,4 CYLINDER,Countryman Cooper S ALL4,181.0HP 1.6L 4 Cylinder Engine Gasoline Fuel
BMW,2011,"91,500 mi.",Gasoline,6-Speed A/T,At least 1 accident or damage reported,Yes,"$13,599",300.0,3.0,6 CYLINDER,Escalade Premium,403.0HP 6.2L 8 Cylinder Engine Flex Fuel Capability
Chevrolet,2017,"50,850 mi.",Gasoline,6-Speed M/T,None reported,Yes,"$37,000",455.0,6.2,8 CYLINDER,GLE 350 GLE 350,2.0 Liter Turbo
Mazda,1999,"130,000 mi.",Gasoline,A/T,At least 1 accident or damage reported,Yes,"$9,000",140.0,1.8,4 CYLINDER,4Runner Limited,270.0HP 4.0L V6 Cylinder Engine Gasoline Fuel
Toyota,2005,"199,400 mi.",Gasoline,A/T,At least 1 accident or damage reported,Yes,"$8,500",282.0,4.7,8 CYLINDER,A8 L 55,335.0HP 3.0L V6 Cylinder Engine Gasoline/Mild Electric Hybrid
RAM,2013,"84,220 mi.",Gasoline,6-Speed A/T,At least 1 accident or damage reported,Yes,"$26,500",383.0,5.7,8 CYLINDER,ES 350 Base,302.0HP 3.5L V6 Cylinder Engine Gasoline Fuel
Mercedes-Benz,2016,"67,280 mi.",Gasoline,7-Speed A/T,None reported,Yes,"$41,999",449.0,4.7,8 CYLINDER,4Runner Limited Nightshade,4.0L V6 24V MPFI DOHC
Volkswagen,2021,"16,538 mi.",Gasoline,Automatic,None reported,No,"$25,998",200.0,2.0,V6,500 Sport,101.0HP 1.4L 4 Cylinder Engine Gasoline Fuel
Toyota,2018,"66,000 mi.",Gasoline,6-Speed A/T,None reported,Yes,"$51,000",381.0,5.7,8 CYLINDER,Maverick XLT,191.0HP 2.5L 4 Cylinder Engine Gas/Electric Hybrid
Cadillac,2018,"53,450 mi.",Gasoline,10-Speed A/T,None reported,Yes,"$49,999",420.0,6.2,8 CYLINDER,Mustang GT,300.0HP 4.6L 8 Cylinder Engine Gasoline Fuel
Volkswagen,2018,"63,277 mi.",Gasoline,6-Speed A/T,None reported,Yes,"$20,900",170.0,1.8,4 CYLINDER,Wrangler Sport,2.0L I4 16V GDI DOHC Turbo
Nissan,2020,"30,900 mi.",Gasoline,A/T,None reported,Yes,"$21,000",182.0,2.5,4 CYLINDER,Grand Cherokee Limited,290.0HP 3.6L V6 Cylinder Engine Flex Fuel Capability
Mercedes-Benz,2019,"60,854 mi.",Gasoline,Automatic,None reported,No,"$25,498",362.0,2.0,V6,Mustang Mach-E GT,480.0HP Electric Motor Electric Fuel System
Ford,2015,"85,000 mi.",Gasoline,6-Speed A/T,None reported,Yes,"$31,000",365.0,3.5,V6,Compass Sport,172.0HP 2.4L 4 Cylinder Engine Gasoline Fuel
Toyota,2016,"108,130 mi.",Gasoline,Transmission w/Dual Shift Mode,None reported,Yes,"$18,500",176.0,2.5,4 CYLINDER,LS 430 Base,278.0HP 4.3L 8 Cylinder Engine Gasoline Fuel
Toyota,2023,"11,400 mi.",Gasoline,A/T,None reported,Yes,"$46,000",270.0,4.0,V6,Cullinan,6.7L V12 48V GDI DOHC Twin Turbo
Mercedes-Benz,2013,"63,300 mi.",Gasoline,7-Speed A/T,None reported,Yes,"$22,800",362.0,4.6,8 CYLINDER,F-250 King Ranch,475.0HP 6.7L 8 Cylinder Engine Diesel Fuel
Tesla,2020,"27,500 mi.",electric,A/T,None reported,Yes,"$44,000",455.0,3.5,V6,X5 xDrive50i,400.0HP 4.4L 8 Cylinder Engine Gasoline Fuel
BMW,2012,"122,600 mi.",Gasoline,8-Speed A/T,At least 1 accident or damage reported,Yes,"$12,900",300.0,3.0,6 CYLINDER,911 Carrera,350.0HP 3.4L Flat 6 Cylinder Engine Gasoline Fuel
Dodge,2006,"145,565 mi.",Gasoline,A/T,At least 1 accident or damage reported,Yes,"$4,500",250.0,3.5,V6,Focus ST Base,252.0HP 2.0L 4 Cylinder Engine Gasoline Fuel
Ford,2016,"66,500 mi.",Gasoline,6-Speed A/T,None reported,Yes,"$27,000",310.0,3.5,V6,ES 300h Base,200.0HP 2.5L 4 Cylinder Engine Gas/Electric Hybrid
BMW,2017,"75,000 mi.",Gasoline,A/T,None reported,Yes,"$20,000",248.0,2.0,4 CYLINDER,CC Sport,200.0HP 2.0L 4 Cylinder Engine Gasoline Fuel
BMW,2013,"67,000 mi.",Gasoline,A/T,At least 1 accident or damage reported,Yes,"$24,500",555.0,4.4,8 CYLINDER,Golf SportWagen TSI S 4-Door,170.0HP 1.8L 4 Cylinder Engine Gasoline Fuel
Audi,2019,"24,500 mi.",Gasoline,A/T,None reported,Yes,"$31,000",248.0,2.0,4 CYLINDER,911 Carrera S,400.0HP 3.8L Flat 6 Cylinder Engine Gasoline Fuel
Audi,2013,"37,500 mi.",Gasoline,7-Speed A/T,None reported,Yes,"$26,000",333.0,3.0,V6,Prius Plug-in Base,134.0HP 1.8L 4 Cylinder Engine Plug-In Electric/Gas
Nissan,2013,"101,000 mi.",Gasoline,Transmission w/Dual Shift Mode,None reported,Yes,"$59,000",545.0,3.8,V6,F-250 XLT,450.0HP 6.7L 8 Cylinder Engine Diesel Fuel
Tesla,2020,"25,000 mi.",electric,1-Speed A/T,None reported,Yes,"$49,995",425.0,3.5,V6,S-Class S 560 4MATIC,463.0HP 4.0L 8 Cylinder Engine Gasoline Fuel
Toyota,2000,"245,000 mi.",Gasoline,A/T,At least 1 accident or damage reported,Yes,"$2,500",200.0,3.0,V6,911 Carrera,379.0HP 3.0L Flat 6 Cylinder Engine Gasoline Fuel
Buick,2016,"103,814 mi.",Gasoline,6-Speed A/T,At least 1 accident or damage reported,Yes,"$14,995",200.0,1.6,4 CYLINDER,Mustang GT,412.0HP 5.0L 8 Cylinder Engine Gasoline Fuel
Toyota,2021,"27,000 mi.",Gasoline,A/T,None reported,Yes,"$48,500",270.0,4.0,V6,CTS 2.0L Turbo Luxury,2.0L I4 16V GDI DOHC Turbo
BMW,2021,"60,942 mi.",Gasoline,8-Speed Automatic,None reported,Yes,"$32,085",335.0,2.0,I4,Jetta 1.4T R-Line,1.4L I4 16V GDI DOHC Turbo
BMW,2011,"100,780 mi.",Gasoline,8-Speed A/T,At least 1 accident or damage reported,Yes,"$12,000",300.0,3.0,6 CYLINDER,Wrangler X,190.0HP 4.0L Straight 6 Cylinder Engine Gasoline Fuel
Tesla,2018,"65,000 mi.",electric,A/T,None reported,Yes,"$41,000",518.0,3.5,V6,LS V8,252.0HP 3.9L 8 Cylinder Engine Gasoline Fuel
Lexus,2012,"167,000 mi.",Gasoline,A/T,At least 1 accident or damage reported,Yes,"$19,470",301.0,4.6,8 CYLINDER,F-150 Lightning LARIAT,563.0HP Electric Motor Electric Fuel System
Chevrolet,2008,"161,000 mi.",Gasoline,4-Speed A/T,At least 1 accident or damage reported,Yes,"$17,000",390.0,6.0,8 CYLINDER,C-Class C55 AMG Sport,362.0HP 5.4L 8 Cylinder Engine Gasoline Fuel
Subaru,2005,"90,200 mi.",Gasoline,5-Speed M/T,None reported,Yes,"$12,499",227.0,2.0,4 CYLINDER,S6 4.0T Prestige,420.0HP 4.0L 8 Cylinder Engine Gasoline Fuel
Volkswagen,2012,"159,870 mi.",Gasoline,A/T,At least 1 accident or damage reported,Yes,"$9,750",170.0,2.5,5 CYLINDER,335 i xDrive,300.0HP 3.0L Straight 6 Cylinder Engine Gasoline Fuel
Audi,2022,"14,550 mi.",Hybrid,7-Speed A/T,None reported,Yes,"$41,500",201.0,2.0,4 CYLINDER,911 Carrera 4S Cabriolet,385.0HP 3.8L Flat 6 Cylinder Engine Gasoline Fuel
INFINITI,2018,"38,000 mi.",Gasoline,A/T,None reported,Yes,"$32,000",400.0,3.0,V6,Forte LXS,147.0HP 2.0L 4 Cylinder Engine Gasoline Fuel
Chevrolet,2002,"35,515 mi.",Gasoline,M/T,At least 1 accident or damage reported,Yes,"$21,000",310.0,5.7,8 CYLINDER,Corvette Base,350.0HP 5.7L 8 Cylinder Engine Gasoline Fuel
Mercedes-Benz,2008,"33,300 mi.",Gasoline,7-Speed A/T,None reported,Yes,"$34,500",382.0,5.5,8 CYLINDER,Santa Fe Sport 2.0L Turbo,240.0HP 2.0L 4 Cylinder Engine Gasoline Fuel
Mercedes-Benz,2016,"90,189 mi.",Gasoline,A/T,At least 1 accident or damage reported,Yes,"$17,995",241.0,2.0,4 CYLINDER,1500 Laramie,5.7L V8 16V MPFI OHV
Land,2023,"1,148 mi.",Gasoline,Automatic,None reported,No,"$193,063",380.0,4.4,V8,Sorento SX Prestige,281.0HP 2.5L 4 Cylinder Engine Gasoline Fuel
Mercedes-Benz,2001,"59,500 mi.",Gasoline,6-Speed M/T,None reported,Yes,"$6,500",215.0,3.2,V6,F-250 XL,385.0HP 6.2L 8 Cylinder Engine Flex Fuel Capability
Ford,2017,"134,000 mi.",Gasoline,A/T,None reported,Yes,"$26,500",310.0,3.5,V6,X5 xDrive35i,300.0HP 3.0L Straight 6 Cylinder Engine Gasoline Fuel
Buick,2014,"86,281 mi.",Gasoline,6-Speed A/T,None reported,Yes,"$18,900",310.0,3.6,V6,C-Class C 300 4MATIC,255.0HP 2.0L 4 Cylinder Engine Gasoline Fuel
Porsche,2020,"34,580 mi.",Gasoline,A/T,None reported,Yes,"$56,000",335.0,3.0,V6,Q5 S line Premium Plus,2.0 Liter TFSI
Hyundai,2007,"145,000 mi.",Gasoline,A/T,At least 1 accident or damage reported,Yes,"$4,200",242.0,3.3,V6,Explorer XLT,300.0HP 2.3L 4 Cylinder Engine Gasoline Fuel
Mazda,2021,"11,737 mi.",Gasoline,6-Speed Automatic,None reported,Yes,"$33,687",253.0,2.5,I4,A6 55 Premium,335.0HP 3.0L V6 Cylinder Engine Gasoline/Mild Electric Hybrid
Tesla,2020,"25,535 mi.",electric,A/T,None reported,Yes,"$68,969",778.0,3.5,V6,Matrix XR,130.0HP 1.8L 4 Cylinder Engine Gasoline Fuel
Jeep,2016,"67,499 mi.",Gasoline,6-Speed M/T,None reported,Yes,"$27,500",285.0,3.6,V6,Optima SX Turbo,2.0L I4 16V GDI DOHC Turbo
Toyota,2004,"220,450 mi.",Gasoline,A/T,None reported,Yes,"$8,550",245.0,4.0,V6,F-150 Lariat,400.0HP 3.5L V6 Cylinder Engine Gasoline Fuel
Chevrolet,2018,"20,200 mi.",Gasoline,6-Speed A/T,At least 1 accident or damage reported,Yes,"$42,950",355.0,5.3,8 CYLINDER,Q8 3.0T Premium,335.0HP 3.0L V6 Cylinder Engine Gasoline/Mild Electric Hybrid
Jaguar,2000,"40,000 mi.",Gasoline,5-Speed A/T,None reported,Yes,"$15,400",290.0,4.0,8 CYLINDER,Corvette Stingray w/2LT,490.0HP 6.2L 8 Cylinder Engine Gasoline Fuel
Mercedes-Benz,2015,"80,300 mi.",Gasoline,7-Speed A/T,At least 1 accident or damage reported,Yes,"$22,000",355.0,2.0,4 CYLINDER,tC Anniversary Edition,179.0HP 2.5L 4 Cylinder Engine Gasoline Fuel
BMW,2017,"63,150 mi.",Gasoline,A/T,None reported,Yes,"$21,500",248.0,2.0,4 CYLINDER,C-Class C 300,241.0HP 2.0L 4 Cylinder Engine Gasoline Fuel
Volkswagen,2018,"48,210 mi.",Gasoline,Transmission w/Dual Shift Mode,None reported,Yes,"$24,999",276.0,3.6,V6,Murano SV,3.5L V6 24V MPFI DOHC
Nissan,2012,"115,359 mi.",Gasoline,A/T,None reported,Yes,"$9,950",188.0,1.6,4 CYLINDER,Mustang GT,460.0HP 5.0L 8 Cylinder Engine Gasoline Fuel
Subaru,2018,"90,601 mi.",Gasoline,CVT Transmission,None reported,Yes,"$26,000",152.0,2.0,4 CYLINDER,Taurus SHO,365.0HP 3.5L V6 Cylinder Engine Gasoline Fuel
BMW,2000,"132,200 mi.",Gasoline,6-Speed M/T,None reported,Yes,"$26,900",400.0,5.0,8 CYLINDER,Tahoe LTZ,355.0HP 5.3L 8 Cylinder Engine Gasoline Fuel
Mercedes-Benz,2023,"4,000 mi.",Diesel,9-Speed A/T,None reported,Yes,"$65,000",211.0,2.0,4 CYLINDER,Escape SEL,181.0HP 1.5L 3 Cylinder Engine Gasoline Fuel
Volkswagen,2019,"32,000 mi.",Gasoline,Transmission w/Dual Shift Mode,None reported,Yes,"$32,750",174.0,2.0,4 CYLINDER,Grand Caravan SE,283.0HP 3.6L V6 Cylinder Engine Flex Fuel Capability
MINI,2016,"95,070 mi.",Gasoline,6-Speed A/T,None reported,Yes,"$12,750",181.0,1.6,4 CYLINDER,Elantra HEV Limited,139.0HP 1.6L 4 Cylinder Engine Gas/Electric Hybrid
Nissan,2017,"148,000 mi.",Gasoline,A/T,None reported,Yes,"$13,000",170.0,2.5,4 CYLINDER,Canyon Denali,308.0HP 3.6L V6 Cylinder Engine Gasoline Fuel
Lexus,2014,"125,519 mi.",Hybrid,CVT Transmission,At least 1 accident or damage reported,Yes,"$16,000",134.0,1.8,4 CYLINDER,Romeo Giulia Quadrifoglio,505.0HP 2.9L V6 Cylinder Engine Gasoline Fuel
INFINITI,2013,"90,000 mi.",Gasoline,Transmission w/Dual Shift Mode,None reported,Yes,"$14,500",328.0,3.7,V6,Impreza WRX,224.0HP 2.5L 4 Cylinder Engine Gasoline Fuel
Audi,2018,"49,650 mi.",Gasoline,A/T,At least 1 accident or damage reported,Yes,"$23,750",252.0,2.0,4 CYLINDER,Sierra 2500 Denali,445.0HP 6.6L 8 Cylinder Engine Diesel Fuel
Nissan,2015,"149,800 mi.",Gasoline,A/T,At least 1 accident or damage reported,Yes,"$11,600",182.0,2.5,4 CYLINDER,Tahoe LS,285.0HP 4.8L 8 Cylinder Engine Gasoline Fuel
Chevrolet,2019,"37,161 mi.",Gasoline,9-Speed Automatic,None reported,Yes,"$26,990",355.0,2.5,I4,SL-Class SL 550,429.0HP 4.6L 8 Cylinder Engine Gasoline Fuel
Ford,2016,"111,700 mi.",E85 Flex Fuel,A/T,None reported,Yes,"$15,500",169.0,2.5,4 CYLINDER,Escape PHEV SE,221.0HP 2.5L 4 Cylinder Engine Plug-In Electric/Gas
Mercedes-Benz,2016,"72,784 mi.",Gasoline,7-Speed A/T,None reported,Yes,"$34,900",449.0,4.7,8 CYLINDER,Charger GT,3.6L V6 24V MPFI DOHC
Cadillac,2007,"150,000 mi.",Gasoline,A/T,None reported,Yes,"$9,999",403.0,6.2,8 CYLINDER,F-150 XLT,385.0HP 5.0L 8 Cylinder Engine Flex Fuel Capability
Ford,2012,"140,450 mi.",Gasoline,4-Speed A/T,At least 1 accident or damage reported,Yes,"$8,500",136.0,2.0,4 CYLINDER,NX 200t Base,235.0HP 2.0L 4 Cylinder Engine Gasoline Fuel
Lexus,2010,"132,700 mi.",Gasoline,A/T,At least 1 accident or damage reported,Yes,"$10,700",204.0,2.5,V6,XT5 Base,310.0HP 3.6L V6 Cylinder Engine Gasoline Fuel
Dodge,2020,"49,000 mi.",Gasoline,A/T,None reported,Yes,"$40,000",295.0,3.6,V6,Mustang Shelby GT500,540.0HP 5.4L 8 Cylinder Engine Gasoline Fuel
Chevrolet,2023,"2,058 mi.",Gasoline,A/T,None reported,Yes,"$101,999",490.0,6.2,8 CYLINDER,F-250 Lariat,440.0HP 6.7L 8 Cylinder Engine Diesel Fuel
Jeep,2019,"23,442 mi.",Gasoline,A/T,None reported,Yes,"$44,500",285.0,3.6,V6,325 i,184.0HP 2.5L Straight 6 Cylinder Engine Gasoline Fuel
Toyota,2021,"35,048 mi.",Gasoline,5-Speed Automatic,None reported,No,"$52,590",270.0,4.0,V6,Huracan LP610-4,602.0HP 5.2L 10 Cylinder Engine Gasoline Fuel
INFINITI,2016,"91,239 mi.",Gasoline,A/T,None reported,Yes,"$17,500",265.0,3.5,V6,Camry XLE,158.0HP 2.4L 4 Cylinder Engine Gasoline Fuel
Porsche,2022,"2,950 mi.",Gasoline,8-Speed A/T,None reported,Yes,"$131,000",379.0,3.0,6 CYLINDER,335 i,300.0HP 3.0L Straight 6 Cylinder Engine Gasoline Fuel
Ford,2019,"59,678 mi.",Gasoline,Automatic,None reported,Yes,"$33,700",350.0,2.7,V6,Camaro 1SS,455.0HP 6.2L 8 Cylinder Engine Gasoline Fuel
BMW,2022,"2,010 mi.",Gasoline,A/T,None reported,Yes,"$55,000",382.0,3.0,6 CYLINDER,MX-5 Miata Base,140.0HP 1.8L 4 Cylinder Engine Gasoline Fuel
Toyota,2014,"80,354 mi.",Hybrid,A/T,At least 1 accident or damage reported,Yes,"$13,310",134.0,1.8,4 CYLINDER,Tundra SR5 Double Cab,282.0HP 4.7L 8 Cylinder Engine Gasoline Fuel
Ford,2018,"105,674 mi.",Gasoline,10-Speed A/T,None reported,Yes,"$34,995",375.0,3.5,V6,2500 Powerwagon,383.0HP 5.7L 8 Cylinder Engine Gasoline Fuel
Toyota,2013,"92,700 mi.",Gasoline,6-Speed A/T,At least 1 accident or damage reported,Yes,"$20,800",310.0,4.6,8 CYLINDER,S-Class S 550 4MATIC,449.0HP 4.7L 8 Cylinder Engine Gasoline Fuel
Ford,2016,"101,387 mi.",Gasoline,6-Speed A/T,At least 1 accident or damage reported,Yes,"$16,000",245.0,2.0,4 CYLINDER,Passat 2.0T R-Line,2.0 Liter TSI
Buick,2021,"36,544 mi.",Gasoline,9-Speed Automatic,None reported,Yes,"$33,290",228.0,2.0,I4,Tundra Platinum,381.0HP 5.7L 8 Cylinder Engine Gasoline Fuel
Audi,2019,"41,000 mi.",Gasoline,A/T,None reported,Yes,"$39,900",329.0,3.0,V6,Escalade Luxury,420.0HP 6.2L 8 Cylinder Engine Gasoline Fuel
Chrysler,2013,"115,872 mi.",E85 Flex Fuel,A/T,None reported,Yes,"$9,500",283.0,3.6,V6,Golf Alltrack TSI SE,170.0HP 1.8L 4 Cylinder Engine Gasoline Fuel
Chevrolet,2011,"135,603 mi.",Gasoline,A/T,None reported,Yes,"$7,000",136.0,1.8,4 CYLINDER,Altima 2.5 S,182.0HP 2.5L 4 Cylinder Engine Gasoline Fuel
Ford,2020,"26,540 mi.",Gasoline,A/T,None reported,Yes,"$46,995",375.0,3.5,V6,GLA 250 Base 4MATIC,2.0 Liter Turbo
Jaguar,2011,"35,134 mi.",Gasoline,A/T,At least 1 accident or damage reported,Yes,"$12,400",385.0,5.0,8 CYLINDER,F-150 Platinum,365.0HP 3.5L V6 Cylinder Engine Gasoline Fuel
Jeep,2020,"49,990 mi.",Gasoline,8-Speed A/T,None reported,Yes,"$53,000",270.0,2.0,4 CYLINDER,RAV4 SE,176.0HP 2.5L 4 Cylinder Engine Gasoline Fuel
Ford,2011,"153,818 mi.",Diesel,6-Speed A/T,At least 1 accident or damage reported,Yes,"$29,800",400.0,6.7,8 CYLINDER,4Runner TRD Sport,270.0HP 4.0L V6 Cylinder Engine Gasoline Fuel
Jaguar,2017,"58,060 mi.",Gasoline,8-Speed A/T,At least 1 accident or damage reported,Yes,"$26,000",340.0,3.0,V6,GL-Class GL 450 4MATIC,362.0HP 4.6L 8 Cylinder Engine Gasoline Fuel
Porsche,2015,"36,000 mi.",Gasoline,7-Speed A/T,None reported,Yes,"$84,999",400.0,3.8,6 CYLINDER,Model Y Performance,455.0HP Electric Motor Electric Fuel System
Ford,2022,"17,000 mi.",Gasoline,10-Speed A/T,None reported,Yes,"$69,999",315.0,2.7,V6,X5 xDrive 35i Sport Activity,300.0HP 3.0L Straight 6 Cylinder Engine Gasoline Fuel
Suzuki,2013,"99,982 mi.",Gasoline,M/T,At least 1 accident or damage reported,Yes,"$6,900",150.0,2.0,4 CYLINDER,Charger Base,250.0HP 3.5L V6 Cylinder Engine Gasoline Fuel
Ford,2019,"106,000 mi.",Gasoline,A/T,At least 1 accident or damage reported,Yes,"$12,000",166.0,2.0,4 CYLINDER,Transit-250 Base,310.0HP 3.5L V6 Cylinder Engine Gasoline Fuel
Honda,2014,"82,500 mi.",Gasoline,CVT Transmission,None reported,Yes,"$15,000",143.0,1.8,4 CYLINDER,330 i xDrive,248.0HP 2.0L 4 Cylinder Engine Gasoline Fuel
Mercedes-Benz,2018,"41,500 mi.",Diesel,A/T,None reported,Yes,"$61,000",188.0,3.0,V6,CX-5 Grand Touring,2.5L I4 16V GDI DOHC
BMW,2015,"92,984 mi.",Gasoline,Transmission w/Dual Shift Mode,At least 1 accident or damage reported,Yes,"$17,000",240.0,2.0,4 CYLINDER,X5 M Base,555.0HP 4.4L 8 Cylinder Engine Gasoline Fuel
Nissan,2007,"120,000 mi.",Gasoline,A/T,None reported,Yes,"$6,750",240.0,3.5,V6,Q5 2.0T Premium Plus,248.0HP 2.0L 4 Cylinder Engine Gasoline Fuel
Chevrolet,2015,"25,548 mi.",Gasoline,8-Speed A/T,None reported,Yes,"$49,000",455.0,6.2,8 CYLINDER,S5 3.0T Prestige,333.0HP 3.0L V6 Cylinder Engine Gasoline Fuel
Ford,2018,"65,441 mi.",Gasoline,A/T,None reported,Yes,"$38,000",325.0,2.7,V6,GT-R Premium,545.0HP 3.8L V6 Cylinder Engine Gasoline Fuel
Porsche,2020,"39,611 mi.",Gasoline,8-Speed Automatic,None reported,No,"$89,900",365.0,4.0,V8,Model 3 Long Range,425.0HP Electric Motor Electric Fuel System
Toyota,2010,"154,860 mi.",Gasoline,6-Speed A/T,None reported,Yes,"$17,900",310.0,4.6,8 CYLINDER,Camry Solara SLE V6,200.0HP 3.0L V6 Cylinder Engine Gasoline Fuel
Porsche,2021,"7,008 mi.",Gasoline,8-Speed A/T,None reported,No,"$151,900",443.0,3.0,6 CYLINDER,Model Y Long Range,Electric
BMW,2022,"21,057 mi.",Gasoline,Transmission w/Dual Shift Mode,None reported,Yes,"$99,800",617.0,4.4,8 CYLINDER,Cascada Base,200.0HP 1.6L 4 Cylinder Engine Gasoline Fuel
Lexus,2016,"39,750 mi.",Hybrid,A/T,None reported,Yes,"$21,995",134.0,1.8,4 CYLINDER,4Runner Venture,270.0HP 4.0L V6 Cylinder Engine Gasoline Fuel
Aston,2003,"14,900 mi.",Gasoline,6-Speed M/T,None reported,No,"$32,850",420.0,5.9,12 CYLINDER,530 i xDrive,2.0L I4 16V GDI DOHC Turbo
Chevrolet,2018,"71,312 mi.",Gasoline,6-Speed A/T,None reported,Yes,"$17,899",305.0,3.6,V6,535 i xDrive,300.0HP 3.0L Straight 6 Cylinder Engine Gasoline Fuel
Porsche,2015,"43,500 mi.",Gasoline,7-Speed A/T,None reported,Yes,"$66,500",350.0,3.4,6 CYLINDER,Model S 100D,518.0HP Electric Motor Electric Fuel System
BMW,2020,"34,000 mi.",Gasoline,8-Speed A/T,None reported,Yes,"$59,335",335.0,3.0,6 CYLINDER,GX 460 Base,301.0HP 4.6L 8 Cylinder Engine Gasoline Fuel
Subaru,2021,"32,250 mi.",Gasoline,A/T,At least 1 accident or damage reported,Yes,"$36,000",260.0,2.4,4 CYLINDER,Trailblazer SS,390.0HP 6.0L 8 Cylinder Engine Gasoline Fuel
Volkswagen,2011,"194,000 mi.",Gasoline,Transmission w/Dual Shift Mode,At least 1 accident or damage reported,Yes,"$3,500",283.0,3.6,V6,Impreza WRX,227.0HP 2.0L 4 Cylinder Engine Gasoline Fuel
Mercedes-Benz,2023,"2,000 mi.",Hybrid,9-Speed A/T,None reported,Yes,"$175,000",603.0,4.0,8 CYLINDER,Passat 2.5 SE,170.0HP 2.5L 5 Cylinder Engine Gasoline Fuel
Mercedes-Benz,2018,"53,705 mi.",Gasoline,A/T,At least 1 accident or damage reported,Yes,"$25,900",241.0,2.0,4 CYLINDER,911 Carrera Cabriolet,–
Bentley,2023,714 mi.,Gasoline,8-Speed Automatic with Auto-Shift,None reported,Yes,"$349,950",580.0,6.0,W12,Q5 40 Premium,201.0HP 2.0L 4 Cylinder Engine Gasoline/Mild Electric Hybrid
Audi,2022,"10,900 mi.",Gasoline,Transmission w/Dual Shift Mode,None reported,Yes,"$53,900",349.0,3.0,V6,Q60 3.0t Red Sport 400,400.0HP 3.0L V6 Cylinder Engine Gasoline Fuel
Ford,2020,"33,000 mi.",Gasoline,A/T,None reported,Yes,"$62,999",450.0,3.5,V6,Camaro Z28,310.0HP 5.7L 8 Cylinder Engine Gasoline Fuel
BMW,2020,"43,000 mi.",Gasoline,A/T,At least 1 accident or damage reported,Yes,"$40,000",248.0,2.0,4 CYLINDER,Protege DX,–
